trade_idx,ticket,side,volume,recorded_pnl,reconstructed_pnl_spread,reconstructed_pnl_zero_spread,residual_spread,residual_zero_spread,abs_residual,cum_recorded_pnl,cum_reconstructed_pnl_spread,cum_reconstructed_pnl_zero_spread
1,00983845,Buy,0.01,8.26,8.22,8.57,0.04,-0.31,0.04,8.26,8.22,8.57
2,100829495,Sell,0.01,6.53,5.99,6.34,0.54,0.19,0.54,14.79,14.21,14.91
3,100675478,Sell,0.01,-1.44,-1.19,-0.84,-0.25,-0.6,0.25,13.35,13.02,14.07
4,100653865,Buy,0.01,5.2,5.78,6.13,-0.58,-0.93,0.58,18.55,18.8,20.2
5,100453335,Buy,0.01,6.74,7.32,7.67,-0.58,-0.93,0.58,25.29,26.12,27.87
6,100126875,Sell,0.01,5.8,7.02,7.37,-1.22,-1.57,1.22,31.09,33.14,35.24
7,99754992,Buy,0.01,6.64,6.76,7.11,-0.12,-0.47,0.12,37.73,39.9,42.35
8,99738973,Buy,0.01,-4.97,-5.53,-5.18,0.56,0.21,0.56,32.76,34.37,37.17
9,99615317,Sell,0.01,5.71,5.99,6.34,-0.28,-0.63,0.28,38.47,40.36,43.51
10,99208828,Buy,0.01,7.78,7.97,8.32,-0.19,-0.54,0.19,46.25,48.33,51.83
11,99000862,Sell,0.01,4.28,5.42,5.77,-1.14,-1.49,1.14,50.53,53.75,57.6
12,98440487,Buy,0.01,4.39,6.29,6.64,-1.9,-2.25,1.9,54.92,60.04,64.24
13,98366050,Sell,0.01,17.67,21.52,21.87,-3.85,-4.2,3.85,72.59,81.56,86.11
14,98188192,Sell,0.01,7.19,11.45,11.8,-4.26,-4.61,4.26,79.78,93.01,97.91
15,98161217,Sell,0.01,-3.75,-4.02,-3.67,0.27,-0.08,0.27,76.03,88.99,94.24
16,98070555,Buy,0.01,2.5,2.93,3.28,-0.43,-0.78,0.43,78.53,91.92,97.52
17,97982386,Buy,0.01,1.28,1.85,2.2,-0.57,-0.92,0.57,79.81,93.77,99.72
18,97800092,Sell,0.01,1.9,1.85,2.2,0.05,-0.3,0.05,81.71,95.62,101.92
19,97638884,Sell,0.01,5.49,6.51,6.86,-1.02,-1.37,1.02,87.2,102.13,108.78
20,97451919,Buy,0.02,5.5,5.78,6.48,-0.28,-0.98,0.28,92.7,107.91,115.26
21,97352852,Sell,0.02,5.32,5.7,6.4,-0.38,-1.08,0.38,98.02,113.61,121.66
22,97182841,Buy,0.02,5.06,4.26,4.96,0.8,0.1,0.8,103.08,117.87,126.62
23,97143853,Buy,0.01,-1.09,-2.2,-1.85,1.11,0.76,1.11,101.99,115.67,124.77
24,97042659,Buy,0.01,5.93,7.77,8.12,-1.84,-2.19,1.84,107.92,123.44,132.89
25,96882975,Buy,0.01,6.72,6.18,6.53,0.54,0.19,0.54,114.64,129.62,139.42
26,96756936,Buy,0.01,1.02,2.05,2.4,-1.03,-1.38,1.03,115.66,131.67,141.82
27,96653069,Sell,0.01,4.65,4.17,4.52,0.48,0.13,0.48,120.31,135.84,146.34
28,96566692,Sell,0.02,8.0,8.74,9.44,-0.74,-1.44,0.74,128.31,144.58,155.78
29,96484066,Sell,0.01,6.92,10.35,10.7,-3.43,-3.78,3.43,135.23,154.93,166.48
30,96391293,Sell,0.01,2.43,3.25,3.6,-0.82,-1.17,0.82,137.66,158.18,170.08
31,96332229,Buy,0.01,6.7,9.07,9.42,-2.37,-2.72,2.37,144.36,167.25,179.5
32,96325914,Sell,0.01,6.04,5.67,6.02,0.37,0.02,0.37,150.4,172.92,185.52
33,96202433,Buy,0.01,2.24,3.28,3.63,-1.04,-1.39,1.04,152.64,176.2,189.15
34,96113042,Sell,0.01,3.54,4.86,5.21,-1.32,-1.67,1.32,156.18,181.06,194.36
35,96024216,Sell,0.01,6.7,8.46,8.81,-1.76,-2.11,1.76,162.88,189.52,203.17
36,96004348,Sell,0.01,-3.58,-2.85,-2.5,-0.73,-1.08,0.73,159.3,186.67,200.67
37,95918631,Buy,0.01,7.46,8.41,8.76,-0.95,-1.3,0.95,166.76,195.08,209.43
38,95800620,Buy,0.01,4.74,6.8,7.15,-2.06,-2.41,2.06,171.5,201.88,216.58
39,95773198,Buy,0.01,5.6,5.73,6.08,-0.13,-0.48,0.13,177.1,207.61,222.66
40,95709969,Buy,0.01,1.1,-0.16,0.19,1.26,0.91,1.26,178.2,207.45,222.85
41,95612645,Sell,0.01,3.23,4.42,4.77,-1.19,-1.54,1.19,181.43,211.87,227.62
42,95598021,Buy,0.01,4.04,5.82,6.17,-1.78,-2.13,1.78,185.47,217.69,233.79
43,95576013,Sell,0.01,-4.0,-3.03,-2.68,-0.97,-1.32,0.97,181.47,214.66,231.11
44,95511070,Sell,0.01,2.66,4.73,5.08,-2.07,-2.42,2.07,184.13,219.39,236.19
45,95443868,Sell,0.01,5.5,8.23,8.58,-2.73,-3.08,2.73,189.63,227.62,244.77
46,95369124,Buy,0.01,4.76,5.05,5.4,-0.29,-0.64,0.29,194.39,232.67,250.17
47,95298275,Buy,0.01,5.28,6.52,6.87,-1.24,-1.59,1.24,199.67,239.19,257.04
48,95248660,Buy,0.01,3.87,2.51,2.86,1.36,1.01,1.36,203.54,241.7,259.9
49,95168933,Buy,0.01,2.85,2.82,3.17,0.03,-0.32,0.03,206.39,244.52,263.07
50,95107372,Sell,0.01,4.07,4.94,5.29,-0.87,-1.22,0.87,210.46,249.46,268.36
51,95072289,Buy,0.01,9.29,10.68,11.03,-1.39,-1.74,1.39,219.75,260.14,279.39
52,95047920,Buy,0.01,5.58,6.23,6.58,-0.65,-1.0,0.65,225.33,266.37,285.97
53,94991858,Sell,0.01,3.78,5.44,5.79,-1.66,-2.01,1.66,229.11,271.81,291.76
54,94986774,Sell,0.01,4.29,5.42,5.77,-1.13,-1.48,1.13,233.4,277.23,297.53
55,94942223,Sell,0.01,2.96,3.05,3.4,-0.09,-0.44,0.09,236.36,280.28,300.93
56,94927689,Buy,0.01,-2.1,-1.67,-1.32,-0.43,-0.78,0.43,234.26,278.61,299.61
57,94908427,Buy,0.01,1.14,1.72,2.07,-0.58,-0.93,0.58,235.4,280.33,301.68
58,94864297,Sell,0.01,2.1,2.09,2.44,0.01,-0.34,0.01,237.5,282.42,304.12
59,94842197,Sell,0.01,2.32,2.94,3.29,-0.62,-0.97,0.62,239.82,285.36,307.41
60,94810342,Buy,0.01,4.74,3.27,3.62,1.47,1.12,1.47,244.56,288.63,311.03
61,94775324,Sell,0.01,3.71,3.48,3.83,0.23,-0.12,0.23,248.27,292.11,314.86
62,94754184,Buy,0.01,5.38,6.76,7.11,-1.38,-1.73,1.38,253.65,298.87,321.97
63,94694698,Sell,0.01,5.33,6.5,6.85,-1.17,-1.52,1.17,258.98,305.37,328.82
64,94627775,Sell,0.01,2.64,3.96,4.31,-1.32,-1.67,1.32,261.62,309.33,333.13
65,94588522,Buy,0.01,1.36,2.6,2.95,-1.24,-1.59,1.24,262.98,311.93,336.08
66,94571902,Buy,0.01,7.2,7.12,7.47,0.08,-0.27,0.08,270.18,319.05,343.55
67,94518850,Buy,0.01,7.08,6.1,6.45,0.98,0.63,0.98,277.26,325.15,350.0
68,94517647,Sell,0.01,-1.69,-2.31,-1.96,0.62,0.27,0.62,275.57,322.84,348.04
69,94482317,Sell,0.01,-3.54,-3.98,-3.63,0.44,0.09,0.44,272.03,318.86,344.41
70,94467306,Sell,0.01,8.19,7.39,7.74,0.8,0.45,0.8,280.22,326.25,352.15
71,94425120,Buy,0.01,5.39,6.21,6.56,-0.82,-1.17,0.82,285.61,332.46,358.71
72,94382823,Buy,0.01,6.34,5.63,5.98,0.71,0.36,0.71,291.95,338.09,364.69
73,94375434,Sell,0.01,3.94,3.53,3.88,0.41,0.06,0.41,295.89,341.62,368.57
74,94351863,Sell,0.01,5.72,6.85,7.2,-1.13,-1.48,1.13,301.61,348.47,375.77
75,94339039,Sell,0.01,6.64,7.68,8.03,-1.04,-1.39,1.04,308.25,356.15,383.8
76,94292496,Sell,0.01,3.51,4.07,4.42,-0.56,-0.91,0.56,311.76,360.22,388.22
77,94291110,Sell,0.01,-2.74,-2.74,-2.39,-0.0,-0.35,0.0,309.02,357.48,385.83
78,94289139,Sell,0.01,5.04,7.09,7.44,-2.05,-2.4,2.05,314.06,364.57,393.27
79,94258974,Sell,0.01,5.12,8.41,8.76,-3.29,-3.64,3.29,319.18,372.98,402.03
80,94241160,Sell,0.01,4.8,5.41,5.76,-0.61,-0.96,0.61,323.98,378.39,407.79
81,94240579,Buy,0.01,1.95,0.34,0.69,1.61,1.26,1.61,325.93,378.73,408.48
82,94223505,Buy,0.01,-3.29,-0.83,-0.48,-2.46,-2.81,2.46,322.64,377.9,408.0
83,94199359,Sell,0.01,8.63,4.37,4.72,4.26,3.91,4.26,331.27,382.27,412.72
84,94147775,Buy,0.01,5.19,5.66,6.01,-0.47,-0.82,0.47,336.46,387.93,418.73
85,94116926,Buy,0.01,8.67,9.82,10.17,-1.15,-1.5,1.15,345.13,397.75,428.9
86,94074059,Sell,0.01,4.55,5.99,6.34,-1.44,-1.79,1.44,349.68,403.74,435.24
87,94051620,Buy,0.01,8.77,10.38,10.73,-1.61,-1.96,1.61,358.45,414.12,445.97
88,93990129,Buy,0.01,4.22,5.1,5.45,-0.88,-1.23,0.88,362.67,419.22,451.42
89,93935706,Buy,0.01,2.37,8.29,8.64,-5.92,-6.27,5.92,365.04,427.51,460.06
90,93909211,Buy,0.01,-3.38,-4.63,-4.28,1.25,0.9,1.25,361.66,422.88,455.78
91,93873774,Sell,0.01,4.54,5.47,5.82,-0.93,-1.28,0.93,366.2,428.35,461.6
92,93832434,Buy,0.01,3.98,4.7,5.05,-0.72,-1.07,0.72,370.18,433.05,466.65
93,93798546,Buy,0.01,6.82,8.5,8.85,-1.68,-2.03,1.68,377.0,441.55,475.5
94,93776205,Sell,0.01,5.04,4.08,4.43,0.96,0.61,0.96,382.04,445.63,479.93
95,93757800,Sell,0.01,7.6,8.63,8.98,-1.03,-1.38,1.03,389.64,454.26,488.91
96,93700747,Sell,0.01,6.92,8.37,8.72,-1.45,-1.8,1.45,396.56,462.63,497.63
97,93682742,Buy,0.01,3.27,5.12,5.47,-1.85,-2.2,1.85,399.83,467.75,503.1
98,93681010,Sell,0.01,-1.7,-1.18,-0.83,-0.52,-0.87,0.52,398.13,466.57,502.27
99,93650934,Buy,0.01,10.07,8.1,8.45,1.97,1.62,1.97,408.2,474.67,510.72
100,93631282,Sell,0.01,2.51,-0.05,0.3,2.56,2.21,2.56,410.71,474.62,511.02
101,93609754,Buy,0.01,5.87,5.08,5.43,0.79,0.44,0.79,416.58,479.7,516.45
102,93598278,Sell,0.01,-2.4,-1.97,-1.62,-0.43,-0.78,0.43,414.18,477.73,514.83
103,93557927,Buy,0.01,8.09,10.71,11.06,-2.62,-2.97,2.62,422.27,488.44,525.89
104,93510992,Sell,0.01,1.99,-0.61,-0.26,2.6,2.25,2.6,424.26,487.83,525.63
105,93474519,Sell,0.01,0.01,1.01,1.36,-1.0,-1.35,1.0,424.27,488.84,526.99
106,93461391,Buy,0.01,8.15,9.48,9.83,-1.33,-1.68,1.33,432.42,498.32,536.82
107,93443489,Buy,0.01,2.95,-5.0,-4.65,7.95,7.6,7.95,435.37,493.32,532.17
108,93411173,Sell,0.01,2.26,2.75,3.1,-0.49,-0.84,0.49,437.63,496.07,535.27
109,93404708,Sell,0.01,2.41,2.33,2.68,0.08,-0.27,0.08,440.04,498.4,537.95
110,93377409,Sell,0.01,5.21,4.35,4.7,0.86,0.51,0.86,445.25,502.75,542.65
111,93376580,Sell,0.01,-3.03,-0.82,-0.47,-2.21,-2.56,2.21,442.22,501.93,542.18
112,93360769,Sell,0.01,5.42,7.52,7.87,-2.1,-2.45,2.1,447.64,509.45,550.05
113,93345132,Sell,0.01,4.54,5.11,5.46,-0.57,-0.92,0.57,452.18,514.56,555.51
114,93309253,Sell,0.01,5.05,5.59,5.94,-0.54,-0.89,0.54,457.23,520.15,561.45
115,93277546,Sell,0.01,5.5,5.12,5.47,0.38,0.03,0.38,462.73,525.27,566.92
116,93252299,Sell,0.01,3.84,3.74,4.09,0.1,-0.25,0.1,466.57,529.01,571.01
117,93235333,Buy,0.01,6.35,6.37,6.72,-0.02,-0.37,0.02,472.92,535.38,577.73
118,93210316,Sell,0.01,2.66,5.57,5.92,-2.91,-3.26,2.91,475.58,540.95,583.65
119,93199497,Buy,0.01,4.58,6.85,7.2,-2.27,-2.62,2.27,480.16,547.8,590.85
120,93184362,Sell,0.01,-2.98,-4.02,-3.67,1.04,0.69,1.04,477.18,543.78,587.18
121,93169426,Sell,0.01,6.17,7.13,7.48,-0.96,-1.31,0.96,483.35,550.91,594.66
122,93131167,Sell,0.01,3.75,2.49,2.84,1.26,0.91,1.26,487.1,553.4,597.5
123,93121138,Sell,0.01,3.87,3.9,4.25,-0.03,-0.38,0.03,490.97,557.3,601.75
124,93095183,Sell,0.01,4.17,4.41,4.76,-0.24,-0.59,0.24,495.14,561.71,606.51
125,93091481,Sell,0.01,-2.57,-4.22,-3.87,1.65,1.3,1.65,492.57,557.49,602.64
126,93086094,Sell,0.01,4.61,4.29,4.64,0.32,-0.03,0.32,497.18,561.78,607.28
127,93070782,Sell,0.01,5.24,5.8,6.15,-0.56,-0.91,0.56,502.42,567.58,613.43
128,93064584,Buy,0.02,6.5,5.52,6.22,0.98,0.28,0.98,508.92,573.1,619.65
129,93037747,Sell,0.01,4.0,5.49,5.84,-1.49,-1.84,1.49,512.92,578.59,625.49
130,93029514,Buy,0.01,3.09,2.31,2.66,0.78,0.43,0.78,516.01,580.9,628.15
131,93028917,Sell,0.01,-2.66,-2.99,-2.64,0.33,-0.02,0.33,513.35,577.91,625.51
132,92991008,Sell,0.01,5.53,4.14,4.49,1.39,1.04,1.39,518.88,582.05,630.0
133,92943988,Buy,0.01,3.4,2.6,2.95,0.8,0.45,0.8,522.28,584.65,632.95
134,92905766,Sell,0.01,4.06,7.58,7.93,-3.52,-3.87,3.52,526.34,592.23,640.88
135,92901499,Sell,0.01,2.9,2.05,2.4,0.85,0.5,0.85,529.24,594.28,643.28
136,92878258,Sell,0.01,4.72,4.76,5.11,-0.04,-0.39,0.04,533.96,599.04,648.39
137,92873305,Buy,0.01,-2.38,-3.21,-2.86,0.83,0.48,0.83,531.58,595.83,645.53
138,92863125,Buy,0.01,7.45,8.92,9.27,-1.47,-1.82,1.47,539.03,604.75,654.8
139,92816284,Sell,0.01,7.18,5.81,6.16,1.37,1.02,1.37,546.21,610.56,660.96
140,92794484,Sell,0.01,4.14,5.89,6.24,-1.75,-2.1,1.75,550.35,616.45,667.2
141,92755985,Buy,0.01,2.64,2.72,3.07,-0.08,-0.43,0.08,552.99,619.17,670.27
142,92749649,Sell,0.01,2.85,4.11,4.46,-1.26,-1.61,1.26,555.84,623.28,674.73
143,92708453,Sell,0.01,1.18,0.25,0.6,0.93,0.58,0.93,557.02,623.53,675.33
144,92707912,Buy,0.01,-2.09,-1.42,-1.07,-0.67,-1.02,0.67,554.93,622.11,674.26
145,92704162,Sell,0.01,2.59,2.12,2.47,0.47,0.12,0.47,557.52,624.23,676.73
146,92699406,Buy,0.01,3.18,2.38,2.73,0.8,0.45,0.8,560.7,626.61,679.46
147,92660254,Buy,0.01,2.73,4.39,4.74,-1.66,-2.01,1.66,563.43,631.0,684.2
148,92649888,Buy,0.01,4.27,0.33,0.68,3.94,3.59,3.94,567.7,631.33,684.88
149,92626347,Sell,0.01,1.66,2.03,2.38,-0.37,-0.72,0.37,569.36,633.36,687.26
150,92611594,Buy,0.01,2.56,2.7,3.05,-0.14,-0.49,0.14,571.92,636.06,690.31
151,92561346,Sell,0.01,5.57,3.68,4.03,1.89,1.54,1.89,577.49,639.74,694.34
152,92535886,Sell,0.01,4.16,4.28,4.63,-0.12,-0.47,0.12,581.65,644.02,698.97
153,92461110,Buy,0.01,3.81,3.87,4.22,-0.06,-0.41,0.06,585.46,647.89,703.19
154,92408965,Sell,0.01,3.79,6.92,7.27,-3.13,-3.48,3.13,589.25,654.81,710.46
155,92396538,Sell,0.01,1.28,1.52,1.87,-0.24,-0.59,0.24,590.53,656.33,712.33
156,92342438,Sell,0.01,4.84,4.79,5.14,0.05,-0.3,0.05,595.37,661.12,717.47
157,92331897,Sell,0.01,3.38,3.49,3.84,-0.11,-0.46,0.11,598.75,664.61,721.31
158,92319804,Buy,0.01,-2.54,-1.31,-0.96,-1.23,-1.58,1.23,596.21,663.3,720.35
159,92286476,Sell,0.01,1.77,2.53,2.88,-0.76,-1.11,0.76,597.98,665.83,723.23
160,92274667,Buy,0.01,8.74,10.26,10.61,-1.52,-1.87,1.52,606.72,676.09,733.84
161,92218142,Sell,0.01,4.15,4.66,5.01,-0.51,-0.86,0.51,610.87,680.75,738.85
162,92181621,Buy,0.01,5.54,2.22,2.57,3.32,2.97,3.32,616.41,682.97,741.42
163,92125361,Sell,0.01,3.82,3.78,4.13,0.04,-0.31,0.04,620.23,686.75,745.55
164,92117158,Buy,0.01,2.98,2.44,2.79,0.54,0.19,0.54,623.21,689.19,748.34
165,92099847,Buy,0.01,2.23,1.91,2.26,0.32,-0.03,0.32,625.44,691.1,750.6
166,92067522,Buy,0.01,7.36,10.29,10.64,-2.93,-3.28,2.93,632.8,701.39,761.24
167,92029007,Sell,0.01,4.28,7.78,8.13,-3.5,-3.85,3.5,637.08,709.17,769.37
168,92024986,Buy,0.01,3.9,3.14,3.49,0.76,0.41,0.76,640.98,712.31,772.86
169,91984519,Buy,0.01,5.78,7.12,7.47,-1.34,-1.69,1.34,646.76,719.43,780.33
170,91973017,Sell,0.01,3.17,5.42,5.77,-2.25,-2.6,2.25,649.93,724.85,786.1
171,91954421,Buy,0.01,2.91,9.06,9.41,-6.15,-6.5,6.15,652.84,733.91,795.51
172,91919177,Buy,0.01,2.69,6.94,7.29,-4.25,-4.6,4.25,655.53,740.85,802.8
173,91873683,Sell,0.01,7.53,5.85,6.2,1.68,1.33,1.68,663.06,746.7,809.0
174,91863976,Sell,0.01,3.89,6.22,6.57,-2.33,-2.68,2.33,666.95,752.92,815.57
175,91824729,Buy,0.01,3.78,1.7,2.05,2.08,1.73,2.08,670.73,754.62,817.62
176,91806444,Buy,0.01,5.19,3.2,3.55,1.99,1.64,1.99,675.92,757.82,821.17
177,91797166,Buy,0.01,0.82,-0.01,0.34,0.83,0.48,0.83,676.74,757.81,821.51
178,91776198,Sell,0.01,-1.53,-0.99,-0.64,-0.54,-0.89,0.54,675.21,756.82,820.87
179,91740834,Sell,0.01,4.4,7.43,7.78,-3.03,-3.38,3.03,679.61,764.25,828.65
180,91655142,Buy,0.01,3.8,4.9,5.25,-1.1,-1.45,1.1,683.41,769.15,833.9
181,91645065,Sell,0.01,4.0,4.71,5.06,-0.71,-1.06,0.71,687.41,773.86,838.96
182,91596159,Sell,0.01,2.19,2.25,2.6,-0.06,-0.41,0.06,689.6,776.11,841.56
183,91585973,Buy,0.01,3.38,1.54,1.89,1.84,1.49,1.84,692.98,777.65,843.45
184,91531357,Sell,0.01,2.0,-2.71,-2.36,4.71,4.36,4.71,694.98,774.94,841.09
185,91515698,Sell,0.01,4.27,1.8,2.15,2.47,2.12,2.47,699.25,776.74,843.24
186,91488864,Buy,0.01,3.37,2.07,2.42,1.3,0.95,1.3,702.62,778.81,845.66
187,91448019,Sell,0.01,1.1,0.87,1.22,0.23,-0.12,0.23,703.72,779.68,846.88
188,91431248,Buy,0.01,4.42,4.43,4.78,-0.01,-0.36,0.01,708.14,784.11,851.66
189,91397685,Buy,0.01,2.98,2.21,2.56,0.77,0.42,0.77,711.12,786.32,854.22
190,91356501,Sell,0.01,2.56,4.34,4.69,-1.78,-2.13,1.78,713.68,790.66,858.91
191,91352434,Buy,0.01,3.06,6.25,6.6,-3.19,-3.54,3.19,716.74,796.91,865.51
192,91276550,Buy,0.01,5.46,4.32,4.67,1.14,0.79,1.14,722.2,801.23,870.18
193,91267485,Buy,0.01,4.78,5.02,5.37,-0.24,-0.59,0.24,726.98,806.25,875.55
194,91267065,Buy,0.01,-1.88,-0.66,-0.31,-1.22,-1.57,1.22,725.1,805.59,875.24
195,91227583,Buy,0.01,2.31,2.9,3.25,-0.59,-0.94,0.59,727.41,808.49,878.49
196,91206718,Buy,0.01,2.93,2.91,3.26,0.02,-0.33,0.02,730.34,811.4,881.75
197,91202282,Sell,0.01,2.25,3.19,3.54,-0.94,-1.29,0.94,732.59,814.59,885.29
198,91200522,Buy,0.01,0.06,0.49,0.84,-0.43,-0.78,0.43,732.65,815.08,886.13
199,91162669,Buy,0.01,5.42,8.48,8.84,-3.06,-3.42,3.06,738.07,823.56,894.97
200,91124606,Buy,0.01,8.9,6.5,6.85,2.4,2.05,2.4,746.97,830.06,901.82
201,91045329,Buy,0.01,1.86,2.73,3.08,-0.87,-1.22,0.87,748.83,832.79,904.9
202,91024794,Sell,0.01,4.19,-1.26,-0.91,5.45,5.1,5.45,753.02,831.53,903.99
203,91022147,Buy,0.01,1.88,4.0,4.35,-2.12,-2.47,2.12,754.9,835.53,908.34
204,90970712,Sell,0.01,3.9,9.55,9.9,-5.65,-6.0,5.65,758.8,845.08,918.24
205,90967915,Sell,0.01,-0.77,-0.03,0.32,-0.74,-1.09,0.74,758.03,845.05,918.56
206,90964953,Sell,0.01,2.34,2.12,2.47,0.22,-0.13,0.22,760.37,847.17,921.03
207,90928037,Sell,0.01,1.74,3.21,3.56,-1.47,-1.82,1.47,762.11,850.38,924.59
208,90927563,Sell,0.01,-1.09,-1.7,-1.35,0.61,0.26,0.61,761.02,848.68,923.24
209,90900649,Sell,0.01,7.5,8.13,8.48,-0.63,-0.98,0.63,768.52,856.81,931.72
210,90783770,Sell,0.01,3.32,0.78,1.13,2.54,2.19,2.54,771.84,857.59,932.85
211,90765592,Sell,0.01,3.67,5.36,5.71,-1.69,-2.04,1.69,775.51,862.95,938.56
212,90724112,Buy,0.01,1.53,-0.36,-0.01,1.89,1.54,1.89,777.04,862.59,938.55
213,90689174,Buy,0.01,1.47,0.97,1.32,0.5,0.15,0.5,778.51,863.56,939.87
214,90670870,Buy,0.01,4.39,4.27,4.62,0.12,-0.23,0.12,782.9,867.83,944.49
215,90468624,Sell,0.01,5.27,0.67,1.02,4.6,4.25,4.6,788.17,868.5,945.51
216,90450144,Buy,0.01,-2.03,-0.69,-0.34,-1.34,-1.69,1.34,786.14,867.81,945.17
217,90446737,Sell,0.01,4.07,3.66,4.01,0.41,0.06,0.41,790.21,871.47,949.18
218,90383944,Buy,0.01,6.24,-9.97,-9.62,16.21,15.86,16.21,796.45,861.5,939.56
219,90367910,Buy,0.01,3.72,-2.3,-1.95,6.02,5.67,6.02,800.17,859.2,937.61
220,90303019,Buy,0.01,9.85,-6.01,-5.66,15.86,15.51,15.86,810.02,853.19,931.95
221,90297337,Buy,0.01,2.62,-5.07,-4.72,7.69,7.34,7.69,812.64,848.12,927.23
222,90194077,Buy,0.01,3.0,-5.91,-5.56,8.91,8.56,8.91,815.64,842.21,921.67
223,90192607,Sell,0.01,-1.31,1.05,1.4,-2.36,-2.71,2.36,814.33,843.26,923.07
224,90188256,Buy,0.01,3.9,-7.4,-7.05,11.3,10.95,11.3,818.23,835.86,916.02
225,90081363,Buy,0.01,4.79,-12.56,-12.21,17.35,17.0,17.35,823.02,823.3,903.81
226,90080406,Buy,0.01,-0.32,4.86,5.21,-5.18,-5.53,5.18,822.7,828.16,909.02
227,90054432,Sell,0.01,0.31,2.11,2.46,-1.8,-2.15,1.8,823.01,830.27,911.48
228,90052400,Buy,0.01,3.09,0.54,0.89,2.55,2.2,2.55,826.1,830.81,912.37
229,89797106,Sell,0.01,9.16,-7.62,-7.27,16.78,16.43,16.78,835.26,823.19,905.1
230,89770716,Buy,0.01,1.55,-5.25,-4.9,6.8,6.45,6.8,836.81,817.94,900.2
231,89517529,Sell,0.01,3.22,-31.54,-31.19,34.76,34.41,34.76,840.03,786.4,869.01
232,88577933,Sell,0.01,1.81,-0.49,-0.14,2.3,1.95,2.3,841.84,785.91,868.87
233,88511817,Buy,0.01,1.42,-16.98,-16.63,18.4,18.05,18.4,843.26,768.93,852.24
234,88335699,Buy,0.01,3.73,-2.59,-2.24,6.32,5.97,6.32,846.99,766.34,850.0
235,88320644,Buy,0.01,0.72,1.81,2.16,-1.09,-1.44,1.09,847.71,768.15,852.16
236,88172039,Sell,0.01,1.64,0.73,1.08,0.91,0.56,0.91,849.35,768.88,853.24
237,88163179,Sell,0.01,-2.0,-1.19,-0.84,-0.81,-1.16,0.81,847.35,767.69,852.4
238,88154082,Sell,0.01,0.99,-0.88,-0.53,1.87,1.52,1.87,848.34,766.81,851.87
239,88144292,Sell,0.01,0.35,-2.82,-2.47,3.17,2.82,3.17,848.69,763.99,849.4
240,88015942,Sell,0.01,-0.69,-0.19,0.16,-0.5,-0.85,0.5,848.0,763.8,849.56
241,88014898,Buy,0.01,1.37,-1.05,-0.7,2.42,2.07,2.42,849.37,762.75,848.86
242,87966615,Sell,0.01,1.02,-3.86,-3.51,4.88,4.53,4.88,850.39,758.89,845.35
243,87764166,Buy,0.01,0.76,0.49,0.84,0.27,-0.08,0.27,851.15,759.38,846.19
244,87728889,Buy,0.01,1.79,-9.37,-9.02,11.16,10.81,11.16,852.94,750.01,837.17
245,87728679,Buy,0.01,-1.53,-0.78,-0.43,-0.75,-1.1,0.75,851.41,749.23,836.74
246,87725200,Buy,0.01,-1.27,-0.31,0.04,-0.96,-1.31,0.96,850.14,748.92,836.78
247,87715345,Buy,0.01,1.86,-0.03,0.32,1.89,1.54,1.89,852.0,748.89,837.1
248,87640068,Buy,0.01,1.11,0.86,1.21,0.25,-0.1,0.25,853.11,749.75,838.31
249,87634841,Sell,0.01,2.84,9.66,10.01,-6.82,-7.17,6.82,855.95,759.41,848.32
250,87455839,Sell,0.01,1.58,3.95,4.3,-2.37,-2.72,2.37,857.53,763.36,852.62
251,87436917,Sell,0.01,-2.6,-1.9,-1.55,-0.7,-1.05,0.7,854.93,761.46,851.07
252,87433721,Sell,0.01,2.13,2.06,2.41,0.07,-0.28,0.07,857.06,763.52,853.48
253,87303856,Buy,0.01,-0.47,-1.4,-1.05,0.93,0.58,0.93,856.59,762.12,852.43
254,87220510,Buy,0.01,4.36,-0.29,0.06,4.65,4.3,4.65,860.95,761.83,852.49
255,87193343,Buy,0.01,0.59,0.55,0.9,0.04,-0.31,0.04,861.54,762.38,853.39
256,87031092,Buy,0.01,0.38,0.25,0.6,0.13,-0.22,0.13,861.92,762.63,853.99
257,87025580,Buy,0.01,2.78,1.38,1.73,1.4,1.05,1.4,864.7,764.01,855.72
258,87000308,Sell,0.01,1.09,2.73,3.08,-1.64,-1.99,1.64,865.79,766.74,858.8
259,86894280,Sell,0.01,0.31,-2.13,-1.78,2.44,2.09,2.44,866.1,764.61,857.02
260,86784552,Buy,0.01,1.39,0.72,1.07,0.67,0.32,0.67,867.49,765.33,858.09
261,86773790,Buy,0.01,2.28,4.13,4.48,-1.85,-2.2,1.85,869.77,769.46,862.57
262,86716303,Buy,0.01,3.74,-0.83,-0.48,4.57,4.22,4.57,873.51,768.63,862.09
263,86624724,Buy,0.01,-2.93,-2.46,-2.11,-0.47,-0.82,0.47,870.58,766.17,859.98
264,86558318,Buy,0.01,3.34,6.38,6.73,-3.04,-3.39,3.04,873.92,772.55,866.71
265,86192606,Sell,0.01,2.82,6.08,6.43,-3.26,-3.61,3.26,876.74,778.63,873.14
266,86161488,Sell,0.01,1.62,3.13,3.48,-1.51,-1.86,1.51,878.36,781.76,876.62
267,86155613,Buy,0.01,0.3,2.84,3.19,-2.54,-2.89,2.54,878.66,784.6,879.81
268,86014472,Buy,0.01,0.58,0.19,0.54,0.39,0.04,0.39,879.24,784.79,880.35
269,86011644,Sell,0.01,1.46,-1.74,-1.39,3.2,2.85,3.2,880.7,783.05,878.96
270,86000608,Sell,0.01,-3.08,-11.29,-10.94,8.21,7.86,8.21,877.62,771.76,868.02
271,85948772,Buy,0.01,0.91,1.27,1.62,-0.36,-0.71,0.36,878.53,773.03,869.64
272,85942844,Sell,0.01,-0.9,1.95,2.3,-2.85,-3.2,2.85,877.63,774.98,871.94
273,85935017,Sell,0.01,1.84,0.79,1.14,1.05,0.7,1.05,879.47,775.77,873.08
274,85865765,Sell,0.01,2.23,6.37,6.72,-4.14,-4.49,4.14,881.7,782.14,879.8
275,85833216,Buy,0.01,-1.73,-2.6,-2.25,0.87,0.52,0.87,879.97,779.54,877.55
276,85827276,Buy,0.01,1.06,1.05,1.4,0.01,-0.34,0.01,881.03,780.59,878.95
277,85787460,Buy,0.01,2.87,2.41,2.76,0.46,0.11,0.46,883.9,783.0,881.71
278,85704475,Sell,0.01,2.27,2.56,2.91,-0.29,-0.64,0.29,886.17,785.56,884.62
279,85668988,Buy,0.01,-2.1,-2.1,-1.75,-0.0,-0.35,0.0,884.07,783.46,882.87
280,85668110,Sell,0.01,-1.2,0.77,1.12,-1.97,-2.32,1.97,882.87,784.23,883.99
281,85640223,Sell,0.01,2.24,1.82,2.17,0.42,0.07,0.42,885.11,786.05,886.16
282,85396743,Buy,0.01,3.86,3.92,4.27,-0.06,-0.41,0.06,888.97,789.97,890.43
283,85385479,Sell,0.01,0.21,-0.28,0.07,0.49,0.14,0.49,889.18,789.69,890.5
284,85342738,Buy,0.01,-0.66,-2.07,-1.72,1.41,1.06,1.41,888.52,787.62,888.78
285,85182793,Sell,0.01,2.2,1.1,1.45,1.1,0.75,1.1,890.72,788.72,890.23
286,85084978,Buy,0.01,1.34,1.89,2.24,-0.55,-0.9,0.55,892.06,790.61,892.47
287,85066329,Sell,0.01,1.41,-1.86,-1.51,3.27,2.92,3.27,893.47,788.75,890.96
288,84971230,Sell,0.01,3.1,1.99,2.34,1.11,0.76,1.11,896.57,790.74,893.3
289,84960053,Buy,0.01,3.06,3.91,4.26,-0.85,-1.2,0.85,899.63,794.65,897.56
290,84858142,Sell,0.01,1.77,2.14,2.49,-0.37,-0.72,0.37,901.4,796.79,900.05
291,84803733,Sell,0.01,5.63,3.4,3.75,2.23,1.88,2.23,907.03,800.19,903.8
292,84675020,Sell,0.01,2.67,-1.65,-1.3,4.32,3.97,4.32,909.7,798.54,902.5
293,84665776,Buy,0.01,0.7,1.26,1.61,-0.56,-0.91,0.56,910.4,799.8,904.11
294,84496990,Buy,0.01,0.7,0.41,0.76,0.29,-0.06,0.29,911.1,800.21,904.87
295,84480811,Sell,0.01,-2.98,-0.75,-0.4,-2.23,-2.58,2.23,908.12,799.46,904.47
296,84448544,Buy,0.01,4.53,3.72,4.07,0.81,0.46,0.81,912.65,803.18,908.54
297,84397864,Buy,0.01,2.61,-1.86,-1.51,4.47,4.12,4.47,915.26,801.32,907.03
298,83980760,Buy,0.01,7.87,10.55,10.9,-2.68,-3.03,2.68,923.13,811.87,917.93
299,83923769,Sell,0.01,2.07,-0.04,0.31,2.11,1.76,2.11,925.2,811.83,918.24
300,83915642,Sell,0.01,1.17,1.3,1.65,-0.13,-0.48,0.13,926.37,813.13,919.89
301,83897665,Sell,0.01,7.43,7.37,7.72,0.06,-0.29,0.06,933.8,820.5,927.61
302,83821484,Buy,0.01,-4.17,-9.76,-9.41,5.59,5.24,5.59,929.63,810.74,918.2
303,83699779,Sell,0.01,7.05,2.88,3.23,4.17,3.82,4.17,936.68,813.62,921.43
304,83541051,Buy,0.01,9.98,13.49,13.84,-3.51,-3.86,3.51,946.66,827.11,935.27
305,83511633,Buy,0.01,2.43,4.42,4.77,-1.99,-2.34,1.99,949.09,831.53,940.04
306,83314376,Buy,0.01,4.47,-0.1,0.25,4.57,4.22,4.57,953.56,831.43,940.29
307,83084849,Buy,0.01,4.38,3.28,3.63,1.1,0.75,1.1,957.94,834.71,943.92
308,82913535,Buy,0.01,4.8,1.15,1.5,3.65,3.3,3.65,962.74,835.86,945.42
309,82824133,Buy,0.01,3.4,3.78,4.13,-0.38,-0.73,0.38,966.14,839.64,949.55
310,82775023,Buy,0.01,5.73,6.29,6.64,-0.56,-0.91,0.56,971.87,845.93,956.19
311,82667342,Buy,0.01,6.68,7.53,7.88,-0.85,-1.2,0.85,978.55,853.46,964.07
312,82600157,Sell,0.01,4.52,5.82,6.17,-1.3,-1.65,1.3,983.07,859.28,970.24
313,82596177,Buy,0.01,6.46,6.41,6.76,0.05,-0.3,0.05,989.53,865.69,977.0
314,82564751,Sell,0.01,4.51,3.4,3.75,1.11,0.76,1.11,994.04,869.09,980.75
315,82523311,Buy,0.01,3.35,3.99,4.34,-0.64,-0.99,0.64,997.39,873.08,985.09
316,82494965,Sell,0.01,1.89,2.14,2.49,-0.25,-0.6,0.25,999.28,875.22,987.58
317,82465593,Sell,0.01,1.82,2.48,2.83,-0.66,-1.01,0.66,1001.1,877.7,990.41
318,82462486,Buy,0.01,-2.24,-1.08,-0.73,-1.16,-1.51,1.16,998.86,876.62,989.68
319,82241706,Buy,0.01,4.38,1.74,2.09,2.64,2.29,2.64,1003.24,878.36,991.77
320,82199073,Sell,0.01,3.82,2.94,3.29,0.88,0.53,0.88,1007.06,881.3,995.06
321,82169230,Buy,0.01,4.61,4.46,4.81,0.15,-0.2,0.15,1011.67,885.76,999.87
322,82147110,Sell,0.01,2.51,3.23,3.58,-0.72,-1.07,0.72,1014.18,888.99,1003.45
323,82095097,Buy,0.01,5.09,3.36,3.71,1.73,1.38,1.73,1019.27,892.35,1007.16
324,82061725,Buy,0.01,3.7,4.12,4.47,-0.42,-0.77,0.42,1022.97,896.47,1011.63
325,82028698,Buy,0.01,4.05,2.51,2.86,1.54,1.19,1.54,1027.02,898.98,1014.49
326,81983513,Buy,0.01,5.33,3.89,4.24,1.44,1.09,1.44,1032.35,902.87,1018.73
327,81979298,Sell,0.01,-4.41,-2.73,-2.38,-1.68,-2.03,1.68,1027.94,900.14,1016.35
328,81950224,Buy,0.01,4.94,5.25,5.6,-0.31,-0.66,0.31,1032.88,905.39,1021.95
329,38800885,Buy,0.01,5.21,4.86,5.21,0.35,-0.0,0.35,1038.09,910.25,1027.16
330,38786971,Buy,0.02,8.66,9.75,10.45,-1.09,-1.79,1.09,1046.75,920.0,1037.61
331,38759834,Sell,0.01,6.72,6.77,7.12,-0.05,-0.4,0.05,1053.47,926.77,1044.73
332,38755615,Buy,0.01,-3.47,-2.94,-2.59,-0.53,-0.88,0.53,1050.0,923.83,1042.14
333,38723027,Sell,0.01,4.65,3.54,3.89,1.11,0.76,1.11,1054.65,927.37,1046.03
334,38720385,Buy,0.01,-3.16,-1.97,-1.62,-1.19,-1.54,1.19,1051.49,925.4,1044.41
335,38686016,Sell,0.01,5.46,6.37,6.72,-0.91,-1.26,0.91,1056.95,931.77,1051.13
336,38683859,Buy,0.01,3.31,2.51,2.86,0.8,0.45,0.8,1060.26,934.28,1053.99
337,38650723,Sell,0.01,5.6,6.79,7.14,-1.19,-1.54,1.19,1065.86,941.07,1061.13
338,38648802,Buy,0.01,-3.99,-2.02,-1.67,-1.97,-2.32,1.97,1061.87,939.05,1059.46
339,38612361,Sell,0.01,9.02,7.53,7.88,1.49,1.14,1.49,1070.89,946.58,1067.34
340,38570537,Sell,0.01,5.46,6.19,6.54,-0.73,-1.08,0.73,1076.35,952.77,1073.88
341,38568721,Sell,0.01,4.8,4.39,4.74,0.41,0.06,0.41,1081.15,957.16,1078.62
342,38528027,Sell,0.01,6.41,6.11,6.46,0.3,-0.05,0.3,1087.56,963.27,1085.08
343,38492680,Buy,0.01,-4.86,-5.84,-5.49,0.98,0.63,0.98,1082.7,957.43,1079.59
344,38487563,Buy,0.01,5.6,6.09,6.44,-0.49,-0.84,0.49,1088.3,963.52,1086.03
345,38449900,Sell,0.01,2.91,2.9,3.25,0.01,-0.34,0.01,1091.21,966.42,1089.28
346,38448404,Buy,0.01,-4.86,-6.23,-5.88,1.37,1.02,1.37,1086.35,960.19,1083.4
347,38443239,Sell,0.01,3.25,3.36,3.71,-0.11,-0.46,0.11,1089.6,963.55,1087.11
348,38441014,Buy,0.01,7.08,8.45,8.8,-1.37,-1.72,1.37,1096.68,972.0,1095.91
349,38422656,Buy,0.01,6.64,4.05,4.4,2.59,2.24,2.59,1103.32,976.05,1100.31
350,38394143,Buy,0.01,4.76,3.1,3.45,1.66,1.31,1.66,1108.08,979.15,1103.76
351,38381092,Sell,0.01,16.3,12.56,12.91,3.74,3.39,3.74,1124.38,991.71,1116.67
352,38327555,Buy,0.02,12.08,9.68,10.38,2.4,1.7,2.4,1136.46,1001.39,1127.05
353,38293895,Sell,0.02,9.8,11.48,12.18,-1.68,-2.38,1.68,1146.26,1012.87,1139.23
354,38258178,Buy,0.01,5.08,3.3,3.65,1.78,1.43,1.78,1151.34,1016.17,1142.88
355,38220734,Sell,0.01,6.06,7.2,7.55,-1.14,-1.49,1.14,1157.4,1023.37,1150.43
356,38185142,Sell,0.02,12.08,12.96,13.66,-0.88,-1.58,0.88,1169.48,1036.33,1164.09
357,38122859,Sell,0.01,7.41,8.44,8.79,-1.03,-1.38,1.03,1176.89,1044.77,1172.88
358,38119105,Sell,0.01,-4.83,-4.64,-4.29,-0.19,-0.54,0.19,1172.06,1040.13,1168.59
359,38045554,Buy,0.01,11.02,9.93,10.28,1.09,0.74,1.09,1183.08,1050.06,1178.87
360,37964561,Buy,0.01,6.3,6.03,6.38,0.27,-0.08,0.27,1189.38,1056.09,1185.25
361,37928869,Sell,0.01,7.85,8.59,8.94,-0.74,-1.09,0.74,1197.23,1064.68,1194.19
362,37874673,Sell,0.02,14.9,17.46,18.16,-2.56,-3.26,2.56,1212.13,1082.14,1212.35
363,37836776,Sell,0.01,-5.43,-6.92,-6.57,1.49,1.14,1.49,1206.7,1075.22,1205.78
364,37791981,Sell,0.01,8.85,8.85,9.2,-0.0,-0.35,0.0,1215.55,1084.07,1214.98
365,37748984,Buy,0.01,7.16,6.78,7.13,0.38,0.03,0.38,1222.71,1090.85,1222.11
366,37701576,Sell,0.01,11.72,11.9,12.25,-0.18,-0.53,0.18,1234.43,1102.75,1234.36
367,37610153,Buy,0.01,9.18,9.3,9.65,-0.12,-0.47,0.12,1243.61,1112.05,1244.01
368,37543683,Buy,0.02,11.96,9.83,10.53,2.13,1.43,2.13,1255.57,1121.88,1254.54
369,37542995,Buy,0.01,-5.33,-5.42,-5.07,0.09,-0.26,0.09,1250.24,1116.46,1249.47
370,37542639,Sell,0.01,0.64,1.05,1.4,-0.41,-0.76,0.41,1250.88,1117.51,1250.87
371,37507379,Sell,0.01,7.19,8.27,8.62,-1.08,-1.43,1.08,1258.07,1125.78,1259.49
372,37477144,Buy,0.01,7.23,5.42,5.77,1.81,1.46,1.81,1265.3,1131.2,1265.26
373,37442389,Buy,0.01,5.37,4.09,4.44,1.28,0.93,1.28,1270.67,1135.29,1269.7
374,37400976,Sell,0.01,3.88,3.87,4.22,0.01,-0.34,0.01,1274.55,1139.16,1273.92
375,37386001,Buy,0.01,9.65,7.0,7.35,2.65,2.3,2.65,1284.2,1146.16,1281.27
376,37296835,Buy,0.01,4.42,-3.68,-3.33,8.1,7.75,8.1,1288.62,1142.48,1277.94
377,37217619,Sell,0.01,5.94,-4.3,-3.95,10.24,9.89,10.24,1294.56,1138.18,1273.99
378,37162697,Buy,0.01,4.38,-2.13,-1.78,6.51,6.16,6.51,1298.94,1136.05,1272.21
379,37145681,Sell,0.01,4.13,5.18,5.53,-1.05,-1.4,1.05,1303.07,1141.23,1277.74
380,37082195,Buy,0.02,9.36,6.67,7.37,2.69,1.99,2.69,1312.43,1147.9,1285.11
381,37045628,Sell,0.02,6.5,6.61,7.31,-0.11,-0.81,0.11,1318.93,1154.51,1292.42
382,37005647,Sell,0.01,3.73,3.88,4.23,-0.15,-0.5,0.15,1322.66,1158.39,1296.65
383,36998918,Buy,0.01,4.74,1.3,1.65,3.44,3.09,3.44,1327.4,1159.69,1298.3
384,36997575,Buy,0.01,-1.96,-0.38,-0.03,-1.58,-1.93,1.58,1325.44,1159.31,1298.27
385,36954767,Sell,0.01,3.94,3.26,3.61,0.68,0.33,0.68,1329.38,1162.57,1301.88
386,36902372,Sell,0.01,2.84,4.59,4.94,-1.75,-2.1,1.75,1332.22,1167.16,1306.82
387,36893509,Buy,0.01,1.94,2.46,2.81,-0.52,-0.87,0.52,1334.16,1169.62,1309.63
388,36829995,Buy,0.02,3.94,4.83,5.53,-0.89,-1.59,0.89,1338.1,1174.45,1315.16
389,36829878,Buy,0.01,-2.92,-3.71,-3.36,0.79,0.44,0.79,1335.18,1170.74,1311.8
390,36829765,Sell,0.01,0.45,1.77,2.12,-1.32,-1.67,1.32,1335.63,1172.51,1313.92
391,36768836,Buy,0.02,7.8,6.68,7.38,1.12,0.42,1.12,1343.43,1179.19,1321.3
392,36726171,Sell,0.02,5.0,6.88,7.58,-1.88,-2.58,1.88,1348.43,1186.07,1328.88
393,36725889,Sell,0.02,4.94,6.46,7.16,-1.52,-2.22,1.52,1353.37,1192.53,1336.04
394,36682106,Sell,0.01,0.71,0.29,0.64,0.42,0.07,0.42,1354.08,1192.82,1336.68
395,36640713,Buy,0.02,4.56,2.95,3.65,1.61,0.91,1.61,1358.64,1195.77,1340.33
396,36562770,Buy,0.01,2.88,2.61,2.96,0.27,-0.08,0.27,1361.52,1198.38,1343.29
397,36562289,Buy,0.01,4.04,4.47,4.82,-0.43,-0.78,0.43,1365.56,1202.85,1348.11
398,36561296,Sell,0.02,2.84,4.93,5.63,-2.09,-2.79,2.09,1368.4,1207.78,1353.74
399,36508993,Buy,0.02,5.04,2.0,2.7,3.04,2.34,3.04,1373.44,1209.78,1356.44
400,36508676,Buy,0.01,2.27,2.86,3.21,-0.59,-0.94,0.59,1375.71,1212.64,1359.65
401,36508294,Sell,0.02,4.98,6.45,7.15,-1.47,-2.17,1.47,1380.69,1219.09,1366.8
402,36451248,Buy,0.01,1.43,1.89,2.24,-0.46,-0.81,0.46,1382.12,1220.98,1369.04
403,36450588,Sell,0.01,3.62,4.28,4.63,-0.66,-1.01,0.66,1385.74,1225.26,1373.67
404,36450406,Sell,0.01,-1.71,-1.56,-1.21,-0.15,-0.5,0.15,1384.03,1223.7,1372.46
405,36416362,Sell,0.01,3.02,1.88,2.23,1.14,0.79,1.14,1387.05,1225.58,1374.69
406,36414174,Sell,0.01,2.46,2.35,2.7,0.11,-0.24,0.11,1389.51,1227.93,1377.39
407,36383087,Buy,0.01,7.8,4.8,5.15,3.0,2.65,3.0,1397.31,1232.73,1382.54
408,36368405,Buy,0.01,1.2,2.43,2.78,-1.23,-1.58,1.23,1398.51,1235.16,1385.32
409,36337657,Sell,0.01,1.81,0.89,1.24,0.92,0.57,0.92,1400.32,1236.05,1386.56
410,36335183,Buy,0.01,1.32,1.39,1.74,-0.07,-0.42,0.07,1401.64,1237.44,1388.3
411,36335196,Buy,0.01,1.22,0.28,0.62,0.94,0.6,0.94,1402.86,1237.72,1388.92
412,36334931,Buy,0.01,1.43,1.91,2.26,-0.48,-0.83,0.48,1404.29,1239.63,1391.18
413,36322976,Buy,0.01,1.21,1.17,1.52,0.04,-0.31,0.04,1405.5,1240.8,1392.7
414,36283671,Sell,0.01,6.25,4.23,4.58,2.02,1.67,2.02,1411.75,1245.03,1397.28
415,36274877,Buy,0.01,2.01,3.11,3.46,-1.1,-1.45,1.1,1413.76,1248.14,1400.74
416,36228676,Sell,0.01,12.91,6.44,6.79,6.47,6.12,6.47,1426.67,1254.58,1407.53
417,36227388,Sell,0.03,6.79,20.74,21.79,-13.95,-15.0,13.95,1433.46,1275.32,1429.32
418,36227385,Sell,0.01,6.03,1.81,2.16,4.22,3.87,4.22,1439.49,1277.13,1431.48
419,36168589,Buy,0.01,3.9,3.66,4.01,0.24,-0.11,0.24,1443.39,1280.79,1435.49
420,36168590,Buy,0.01,3.52,3.82,4.17,-0.3,-0.65,0.3,1446.91,1284.61,1439.66
421,36148327,Buy,0.01,0.82,0.96,1.31,-0.14,-0.49,0.14,1447.73,1285.57,1440.97
422,36095791,Sell,0.01,2.52,1.13,1.48,1.39,1.04,1.39,1450.25,1286.7,1442.45
423,36094988,Buy,0.01,0.97,0.35,0.7,0.62,0.27,0.62,1451.22,1287.05,1443.15
