trade_idx,ticket,side,volume,recorded_pnl,reconstructed_gross_pnl,reconstructed_net_pnl_spread,residual_vs_recorded,cumulative_recorded_pnl,cumulative_reconstructed_pnl
1,00983845,Buy,0.01,8.26,10.42,10.07,-1.81,8.26,10.07
2,100829495,Sell,0.01,6.53,6.8,6.45,0.08,14.79,16.52
3,100675478,Sell,0.01,-1.44,-0.22,-0.57,-0.87,13.35,15.95
4,100653865,Buy,0.01,5.2,5.47,5.12,0.08,18.55,21.07
5,100453335,Buy,0.01,6.74,9.26,8.91,-2.17,25.29,29.98
6,100126875,Sell,0.01,5.8,6.88,6.53,-0.73,31.09,36.51
7,99754992,Buy,0.01,6.64,8.03,7.68,-1.04,37.73,44.19
8,99738973,Buy,0.01,-4.97,-4.44,-4.8,-0.17,32.76,39.39
9,99615317,Sell,0.01,5.71,8.55,8.2,-2.49,38.47,47.59
10,99208828,Buy,0.01,7.78,8.63,8.28,-0.5,46.25,55.87
11,99000862,Sell,0.01,4.28,4.72,4.37,-0.09,50.53,60.24
12,98440487,Buy,0.01,4.39,6.29,5.94,-1.55,54.92,66.18
13,98366050,Sell,0.01,17.67,11.31,10.96,6.71,72.59,77.14
14,98188192,Sell,0.01,7.19,6.65,6.3,0.89,79.78,83.44
15,98161217,Sell,0.01,-3.75,-0.81,-1.16,-2.59,76.03,82.28
16,98070555,Buy,0.01,2.5,3.31,2.96,-0.46,78.53,85.24
17,97982386,Buy,0.01,1.28,2.02,1.67,-0.39,79.81,86.91
18,97800092,Sell,0.01,1.9,2.97,2.62,-0.72,81.71,89.53
19,97638884,Sell,0.01,5.49,5.32,4.97,0.52,87.2,94.5
20,97451919,Buy,0.02,5.5,7.22,6.52,-1.02,92.7,101.02
21,97352852,Sell,0.02,5.32,10.42,9.72,-4.4,98.02,110.74
22,97182841,Buy,0.02,5.06,11.28,10.58,-5.52,103.08,121.32
23,97143853,Buy,0.01,-1.09,2.15,1.8,-2.89,101.99,123.12
24,97042659,Buy,0.01,5.93,7.53,7.18,-1.25,107.92,130.3
25,96882975,Buy,0.01,6.72,6.09,5.74,0.98,114.64,136.04
26,96756936,Buy,0.01,1.02,0.41,0.06,0.96,115.66,136.1
27,96653069,Sell,0.01,4.65,6.48,6.13,-1.48,120.31,142.23
28,96566692,Sell,0.02,8.0,10.28,9.58,-1.58,128.31,151.81
29,96484066,Sell,0.01,6.92,10.84,10.49,-3.57,135.23,162.3
30,96391293,Sell,0.01,2.43,3.17,2.82,-0.39,137.66,165.12
31,96332229,Buy,0.01,6.7,6.12,5.77,0.93,144.36,170.89
32,96325914,Sell,0.01,6.04,6.02,5.67,0.37,150.4,176.56
33,96202433,Buy,0.01,2.24,1.71,1.36,0.88,152.64,177.92
34,96113042,Sell,0.01,3.54,3.63,3.28,0.26,156.18,181.2
35,96024216,Sell,0.01,6.7,6.23,5.88,0.82,162.88,187.08
36,96004348,Sell,0.01,-3.58,-2.7,-3.05,-0.53,159.3,184.03
37,95918631,Buy,0.01,7.46,7.36,7.01,0.45,166.76,191.04
38,95800620,Buy,0.01,4.74,3.81,3.46,1.28,171.5,194.5
39,95773198,Buy,0.01,5.6,6.67,6.32,-0.72,177.1,200.82
40,95709969,Buy,0.01,1.1,0.97,0.62,0.48,178.2,201.44
41,95612645,Sell,0.01,3.23,5.19,4.84,-1.61,181.43,206.28
42,95598021,Buy,0.01,4.04,6.14,5.79,-1.75,185.47,212.07
43,95576013,Sell,0.01,-4.0,-3.07,-3.42,-0.58,181.47,208.65
44,95511070,Sell,0.01,2.66,2.41,2.06,0.6,184.13,210.71
45,95443868,Sell,0.01,5.5,7.64,7.29,-1.79,189.63,218.0
46,95369124,Buy,0.01,4.76,6.26,5.91,-1.15,194.39,223.91
47,95298275,Buy,0.01,5.28,6.46,6.11,-0.83,199.67,230.02
48,95248660,Buy,0.01,3.87,3.02,2.67,1.2,203.54,232.69
49,95168933,Buy,0.01,2.85,3.17,2.82,0.03,206.39,235.51
50,95107372,Sell,0.01,4.07,4.08,3.73,0.34,210.46,239.24
51,95072289,Buy,0.01,9.29,8.15,7.8,1.49,219.75,247.04
52,95047920,Buy,0.01,5.58,5.45,5.1,0.48,225.33,252.14
53,94991858,Sell,0.01,3.78,2.88,2.53,1.25,229.11,254.67
54,94986774,Sell,0.01,4.29,2.53,2.18,2.11,233.4,256.85
55,94942223,Sell,0.01,2.96,2.95,2.6,0.36,236.36,259.45
56,94927689,Buy,0.01,-2.1,0.75,0.4,-2.5,234.26,259.85
57,94908427,Buy,0.01,1.14,0.57,0.22,0.92,235.4,260.07
58,94864297,Sell,0.01,2.1,2.12,1.77,0.33,237.5,261.84
59,94842197,Sell,0.01,2.32,1.52,1.17,1.15,239.82,263.01
60,94810342,Buy,0.01,4.74,1.3,0.95,3.79,244.56,263.96
61,94775324,Sell,0.01,3.71,4.82,4.47,-0.76,248.27,268.43
62,94754184,Buy,0.01,5.38,5.36,5.01,0.37,253.65,273.44
63,94694698,Sell,0.01,5.33,6.03,5.68,-0.35,258.98,279.12
64,94627775,Sell,0.01,2.64,2.65,2.3,0.34,261.62,281.42
65,94588522,Buy,0.01,1.36,2.56,2.21,-0.85,262.98,283.63
66,94571902,Buy,0.01,7.2,5.73,5.38,1.82,270.18,289.01
67,94518850,Buy,0.01,7.08,6.29,5.94,1.14,277.26,294.95
68,94517647,Sell,0.01,-1.69,-0.09,-0.44,-1.25,275.57,294.51
69,94482317,Sell,0.01,-3.54,-1.93,-2.28,-1.26,272.03,292.23
70,94467306,Sell,0.01,8.19,8.27,7.92,0.27,280.22,300.15
71,94425120,Buy,0.01,5.39,5.29,4.94,0.45,285.61,305.09
72,94382823,Buy,0.01,6.34,5.28,4.93,1.41,291.95,310.02
73,94375434,Sell,0.01,3.94,7.06,6.71,-2.77,295.89,316.73
74,94351863,Sell,0.01,5.72,6.88,6.53,-0.81,301.61,323.26
75,94339039,Sell,0.01,6.64,5.34,4.99,1.65,308.25,328.25
76,94292496,Sell,0.01,3.51,3.57,3.22,0.29,311.76,331.47
77,94291110,Sell,0.01,-2.74,-3.68,-4.03,1.29,309.02,327.44
78,94289139,Sell,0.01,5.04,3.55,3.2,1.84,314.06,330.64
79,94258974,Sell,0.01,5.12,5.36,5.01,0.11,319.18,335.65
80,94241160,Sell,0.01,4.8,6.5,6.15,-1.35,323.98,341.8
81,94240579,Buy,0.01,1.95,-0.11,-0.46,2.41,325.93,341.34
82,94223505,Buy,0.01,-3.29,-2.0,-2.35,-0.94,322.64,338.99
83,94199359,Sell,0.01,8.63,4.38,4.03,4.6,331.27,343.02
84,94147775,Buy,0.01,5.19,4.76,4.41,0.78,336.46,347.43
85,94116926,Buy,0.01,8.67,6.45,6.1,2.57,345.13,353.53
86,94074059,Sell,0.01,4.55,6.43,6.08,-1.53,349.68,359.61
87,94051620,Buy,0.01,8.77,9.5,9.15,-0.38,358.45,368.76
88,93990129,Buy,0.01,4.22,3.36,3.01,1.21,362.67,371.77
89,93935706,Buy,0.01,2.37,4.09,3.74,-1.37,365.04,375.51
90,93909211,Buy,0.01,-3.38,-1.71,-2.06,-1.32,361.66,373.45
91,93873774,Sell,0.01,4.54,5.05,4.7,-0.16,366.2,378.15
92,93832434,Buy,0.01,3.98,2.79,2.44,1.54,370.18,380.59
93,93798546,Buy,0.01,6.82,7.48,7.13,-0.31,377.0,387.72
94,93776205,Sell,0.01,5.04,3.42,3.07,1.97,382.04,390.79
95,93757800,Sell,0.01,7.6,9.07,8.72,-1.12,389.64,399.51
96,93700747,Sell,0.01,6.92,4.94,4.59,2.33,396.56,404.1
97,93682742,Buy,0.01,3.27,3.5,3.15,0.12,399.83,407.25
98,93681010,Sell,0.01,-1.7,0.16,-0.19,-1.51,398.13,407.06
99,93650934,Buy,0.01,10.07,9.32,8.97,1.1,408.2,416.03
100,93631282,Sell,0.01,2.51,0.18,-0.17,2.68,410.71,415.86
101,93609754,Buy,0.01,5.87,1.78,1.43,4.44,416.58,417.29
102,93598278,Sell,0.01,-2.4,-0.3,-0.65,-1.75,414.18,416.64
103,93557927,Buy,0.01,8.09,5.96,5.61,2.48,422.27,422.25
104,93510992,Sell,0.01,1.99,-1.28,-1.63,3.62,424.26,420.62
105,93474519,Sell,0.01,0.01,1.01,0.66,-0.65,424.27,421.28
106,93461391,Buy,0.01,8.15,7.19,6.84,1.31,432.42,428.12
107,93443489,Buy,0.01,2.95,1.17,0.82,2.13,435.37,428.94
108,93411173,Sell,0.01,2.26,2.76,2.41,-0.15,437.63,431.35
109,93404708,Sell,0.01,2.41,2.87,2.52,-0.11,440.04,433.87
110,93377409,Sell,0.01,5.21,5.69,5.34,-0.13,445.25,439.21
111,93376580,Sell,0.01,-3.03,0.66,0.31,-3.34,442.22,439.52
112,93360769,Sell,0.01,5.42,7.29,6.94,-1.52,447.64,446.46
113,93345132,Sell,0.01,4.54,3.8,3.45,1.09,452.18,449.91
114,93309253,Sell,0.01,5.05,5.15,4.8,0.25,457.23,454.71
115,93277546,Sell,0.01,5.5,-0.83,-1.18,6.68,462.73,453.53
116,93252299,Sell,0.01,3.84,3.51,3.16,0.68,466.57,456.69
117,93235333,Buy,0.01,6.35,6.59,6.24,0.11,472.92,462.93
118,93210316,Sell,0.01,2.66,3.18,2.83,-0.17,475.58,465.76
119,93199497,Buy,0.01,4.58,4.42,4.07,0.51,480.16,469.83
120,93184362,Sell,0.01,-2.98,-1.14,-1.49,-1.49,477.18,468.34
121,93169426,Sell,0.01,6.17,8.03,7.68,-1.51,483.35,476.02
122,93131167,Sell,0.01,3.75,2.47,2.12,1.63,487.1,478.14
123,93121138,Sell,0.01,3.87,0.29,-0.06,3.93,490.97,478.08
124,93095183,Sell,0.01,4.17,3.81,3.46,0.71,495.14,481.54
125,93091481,Sell,0.01,-2.57,-2.47,-2.82,0.25,492.57,478.72
126,93086094,Sell,0.01,4.61,3.02,2.67,1.94,497.18,481.39
127,93070782,Sell,0.01,5.24,5.17,4.82,0.42,502.42,486.21
128,93064584,Buy,0.02,6.5,5.96,5.26,1.24,508.92,491.47
129,93037747,Sell,0.01,4.0,2.73,2.38,1.62,512.92,493.85
130,93029514,Buy,0.01,3.09,2.79,2.44,0.65,516.01,496.29
131,93028917,Sell,0.01,-2.66,-1.47,-1.82,-0.84,513.35,494.47
132,92991008,Sell,0.01,5.53,5.25,4.9,0.63,518.88,499.37
133,92943988,Buy,0.01,3.4,-1.07,-1.42,4.82,522.28,497.95
134,92905766,Sell,0.01,4.06,5.8,5.45,-1.39,526.34,503.4
135,92901499,Sell,0.01,2.9,2.7,2.35,0.55,529.24,505.75
136,92878258,Sell,0.01,4.72,-2.5,-2.85,7.57,533.96,502.9
137,92873305,Buy,0.01,-2.38,-2.93,-3.28,0.9,531.58,499.62
138,92863125,Buy,0.01,7.45,5.85,5.5,1.95,539.03,505.12
139,92816284,Sell,0.01,7.18,6.97,6.62,0.56,546.21,511.74
140,92794484,Sell,0.01,4.14,3.35,3.0,1.14,550.35,514.74
141,92755985,Buy,0.01,2.64,1.67,1.32,1.32,552.99,516.06
142,92749649,Sell,0.01,2.85,2.13,1.78,1.07,555.84,517.84
143,92708453,Sell,0.01,1.18,1.86,1.51,-0.33,557.02,519.35
144,92707912,Buy,0.01,-2.09,0.34,-0.01,-2.08,554.93,519.34
145,92704162,Sell,0.01,2.59,2.63,2.28,0.31,557.52,521.62
146,92699406,Buy,0.01,3.18,3.88,3.53,-0.35,560.7,525.15
147,92660254,Buy,0.01,2.73,-1.08,-1.43,4.16,563.43,523.72
148,92649888,Buy,0.01,4.27,3.96,3.61,0.66,567.7,527.33
149,92626347,Sell,0.01,1.66,1.8,1.45,0.21,569.36,528.78
150,92611594,Buy,0.01,2.56,1.65,1.3,1.26,571.92,530.08
151,92561346,Sell,0.01,5.57,2.92,2.57,3.0,577.49,532.65
152,92535886,Sell,0.01,4.16,2.17,1.82,2.34,581.65,534.47
153,92461110,Buy,0.01,3.81,4.01,3.66,0.15,585.46,538.13
154,92408965,Sell,0.01,3.79,1.34,0.99,2.8,589.25,539.12
155,92396538,Sell,0.01,1.28,3.79,3.44,-2.16,590.53,542.56
156,92342438,Sell,0.01,4.84,5.25,4.9,-0.06,595.37,547.46
157,92331897,Sell,0.01,3.38,3.77,3.42,-0.04,598.75,550.88
158,92319804,Buy,0.01,-2.54,-1.15,-1.5,-1.04,596.21,549.38
159,92286476,Sell,0.01,1.77,1.03,0.68,1.09,597.98,550.06
160,92274667,Buy,0.01,8.74,6.5,6.15,2.59,606.72,556.21
161,92218142,Sell,0.01,4.15,5.17,4.82,-0.67,610.87,561.03
162,92181621,Buy,0.01,5.54,3.95,3.6,1.94,616.41,564.63
163,92125361,Sell,0.01,3.82,2.84,2.49,1.33,620.23,567.12
164,92117158,Buy,0.01,2.98,1.8,1.45,1.53,623.21,568.57
165,92099847,Buy,0.01,2.23,1.51,1.16,1.07,625.44,569.73
166,92067522,Buy,0.01,7.36,6.4,6.05,1.31,632.8,575.78
167,92029007,Sell,0.01,4.28,6.44,6.09,-1.81,637.08,581.87
168,92024986,Buy,0.01,3.9,3.72,3.37,0.53,640.98,585.24
169,91984519,Buy,0.01,5.78,8.36,8.01,-2.23,646.76,593.25
170,91973017,Sell,0.01,3.17,4.22,3.87,-0.7,649.93,597.12
171,91954421,Buy,0.01,2.91,3.06,2.71,0.2,652.84,599.83
172,91919177,Buy,0.01,2.69,5.16,4.81,-2.12,655.53,604.64
173,91873683,Sell,0.01,7.53,4.58,4.23,3.3,663.06,608.87
174,91863976,Sell,0.01,3.89,6.07,5.72,-1.83,666.95,614.59
175,91824729,Buy,0.01,3.78,1.71,1.36,2.42,670.73,615.95
176,91806444,Buy,0.01,5.19,4.09,3.74,1.45,675.92,619.69
177,91797166,Buy,0.01,0.82,0.91,0.56,0.26,676.74,620.25
178,91776198,Sell,0.01,-1.53,-1.37,-1.72,0.19,675.21,618.53
179,91740834,Sell,0.01,4.4,4.55,4.2,0.2,679.61,622.73
180,91655142,Buy,0.01,3.8,3.11,2.76,1.04,683.41,625.49
181,91645065,Sell,0.01,4.0,4.75,4.4,-0.4,687.41,629.89
182,91596159,Sell,0.01,2.19,0.29,-0.06,2.25,689.6,629.83
183,91585973,Buy,0.01,3.38,1.84,1.49,1.89,692.98,631.32
184,91531357,Sell,0.01,2.0,-1.7,-2.05,4.05,694.98,629.27
185,91515698,Sell,0.01,4.27,4.47,4.12,0.15,699.25,633.39
186,91488864,Buy,0.01,3.37,-0.4,-0.75,4.12,702.62,632.64
187,91448019,Sell,0.01,1.1,0.41,0.06,1.04,703.72,632.7
188,91431248,Buy,0.01,4.42,2.06,1.71,2.71,708.14,634.41
189,91397685,Buy,0.01,2.98,1.88,1.53,1.45,711.12,635.94
190,91356501,Sell,0.01,2.56,0.84,0.49,2.07,713.68,636.43
191,91352434,Buy,0.01,3.06,1.59,1.24,1.82,716.74,637.67
192,91276550,Buy,0.01,5.46,4.75,4.4,1.06,722.2,642.07
193,91267485,Buy,0.01,4.78,3.37,3.02,1.76,726.98,645.09
194,91267065,Buy,0.01,-1.88,-1.21,-1.56,-0.32,725.1,643.53
195,91227583,Buy,0.01,2.31,0.0,-0.35,2.66,727.41,643.18
196,91206718,Buy,0.01,2.93,0.27,-0.08,3.01,730.34,643.1
197,91202282,Sell,0.01,2.25,6.17,5.82,-3.57,732.59,648.92
198,91200522,Buy,0.01,0.06,-3.91,-4.26,4.32,732.65,644.66
199,91162669,Buy,0.01,5.42,4.23,3.88,1.54,738.07,648.54
200,91124606,Buy,0.01,8.9,-2.03,-2.38,11.28,746.97,646.16
201,91045329,Buy,0.01,1.86,-3.57,-3.92,5.78,748.83,642.24
202,91024794,Sell,0.01,4.19,6.4,6.05,-1.86,753.02,648.29
203,91022147,Buy,0.01,1.88,0.0,-0.35,2.23,754.9,647.94
204,90970712,Sell,0.01,3.9,4.47,4.12,-0.22,758.8,652.06
205,90967915,Sell,0.01,-0.77,-1.5,-1.85,1.08,758.03,650.21
206,90964953,Sell,0.01,2.34,1.54,1.19,1.15,760.37,651.4
207,90928037,Sell,0.01,1.74,0.54,0.19,1.55,762.11,651.59
208,90927563,Sell,0.01,-1.09,0.0,-0.35,-0.74,761.02,651.24
209,90900649,Sell,0.01,7.5,6.47,6.12,1.38,768.52,657.36
210,90783770,Sell,0.01,3.32,3.66,3.31,0.01,771.84,660.67
211,90765592,Sell,0.01,3.67,7.05,6.7,-3.03,775.51,667.37
212,90724112,Buy,0.01,1.53,-0.73,-1.08,2.61,777.04,666.29
213,90689174,Buy,0.01,1.47,3.31,2.96,-1.49,778.51,669.25
214,90670870,Buy,0.01,4.39,3.96,3.61,0.78,782.9,672.86
215,90468624,Sell,0.01,5.27,3.7,3.35,1.92,788.17,676.21
216,90450144,Buy,0.01,-2.03,1.84,1.49,-3.52,786.14,677.7
217,90446737,Sell,0.01,4.07,1.65,1.3,2.77,790.21,679.0
218,90383944,Buy,0.01,6.24,-9.26,-9.61,15.85,796.45,669.39
219,90367910,Buy,0.01,3.72,-2.21,-2.56,6.28,800.17,666.83
220,90303019,Buy,0.01,9.85,-5.27,-5.62,15.47,810.02,661.21
221,90297337,Buy,0.01,2.62,0.0,-0.35,2.97,812.64,660.86
222,90194077,Buy,0.01,3.0,-2.96,-3.31,6.31,815.64,657.55
223,90192607,Sell,0.01,-1.31,0.0,-0.35,-0.96,814.33,657.2
224,90188256,Buy,0.01,3.9,-5.68,-6.03,9.93,818.23,651.17
225,90081363,Buy,0.01,4.79,-7.23,-7.58,12.37,823.02,643.59
226,90080406,Buy,0.01,-0.32,3.8,3.45,-3.77,822.7,647.04
227,90054432,Sell,0.01,0.31,0.0,-0.35,0.66,823.01,646.69
228,90052400,Buy,0.01,3.09,-2.6,-2.95,6.04,826.1,643.74
229,89797106,Sell,0.01,9.16,-13.77,-14.12,23.28,835.26,629.62
230,89770716,Buy,0.01,1.55,-5.39,-5.74,7.29,836.81,623.88
231,89517529,Sell,0.01,3.22,-22.77,-23.12,26.34,840.03,600.76
232,88577933,Sell,0.01,1.81,2.94,2.59,-0.78,841.84,603.35
233,88511817,Buy,0.01,1.42,-13.66,-14.01,15.43,843.26,589.34
234,88335699,Buy,0.01,3.73,1.45,1.1,2.63,846.99,590.44
235,88320644,Buy,0.01,0.72,2.2,1.85,-1.13,847.71,592.29
236,88172039,Sell,0.01,1.64,-0.41,-0.76,2.4,849.35,591.53
237,88163179,Sell,0.01,-2.0,0.67,0.32,-2.32,847.35,591.85
238,88154082,Sell,0.01,0.99,-0.78,-1.13,2.12,848.34,590.72
239,88144292,Sell,0.01,0.35,-3.01,-3.36,3.71,848.69,587.36
240,88015942,Sell,0.01,-0.69,-0.82,-1.17,0.48,848.0,586.19
241,88014898,Buy,0.01,1.37,-0.77,-1.12,2.49,849.37,585.07
242,87966615,Sell,0.01,1.02,-4.55,-4.9,5.92,850.39,580.17
243,87764166,Buy,0.01,0.76,-0.3,-0.65,1.41,851.15,579.52
244,87728889,Buy,0.01,1.79,-5.7,-6.05,7.84,852.94,573.47
245,87728679,Buy,0.01,-1.53,-0.69,-1.04,-0.49,851.41,572.43
246,87725200,Buy,0.01,-1.27,-1.0,-1.35,0.08,850.14,571.08
247,87715345,Buy,0.01,1.86,4.86,4.51,-2.65,852.0,575.59
248,87640068,Buy,0.01,1.11,0.0,-0.35,1.46,853.11,575.24
249,87634841,Sell,0.01,2.84,13.14,12.79,-9.95,855.95,588.03
250,87455839,Sell,0.01,1.58,4.26,3.91,-2.33,857.53,591.94
251,87436917,Sell,0.01,-2.6,-1.45,-1.8,-0.8,854.93,590.14
252,87433721,Sell,0.01,2.13,-0.15,-0.5,2.63,857.06,589.64
253,87303856,Buy,0.01,-0.47,-2.0,-2.35,1.88,856.59,587.29
254,87220510,Buy,0.01,4.36,1.14,0.79,3.57,860.95,588.08
255,87193343,Buy,0.01,0.59,0.23,-0.12,0.71,861.54,587.96
256,87031092,Buy,0.01,0.38,-1.38,-1.73,2.11,861.92,586.23
257,87025580,Buy,0.01,2.78,1.98,1.63,1.15,864.7,587.86
258,87000308,Sell,0.01,1.09,-1.66,-2.01,3.1,865.79,585.85
259,86894280,Sell,0.01,0.31,1.66,1.31,-1.0,866.1,587.16
260,86784552,Buy,0.01,1.39,-1.37,-1.72,3.11,867.49,585.44
261,86773790,Buy,0.01,2.28,2.33,1.98,0.3,869.77,587.42
262,86716303,Buy,0.01,3.74,0.0,-0.35,4.09,873.51,587.07
263,86624724,Buy,0.01,-2.93,-0.39,-0.74,-2.19,870.58,586.33
264,86558318,Buy,0.01,3.34,2.14,1.79,1.55,873.92,588.12
265,86192606,Sell,0.01,2.82,1.15,0.8,2.02,876.74,588.92
266,86161488,Sell,0.01,1.62,2.33,1.98,-0.36,878.36,590.9
267,86155613,Buy,0.01,0.3,-1.1,-1.45,1.75,878.66,589.45
268,86014472,Buy,0.01,0.58,0.0,-0.35,0.93,879.24,589.1
269,86011644,Sell,0.01,1.46,-0.9,-1.25,2.71,880.7,587.85
270,86000608,Sell,0.01,-3.08,-9.27,-9.62,6.54,877.62,578.23
271,85948772,Buy,0.01,0.91,-0.49,-0.84,1.75,878.53,577.39
272,85942844,Sell,0.01,-0.9,0.3,-0.05,-0.85,877.63,577.34
273,85935017,Sell,0.01,1.84,1.25,0.9,0.94,879.47,578.24
274,85865765,Sell,0.01,2.23,2.38,2.03,0.2,881.7,580.27
275,85833216,Buy,0.01,-1.73,1.59,1.24,-2.97,879.97,581.51
276,85827276,Buy,0.01,1.06,-0.82,-1.17,2.23,881.03,580.34
277,85787460,Buy,0.01,2.87,3.15,2.8,0.07,883.9,583.14
278,85704475,Sell,0.01,2.27,0.0,-0.35,2.62,886.17,582.79
279,85668988,Buy,0.01,-2.1,-2.31,-2.66,0.56,884.07,580.13
280,85668110,Sell,0.01,-1.2,0.57,0.22,-1.42,882.87,580.35
281,85640223,Sell,0.01,2.24,3.03,2.68,-0.44,885.11,583.03
282,85396743,Buy,0.01,3.86,3.29,2.94,0.92,888.97,585.97
283,85385479,Sell,0.01,0.21,-0.69,-1.04,1.25,889.18,584.93
284,85342738,Buy,0.01,-0.66,0.08,-0.27,-0.39,888.52,584.66
285,85182793,Sell,0.01,2.2,3.95,3.6,-1.4,890.72,588.26
286,85084978,Buy,0.01,1.34,1.16,0.81,0.53,892.06,589.07
287,85066329,Sell,0.01,1.41,-1.6,-1.95,3.36,893.47,587.12
288,84971230,Sell,0.01,3.1,4.49,4.14,-1.04,896.57,591.26
289,84960053,Buy,0.01,3.06,3.47,3.12,-0.06,899.63,594.38
290,84858142,Sell,0.01,1.77,0.9,0.55,1.22,901.4,594.93
291,84803733,Sell,0.01,5.63,3.84,3.49,2.14,907.03,598.42
292,84675020,Sell,0.01,2.67,1.35,1.0,1.67,909.7,599.42
293,84665776,Buy,0.01,0.7,-2.92,-3.27,3.97,910.4,596.15
294,84496990,Buy,0.01,0.7,0.15,-0.2,0.9,911.1,595.95
295,84480811,Sell,0.01,-2.98,-0.72,-1.07,-1.91,908.12,594.88
296,84448544,Buy,0.01,4.53,-0.04,-0.39,4.92,912.65,594.49
297,84397864,Buy,0.01,2.61,1.11,0.76,1.85,915.26,595.25
298,83980760,Buy,0.01,7.87,8.53,8.18,-0.31,923.13,603.43
299,83923769,Sell,0.01,2.07,0.54,0.19,1.88,925.2,603.62
300,83915642,Sell,0.01,1.17,-1.22,-1.57,2.74,926.37,602.05
301,83897665,Sell,0.01,7.43,-2.75,-3.1,10.53,933.8,598.95
302,83821484,Buy,0.01,-4.17,3.69,3.34,-7.51,929.63,602.29
303,83699779,Sell,0.01,7.05,5.85,5.5,1.55,936.68,607.79
304,83541051,Buy,0.01,9.98,4.97,4.62,5.36,946.66,612.41
305,83511633,Buy,0.01,2.43,6.63,6.28,-3.85,949.09,618.69
306,83314376,Buy,0.01,4.47,-0.69,-1.04,5.51,953.56,617.65
307,83084849,Buy,0.01,4.38,2.05,1.7,2.68,957.94,619.35
308,82913535,Buy,0.01,4.8,2.84,2.49,2.31,962.74,621.84
309,82824133,Buy,0.01,3.4,2.64,2.29,1.11,966.14,624.13
310,82775023,Buy,0.01,5.73,4.66,4.31,1.42,971.87,628.44
311,82667342,Buy,0.01,6.68,7.78,7.43,-0.75,978.55,635.87
312,82600157,Sell,0.01,4.52,6.05,5.7,-1.18,983.07,641.57
313,82596177,Buy,0.01,6.46,6.5,6.15,0.31,989.53,647.72
314,82564751,Sell,0.01,4.51,4.18,3.83,0.68,994.04,651.55
315,82523311,Buy,0.01,3.35,2.94,2.59,0.76,997.39,654.14
316,82494965,Sell,0.01,1.89,1.81,1.46,0.43,999.28,655.6
317,82465593,Sell,0.01,1.82,3.03,2.68,-0.86,1001.1,658.28
318,82462486,Buy,0.01,-2.24,-1.2,-1.55,-0.69,998.86,656.73
319,82241706,Buy,0.01,4.38,5.06,4.71,-0.33,1003.24,661.44
320,82199073,Sell,0.01,3.82,3.25,2.9,0.92,1007.06,664.34
321,82169230,Buy,0.01,4.61,3.05,2.7,1.91,1011.67,667.04
322,82147110,Sell,0.01,2.51,2.03,1.68,0.83,1014.18,668.72
323,82095097,Buy,0.01,5.09,3.95,3.6,1.49,1019.27,672.32
324,82061725,Buy,0.01,3.7,2.67,2.32,1.38,1022.97,674.64
325,82028698,Buy,0.01,4.05,2.48,2.13,1.92,1027.02,676.77
326,81983513,Buy,0.01,5.33,4.14,3.79,1.54,1032.35,680.56
327,81979298,Sell,0.01,-4.41,-3.16,-3.51,-0.9,1027.94,677.05
328,81950224,Buy,0.01,4.94,2.91,2.56,2.38,1032.88,679.61
329,38800885,Buy,0.01,5.21,1.68,1.33,3.88,1038.09,680.94
330,38786971,Buy,0.02,8.66,7.66,6.96,1.7,1046.75,687.9
331,38759834,Sell,0.01,6.72,6.85,6.5,0.22,1053.47,694.4
332,38755615,Buy,0.01,-3.47,-1.79,-2.14,-1.33,1050.0,692.26
333,38723027,Sell,0.01,4.65,5.01,4.66,-0.01,1054.65,696.92
334,38720385,Buy,0.01,-3.16,-1.89,-2.24,-0.92,1051.49,694.68
335,38686016,Sell,0.01,5.46,5.7,5.35,0.11,1056.95,700.03
336,38683859,Buy,0.01,3.31,2.14,1.79,1.52,1060.26,701.82
337,38650723,Sell,0.01,5.6,7.15,6.8,-1.2,1065.86,708.62
338,38648802,Buy,0.01,-3.99,-2.24,-2.59,-1.4,1061.87,706.03
339,38612361,Sell,0.01,9.02,9.1,8.75,0.27,1070.89,714.78
340,38570537,Sell,0.01,5.46,6.7,6.35,-0.89,1076.35,721.13
341,38568721,Sell,0.01,4.8,0.05,-0.3,5.1,1081.15,720.83
342,38528027,Sell,0.01,6.41,5.44,5.09,1.32,1087.56,725.92
343,38492680,Buy,0.01,-4.86,-4.91,-5.26,0.4,1082.7,720.66
344,38487563,Buy,0.01,5.6,5.08,4.73,0.87,1088.3,725.39
345,38449900,Sell,0.01,2.91,5.53,5.18,-2.27,1091.21,730.57
346,38448404,Buy,0.01,-4.86,-6.99,-7.34,2.48,1086.35,723.23
347,38443239,Sell,0.01,3.25,2.91,2.56,0.69,1089.6,725.79
348,38441014,Buy,0.01,7.08,6.63,6.28,0.8,1096.68,732.07
349,38422656,Buy,0.01,6.64,7.25,6.9,-0.26,1103.32,738.97
350,38394143,Buy,0.01,4.76,3.13,2.78,1.98,1108.08,741.75
351,38381092,Sell,0.01,16.3,13.28,12.93,3.37,1124.38,754.68
352,38327555,Buy,0.02,12.08,13.24,12.54,-0.46,1136.46,767.22
353,38293895,Sell,0.02,9.8,7.28,6.58,3.22,1146.26,773.8
354,38258178,Buy,0.01,5.08,4.26,3.91,1.17,1151.34,777.71
355,38220734,Sell,0.01,6.06,6.75,6.4,-0.34,1157.4,784.11
356,38185142,Sell,0.02,12.08,8.22,7.52,4.56,1169.48,791.63
357,38122859,Sell,0.01,7.41,5.3,4.95,2.46,1176.89,796.58
358,38119105,Sell,0.01,-4.83,-3.36,-3.71,-1.12,1172.06,792.87
359,38045554,Buy,0.01,11.02,10.53,10.18,0.84,1183.08,803.05
360,37964561,Buy,0.01,6.3,5.55,5.2,1.1,1189.38,808.25
361,37928869,Sell,0.01,7.85,5.96,5.61,2.24,1197.23,813.86
362,37874673,Sell,0.02,14.9,15.36,14.66,0.24,1212.13,828.52
363,37836776,Sell,0.01,-5.43,-3.16,-3.51,-1.92,1206.7,825.01
364,37791981,Sell,0.01,8.85,9.16,8.81,0.04,1215.55,833.82
365,37748984,Buy,0.01,7.16,7.79,7.44,-0.28,1222.71,841.26
366,37701576,Sell,0.01,11.72,8.59,8.24,3.48,1234.43,849.5
367,37610153,Buy,0.01,9.18,8.39,8.04,1.14,1243.61,857.54
368,37543683,Buy,0.02,11.96,10.36,9.66,2.3,1255.57,867.2
369,37542995,Buy,0.01,-5.33,-3.22,-3.57,-1.76,1250.24,863.63
370,37542639,Sell,0.01,0.64,0.48,0.13,0.51,1250.88,863.76
371,37507379,Sell,0.01,7.19,8.85,8.5,-1.31,1258.07,872.26
372,37477144,Buy,0.01,7.23,5.94,5.59,1.64,1265.3,877.85
373,37442389,Buy,0.01,5.37,4.19,3.84,1.53,1270.67,881.69
374,37400976,Sell,0.01,3.88,2.7,2.35,1.53,1274.55,884.04
375,37386001,Buy,0.01,9.65,5.6,5.25,4.4,1284.2,889.29
376,37296835,Buy,0.01,4.42,-3.92,-4.27,8.69,1288.62,885.02
377,37217619,Sell,0.01,5.94,-1.27,-1.62,7.56,1294.56,883.4
378,37162697,Buy,0.01,4.38,-0.2,-0.55,4.93,1298.94,882.85
379,37145681,Sell,0.01,4.13,6.0,5.65,-1.52,1303.07,888.5
380,37082195,Buy,0.02,9.36,14.7,14.0,-4.64,1312.43,902.5
381,37045628,Sell,0.02,6.5,7.75,7.05,-0.55,1318.93,909.55
382,37005647,Sell,0.01,3.73,1.52,1.17,2.56,1322.66,910.72
383,36998918,Buy,0.01,4.74,7.13,6.78,-2.04,1327.4,917.5
384,36997575,Buy,0.01,-1.96,-4.14,-4.49,2.53,1325.44,913.01
385,36954767,Sell,0.01,3.94,4.46,4.11,-0.17,1329.38,917.12
386,36902372,Sell,0.01,2.84,2.08,1.73,1.11,1332.22,918.85
387,36893509,Buy,0.01,1.94,1.06,0.71,1.23,1334.16,919.56
388,36829995,Buy,0.02,3.94,6.03,5.33,-1.39,1338.1,924.89
389,36829878,Buy,0.01,-2.92,1.78,1.43,-4.35,1335.18,926.32
390,36829765,Sell,0.01,0.45,2.36,2.01,-1.56,1335.63,928.33
391,36768836,Buy,0.02,7.8,9.5,8.8,-1.0,1343.43,937.13
392,36726171,Sell,0.02,5.0,4.51,3.81,1.19,1348.43,940.94
393,36725889,Sell,0.02,4.94,4.1,3.4,1.54,1353.37,944.34
394,36682106,Sell,0.01,0.71,0.53,0.18,0.53,1354.08,944.52
395,36640713,Buy,0.02,4.56,7.43,6.73,-2.17,1358.64,951.25
396,36562770,Buy,0.01,2.88,3.05,2.7,0.18,1361.52,953.95
397,36562289,Buy,0.01,4.04,4.48,4.13,-0.09,1365.56,958.08
398,36561296,Sell,0.02,2.84,4.37,3.67,-0.83,1368.4,961.75
399,36508993,Buy,0.02,5.04,10.76,10.06,-5.02,1373.44,971.81
400,36508676,Buy,0.01,2.27,2.05,1.7,0.57,1375.71,973.51
401,36508294,Sell,0.02,4.98,6.88,6.18,-1.2,1380.69,979.69
402,36451248,Buy,0.01,1.43,1.96,1.61,-0.18,1382.12,981.3
403,36450588,Sell,0.01,3.62,3.98,3.63,-0.01,1385.74,984.93
404,36450406,Sell,0.01,-1.71,-3.25,-3.6,1.89,1384.03,981.33
405,36416362,Sell,0.01,3.02,2.78,2.43,0.59,1387.05,983.76
406,36414174,Sell,0.01,2.46,2.9,2.55,-0.09,1389.51,986.31
407,36383087,Buy,0.01,7.8,3.78,3.43,4.37,1397.31,989.74
408,36368405,Buy,0.01,1.2,1.64,1.29,-0.09,1398.51,991.03
409,36337657,Sell,0.01,1.81,2.4,2.05,-0.24,1400.32,993.08
410,36335183,Buy,0.01,1.32,-0.66,-1.01,2.33,1401.64,992.07
411,36335196,Buy,0.01,1.22,-0.66,-1.01,2.23,1402.86,991.06
412,36334931,Buy,0.01,1.43,1.63,1.28,0.15,1404.29,992.34
413,36322976,Buy,0.01,1.21,2.83,2.48,-1.27,1405.5,994.82
414,36283671,Sell,0.01,6.25,3.2,2.85,3.4,1411.75,997.67
415,36274877,Buy,0.01,2.01,1.84,1.49,0.52,1413.76,999.16
416,36228676,Sell,0.01,12.91,11.11,10.76,2.15,1426.67,1009.92
417,36227388,Sell,0.03,6.79,14.14,13.09,-6.3,1433.46,1023.01
418,36227385,Sell,0.01,6.03,7.42,7.07,-1.04,1439.49,1030.08
419,36168589,Buy,0.01,3.9,4.1,3.75,0.15,1443.39,1033.83
420,36168590,Buy,0.01,3.52,4.1,3.75,-0.23,1446.91,1037.58
421,36148327,Buy,0.01,0.82,1.16,0.81,0.01,1447.73,1038.39
422,36095791,Sell,0.01,2.52,2.97,2.62,-0.1,1450.25,1041.01
423,36094988,Buy,0.01,0.97,0.73,0.38,0.59,1451.22,1041.39
