observed_ticket,observed_open_time,observed_side,observed_lot,observed_entry_price,observed_close_time,observed_duration_min,observed_pnl,matched_gen_ticket,gen_open_time,gen_side,gen_lot,gen_entry_price,gen_close_time,gen_duration_min,gen_pnl,time_delta_min,price_delta_usd,duration_delta_min,pnl_delta_usd,match_quality
983845,2026-09-18 03:25:04,Buy,0.01,4336.1,2026-09-18 03:33:14,8.166666666666666,8.26,,,,,,,,,,,,,UNMATCHED
100829495,2026-09-17 13:21:20,Sell,0.01,4373.27,2026-09-17 13:29:43,8.383333333333333,6.53,40745.0,2026-09-17 13:17:00,Sell,0.01,4308.525,2026-09-17 13:24:00,7.0,-2.5,-4.333333333333333,-64.7450000000008,-1.3833333333333329,-9.030000000000001,LOOSE
100675478,2026-09-17 06:20:36,Sell,0.01,4306.96,2026-09-17 06:22:53,2.283333333333333,-1.44,40673.0,2026-09-17 06:12:00,Sell,0.01,4282.625,2026-09-17 06:15:00,3.0,-2.5,-8.6,-24.335000000000036,0.7166666666666668,-1.06,LOOSE
100653865,2026-09-17 03:00:33,Buy,0.01,4279.11,2026-09-17 03:21:35,21.033333333333335,5.2,,,,,,,,,,,,,UNMATCHED
100453335,2026-09-16 06:36:42,Buy,0.01,4325.5,2026-09-16 07:00:07,23.416666666666668,6.74,40554.0,2026-09-16 06:22:00,Buy,0.02,4339.845,2026-09-16 06:24:00,2.0,-5.0,-14.7,14.345000000000255,-21.416666666666668,-11.74,LOOSE
100126875,2026-09-15 05:52:49,Sell,0.01,4298.08,2026-09-15 05:58:55,6.1,5.8,40423.0,2026-09-15 05:51:00,Sell,0.01,4315.095,2026-09-15 05:55:00,4.0,2.789999999999964,-1.8166666666666667,17.015000000000327,-2.0999999999999996,-3.0100000000000358,LOOSE
99754992,2026-09-11 15:20:15,Buy,0.01,4363.75,2026-09-11 15:30:18,10.05,6.64,,,,,,,,,,,,,UNMATCHED
99738973,2026-09-11 04:57:55,Buy,0.01,4333.59,2026-09-11 05:02:21,4.433333333333334,-4.97,40103.0,2026-09-11 04:57:00,Buy,0.02,4327.295,2026-09-11 04:58:00,1.0,-5.0,-0.9166666666666666,-6.295000000000073,-3.4333333333333336,-0.03000000000000025,LOOSE
99615317,2026-09-10 19:27:09,Sell,0.01,4329.05,2026-09-10 20:02:43,35.56666666666667,5.71,,,,,,,,,,,,,UNMATCHED
99208828,2026-09-09 13:01:58,Buy,0.01,4404.63,2026-09-09 13:15:54,13.933333333333334,7.78,39945.0,2026-09-09 13:01:00,Buy,0.01,4390.855,2026-09-09 13:02:00,1.0,-2.5,-0.9666666666666667,-13.775000000000546,-12.933333333333334,-10.280000000000001,LOOSE
99000862,2026-09-08 17:07:06,Sell,0.01,4399.59,2026-09-08 17:29:05,21.983333333333334,4.28,,,,,,,,,,,,,UNMATCHED
98440487,2026-09-07 07:01:54,Buy,0.01,4394.74,2026-09-07 07:05:53,3.9833333333333334,4.39,39633.0,2026-09-07 07:13:00,Buy,0.02,4406.345,2026-09-07 07:17:00,4.0,-5.0,11.1,11.605000000000473,0.016666666666666607,-9.39,LOOSE
98366050,2026-09-04 12:43:11,Sell,0.01,4401.75,2026-09-04 12:48:05,4.9,17.67,39578.0,2026-09-04 12:44:00,Sell,0.02,4466.235,2026-09-04 12:46:00,2.0,-5.0,0.8166666666666667,64.48499999999967,-2.9000000000000004,-22.67,LOOSE
98188192,2026-09-03 09:36:09,Sell,0.01,4434.76,2026-09-03 09:57:10,21.016666666666666,7.19,39424.0,2026-09-03 09:40:00,Sell,0.01,4422.385,2026-09-03 09:41:00,1.0,-2.5,3.85,-12.375,-20.016666666666666,-9.690000000000001,LOOSE
98161217,2026-09-03 05:48:56,Sell,0.01,4434.66,2026-09-03 05:52:15,3.316666666666667,-3.75,39365.0,2026-09-03 05:49:00,Sell,0.01,4413.195,2026-09-03 05:50:00,1.0,-2.5,0.06666666666666667,-21.465000000000146,-2.316666666666667,1.25,LOOSE
98070555,2026-09-02 15:21:55,Buy,0.01,4366.67,2026-09-02 15:25:56,4.016666666666667,2.5,,,,,,,,,,,,,UNMATCHED
97982386,2026-09-02 06:04:25,Buy,0.01,4319.11,2026-09-02 08:50:28,166.05,1.28,39232.0,2026-09-02 06:08:00,Buy,0.02,4299.005,2026-09-02 06:15:00,7.0,4.699999999998909,3.5833333333333335,-20.104999999999563,-159.05,3.4199999999989084,LOOSE
97800092,2026-09-01 06:00:02,Sell,0.01,4440.12,2026-09-01 06:05:54,5.866666666666666,1.9,39055.0,2026-09-01 06:03:00,Sell,0.01,4440.995,2026-09-01 06:21:00,18.0,6.869999999999892,2.966666666666667,0.875,12.133333333333333,4.969999999999892,CLOSE
97638884,2026-08-31 05:03:50,Sell,0.01,4425.37,2026-08-31 05:09:37,5.783333333333333,5.49,38883.0,2026-08-31 05:04:00,Sell,0.02,4423.855,2026-08-31 05:05:00,1.0,-5.0,0.16666666666666666,-1.5150000000003274,-4.783333333333333,-10.49,LOOSE
97451919,2026-08-28 05:18:43,Buy,0.02,4580.67,2026-08-28 05:25:37,6.9,5.5,38760.0,2026-08-28 05:14:00,Buy,0.01,4580.715,2026-08-28 05:26:00,12.0,2.75,-4.716666666666667,0.04500000000007276,5.1,-2.75,CLOSE
97352852,2026-08-27 08:17:10,Sell,0.02,4604.68,2026-08-27 08:30:12,13.033333333333333,5.32,38663.0,2026-08-27 08:29:00,Sell,0.01,4618.855,2026-08-27 08:30:00,1.0,5.029999999999745,11.833333333333334,14.174999999999272,-12.033333333333333,-0.29000000000025494,LOOSE
97182841,2026-08-26 04:57:51,Buy,0.02,4640.61,2026-08-26 05:09:09,11.3,5.06,38518.0,2026-08-26 04:58:00,Buy,0.02,4658.315,2026-08-26 04:59:00,1.0,-5.0,0.15,17.704999999999927,-10.3,-10.059999999999999,LOOSE
97143853,2026-08-25 17:27:24,Buy,0.01,4640.95,2026-08-25 17:35:19,7.916666666666667,-1.09,,,,,,,,,,,,,UNMATCHED
97042659,2026-08-25 05:04:19,Buy,0.01,4629.55,2026-08-25 05:10:16,5.95,5.93,38337.0,2026-08-25 05:02:00,Buy,0.01,4660.025,2026-08-25 05:03:00,1.0,-2.5,-2.316666666666667,30.474999999999454,-4.95,-8.43,LOOSE
96882975,2026-08-24 04:34:43,Buy,0.01,4635.03,2026-08-24 05:07:05,32.36666666666667,6.72,38106.0,2026-08-24 04:35:00,Buy,0.02,4614.365,2026-08-24 04:37:00,2.0,10.94000000000051,0.2833333333333333,-20.664999999999964,-30.366666666666667,4.22000000000051,LOOSE
96756936,2026-08-21 05:11:26,Buy,0.01,4536.82,2026-08-21 05:15:14,3.8,1.02,37952.0,2026-08-21 05:07:00,Buy,0.01,4524.475,2026-08-21 05:10:00,3.0,-2.5,-4.433333333333334,-12.344999999999345,-0.7999999999999998,-3.52,LOOSE
96653069,2026-08-20 05:03:17,Sell,0.01,4490.48,2026-08-20 05:27:21,24.066666666666666,4.65,37848.0,2026-08-20 05:07:00,Sell,0.01,4495.845,2026-08-20 05:11:00,4.0,-2.5,3.716666666666667,5.365000000000691,-20.066666666666666,-7.15,LOOSE
96566692,2026-08-19 05:06:43,Sell,0.02,4343.53,2026-08-19 05:14:58,8.25,8.0,37733.0,2026-08-19 05:03:00,Sell,0.02,4352.905,2026-08-19 05:05:00,2.0,-5.0,-3.716666666666667,9.375,-6.25,-13.0,LOOSE
96484066,2026-08-18 03:00:51,Sell,0.01,4399.36,2026-08-18 05:14:35,133.73333333333332,6.92,,,,,,,,,,,,,UNMATCHED
96391293,2026-08-17 04:49:26,Sell,0.01,4395.88,2026-08-17 05:04:50,15.4,2.43,37545.0,2026-08-17 04:49:00,Sell,0.02,4395.615,2026-08-17 04:50:00,1.0,5.459999999999127,-0.43333333333333335,-0.2650000000003274,-14.4,3.0299999999991267,CLOSE
96332229,2026-08-14 05:50:02,Buy,0.01,4326.97,2026-08-14 07:10:43,80.68333333333334,6.7,37458.0,2026-08-14 05:50:00,Buy,0.01,4316.655,2026-08-14 05:56:00,6.0,-2.5,-0.03333333333333333,-10.31500000000051,-74.68333333333334,-9.2,LOOSE
96325914,2026-08-14 05:00:52,Sell,0.01,4324.79,2026-08-14 05:19:37,18.75,6.04,37439.0,2026-08-14 05:00:00,Sell,0.01,4317.995,2026-08-14 05:01:00,1.0,-2.5,-0.8666666666666667,-6.795000000000073,-17.75,-8.54,LOOSE
96202433,2026-08-13 05:13:29,Buy,0.01,4402.6,2026-08-13 05:15:27,1.9666666666666666,2.24,37331.0,2026-08-13 05:10:00,Buy,0.02,4412.545,2026-08-13 05:14:00,4.0,-5.0,-3.4833333333333334,9.944999999999709,2.033333333333333,-7.24,LOOSE
96113042,2026-08-12 12:00:05,Sell,0.01,4412.26,2026-08-12 12:07:11,7.1,3.54,37279.0,2026-08-12 11:48:00,Sell,0.02,4403.015,2026-08-12 12:03:00,15.0,-5.0,-12.083333333333334,-9.24499999999989,7.9,-8.54,LOOSE
96024216,2026-08-11 08:51:13,Sell,0.01,4375.16,2026-08-11 09:01:18,10.083333333333334,6.7,37142.0,2026-08-11 08:51:00,Sell,0.02,4369.665,2026-08-11 08:52:00,1.0,-5.0,-0.21666666666666667,-5.494999999999891,-9.083333333333334,-11.7,LOOSE
96004348,2026-08-11 04:58:04,Sell,0.01,4405.96,2026-08-11 04:59:58,1.9,-3.58,37071.0,2026-08-11 05:00:00,Sell,0.01,4429.195,2026-08-11 05:02:00,2.0,3.619999999999891,1.9333333333333333,23.234999999999673,0.10000000000000009,7.199999999999891,LOOSE
95918631,2026-08-10 04:10:04,Buy,0.01,4328.99,2026-08-10 04:22:20,12.266666666666667,7.46,36939.0,2026-08-10 04:07:00,Buy,0.01,4324.675,2026-08-10 04:10:00,3.0,-2.5,-3.066666666666667,-4.3149999999996,-9.266666666666667,-9.96,LOOSE
95800620,2026-08-07 05:08:00,Buy,0.01,4263.68,2026-08-07 05:17:20,9.333333333333334,4.74,36818.0,2026-08-07 05:01:00,Buy,0.02,4258.675,2026-08-07 05:34:00,33.0,-5.0,-7.0,-5.005000000000109,23.666666666666664,-9.74,LOOSE
95773198,2026-08-06 17:23:51,Buy,0.01,4239.76,2026-08-06 17:55:52,32.016666666666666,5.6,,,,,,,,,,,,,UNMATCHED
95709969,2026-08-06 04:35:50,Buy,0.01,4258.33,2026-08-06 05:04:52,29.033333333333335,1.1,36666.0,2026-08-06 04:37:00,Buy,0.01,4285.395,2026-08-06 04:38:00,1.0,6.449999999999818,1.1666666666666667,27.06500000000051,-28.033333333333335,5.3499999999998185,LOOSE
95612645,2026-08-05 08:44:22,Sell,0.01,4165.21,2026-08-05 08:52:17,7.916666666666667,3.23,36587.0,2026-08-05 08:48:00,Sell,0.01,4164.305,2026-08-05 08:49:00,1.0,-2.5,3.6333333333333333,-0.9049999999997453,-6.916666666666667,-5.73,CLOSE
95598021,2026-08-05 04:50:18,Buy,0.01,4133.53,2026-08-05 05:20:38,30.333333333333332,4.04,36537.0,2026-08-05 04:50:00,Buy,0.02,4093.885,2026-08-05 04:58:00,8.0,14.840000000000146,-0.3,-39.64499999999953,-22.333333333333332,10.800000000000146,LOOSE
95576013,2026-08-04 18:47:35,Sell,0.01,4076.22,2026-08-04 18:59:40,12.083333333333334,-4.0,,,,,,,,,,,,,UNMATCHED
95511070,2026-08-04 05:06:17,Sell,0.01,4061.67,2026-08-04 05:17:10,10.883333333333333,2.66,36476.0,2026-08-04 05:03:00,Sell,0.01,4058.225,2026-08-04 05:37:00,34.0,-2.5,-3.283333333333333,-3.4450000000001637,23.116666666666667,-5.16,LOOSE
95443868,2026-08-03 05:03:06,Sell,0.01,4063.33,2026-08-03 05:16:22,13.266666666666667,5.5,36383.0,2026-08-03 05:07:00,Sell,0.01,4058.875,2026-08-03 05:13:00,6.0,4.909999999999855,3.9,-4.454999999999927,-7.2666666666666675,-0.5900000000001446,LOOSE
95369124,2026-07-31 04:51:51,Buy,0.01,4076.89,2026-07-31 05:24:09,32.3,4.76,36299.0,2026-07-31 04:54:00,Buy,0.01,4084.665,2026-07-31 05:02:00,8.0,-2.5,2.15,7.775000000000091,-24.299999999999997,-7.26,LOOSE
95298275,2026-07-30 09:32:41,Buy,0.01,4062.11,2026-07-30 09:36:57,4.266666666666667,5.28,36207.0,2026-07-30 09:33:00,Buy,0.02,4035.745,2026-07-30 09:54:00,21.0,7.360000000000583,0.31666666666666665,-26.365000000000236,16.733333333333334,2.0800000000005827,LOOSE
95248660,2026-07-29 20:00:54,Buy,0.01,4047.81,2026-07-29 20:08:41,7.783333333333333,3.87,,,,,,,,,,,,,UNMATCHED
95168933,2026-07-29 04:20:48,Buy,0.01,4022.45,2026-07-29 04:53:59,33.18333333333333,2.85,36057.0,2026-07-29 04:17:00,Buy,0.01,4013.655,2026-07-29 04:20:00,3.0,2.8899999999998727,-3.8,-8.794999999999618,-30.18333333333333,0.03999999999987258,LOOSE
95107372,2026-07-28 04:47:22,Sell,0.01,4046.03,2026-07-28 05:28:37,41.25,4.07,35986.0,2026-07-28 04:50:00,Sell,0.01,4046.035,2026-07-28 04:52:00,2.0,2.6700000000000728,2.6333333333333333,0.004999999999654392,-39.25,-1.3999999999999275,CLOSE
95072289,2026-07-27 13:33:09,Buy,0.01,4078.44,2026-07-27 13:45:17,12.133333333333333,9.29,35970.0,2026-07-27 13:39:00,Buy,0.02,4097.245,2026-07-27 13:43:00,4.0,6.940000000000509,5.85,18.804999999999836,-8.133333333333333,-2.34999999999949,LOOSE
95047920,2026-07-27 04:18:11,Buy,0.01,4087.56,2026-07-27 05:11:22,53.18333333333333,5.58,35905.0,2026-07-27 04:17:00,Buy,0.01,4107.845,2026-07-27 04:18:00,1.0,-2.5,-1.1833333333333333,20.28500000000031,-52.18333333333333,-8.08,LOOSE
94991858,2026-07-24 07:35:14,Sell,0.01,4052.29,2026-07-24 08:26:33,51.31666666666667,3.78,35861.0,2026-07-24 07:47:00,Sell,0.02,4025.645,2026-07-24 07:57:00,10.0,-5.0,11.766666666666667,-26.644999999999982,-41.31666666666667,-8.78,LOOSE
94986774,2026-07-24 05:50:08,Sell,0.01,4028.48,2026-07-24 06:00:10,10.033333333333333,4.29,35850.0,2026-07-24 05:50:00,Sell,0.02,4026.265,2026-07-24 05:51:00,1.0,-5.0,-0.13333333333333333,-2.2150000000001455,-9.033333333333333,-9.29,LOOSE
94942223,2026-07-23 09:20:23,Sell,0.01,4096.12,2026-07-23 10:30:45,70.36666666666666,2.96,35777.0,2026-07-23 09:23:00,Sell,0.01,4124.045,2026-07-23 09:33:00,10.0,2.7100000000000364,2.6166666666666667,27.925000000000182,-60.36666666666666,-0.24999999999996358,LOOSE
94927689,2026-07-23 04:48:08,Buy,0.01,4123.62,2026-07-23 05:07:30,19.366666666666667,-2.1,35731.0,2026-07-23 04:50:00,Buy,0.01,4121.225,2026-07-23 04:53:00,3.0,-2.5,1.8666666666666667,-2.394999999999527,-16.366666666666667,-0.3999999999999999,LOOSE
94908427,2026-07-22 19:54:35,Buy,0.01,4129.52,2026-07-22 20:03:30,8.916666666666666,1.14,,,,,,,,,,,,,UNMATCHED
94864297,2026-07-22 04:00:59,Sell,0.01,4130.33,2026-07-22 05:02:01,61.03333333333333,2.1,35618.0,2026-07-22 04:02:00,Sell,0.01,4104.915,2026-07-22 04:03:00,1.0,-2.5,1.0166666666666666,-25.414999999999964,-60.03333333333333,-4.6,LOOSE
94842197,2026-07-21 16:41:05,Sell,0.01,4074.65,2026-07-21 16:44:14,3.15,2.32,,,,,,,,,,,,,UNMATCHED
94810342,2026-07-21 06:41:33,Buy,0.01,4075.28,2026-07-21 06:54:41,13.133333333333333,4.74,35559.0,2026-07-21 06:48:00,Buy,0.02,4042.765,2026-07-21 06:53:00,5.0,5.360000000000582,6.45,-32.51500000000033,-8.133333333333333,0.6200000000005819,LOOSE
94775324,2026-07-20 14:51:46,Sell,0.01,4010.12,2026-07-20 14:59:42,7.933333333333334,3.71,,,,,,,,,,,,,UNMATCHED
94754184,2026-07-20 08:10:48,Buy,0.01,4020.21,2026-07-20 08:19:04,8.266666666666667,5.38,35463.0,2026-07-20 08:14:00,Buy,0.01,4013.475,2026-07-20 08:25:00,11.0,-2.5,3.2,-6.735000000000127,2.7333333333333325,-7.88,LOOSE
94694698,2026-07-17 06:35:22,Sell,0.01,4003.55,2026-07-17 07:48:29,73.11666666666666,5.33,35335.0,2026-07-17 06:34:00,Sell,0.02,3997.005,2026-07-17 06:38:00,4.0,-5.0,-1.3666666666666667,-6.545000000000073,-69.11666666666666,-10.33,LOOSE
94627775,2026-07-16 05:45:23,Sell,0.01,4032.12,2026-07-16 05:57:20,11.95,2.64,35229.0,2026-07-16 05:41:00,Sell,0.02,4026.175,2026-07-16 05:45:00,4.0,-5.0,-4.383333333333334,-5.944999999999709,-7.949999999999999,-7.640000000000001,LOOSE
94588522,2026-07-15 12:13:35,Buy,0.01,4036.97,2026-07-15 12:24:38,11.05,1.36,35190.0,2026-07-15 11:58:00,Buy,0.02,4032.595,2026-07-15 12:08:00,10.0,-5.0,-15.583333333333334,-4.375,-1.0500000000000007,-6.36,DISTANT
94571902,2026-07-15 05:31:12,Buy,0.01,4025.35,2026-07-15 05:41:16,10.066666666666666,7.2,35125.0,2026-07-15 05:31:00,Buy,0.02,4035.945,2026-07-15 05:32:00,1.0,-5.0,-0.2,10.595000000000255,-9.066666666666666,-12.2,LOOSE
94518850,2026-07-14 05:30:53,Buy,0.01,4024.24,2026-07-14 06:08:09,37.266666666666666,7.08,35031.0,2026-07-14 05:28:00,Buy,0.01,4016.475,2026-07-14 05:34:00,6.0,-2.5,-2.8833333333333333,-7.764999999999873,-31.266666666666666,-9.58,LOOSE
94517647,2026-07-14 04:51:04,Sell,0.01,4017.7,2026-07-14 04:55:55,4.85,-1.69,35019.0,2026-07-14 04:46:00,Sell,0.01,3999.905,2026-07-14 04:49:00,3.0,-2.5,-5.066666666666666,-17.794999999999618,-1.8499999999999996,-0.81,LOOSE
94482317,2026-07-13 12:43:27,Sell,0.01,4063.5,2026-07-13 12:49:24,5.95,-3.54,34988.0,2026-07-13 12:37:00,Sell,0.01,4070.255,2026-07-13 12:44:00,7.0,-2.5,-6.45,6.755000000000109,1.0499999999999998,1.04,LOOSE
94467306,2026-07-13 05:16:27,Sell,0.01,4066.64,2026-07-13 05:29:25,12.966666666666667,8.19,34889.0,2026-07-13 05:12:00,Sell,0.01,4071.935,2026-07-13 05:24:00,12.0,2.0099999999997635,-4.45,5.295000000000073,-0.9666666666666668,-6.180000000000236,LOOSE
94425120,2026-07-10 05:49:00,Buy,0.01,4111.13,2026-07-10 06:08:48,19.8,5.39,34797.0,2026-07-10 05:54:00,Buy,0.02,4127.955,2026-07-10 05:56:00,2.0,-5.0,5.0,16.824999999999818,-17.8,-10.39,LOOSE
94382823,2026-07-09 07:15:32,Buy,0.01,4101.86,2026-07-09 07:37:26,21.9,6.34,34688.0,2026-07-09 07:21:00,Buy,0.02,4059.005,2026-07-09 07:34:00,13.0,8.460000000000036,5.466666666666667,-42.85499999999956,-8.899999999999999,2.1200000000000365,LOOSE
94375434,2026-07-09 04:39:07,Sell,0.01,4063.53,2026-07-09 04:43:07,4.0,3.94,34651.0,2026-07-09 04:31:00,Sell,0.02,4064.965,2026-07-09 04:32:00,1.0,-5.0,-8.116666666666667,1.4349999999999454,-3.0,-8.94,LOOSE
94351863,2026-07-08 11:04:59,Sell,0.01,4053.41,2026-07-08 11:34:03,29.066666666666666,5.72,34560.0,2026-07-08 10:56:00,Sell,0.02,4119.005,2026-07-08 11:16:00,20.0,27.420000000000076,-8.983333333333333,65.59500000000025,-9.066666666666666,21.700000000000077,LOOSE
94339039,2026-07-08 05:08:25,Sell,0.01,4131.49,2026-07-08 05:25:20,16.916666666666668,6.64,34489.0,2026-07-08 05:12:00,Sell,0.01,4115.265,2026-07-08 05:15:00,3.0,2.6400000000003274,3.5833333333333335,-16.224999999999454,-13.916666666666668,-3.9999999999996723,LOOSE
94292496,2026-07-07 08:45:26,Sell,0.01,4130.41,2026-07-07 08:57:37,12.183333333333334,3.51,34406.0,2026-07-07 08:49:00,Sell,0.01,4121.125,2026-07-07 08:50:00,1.0,-2.5,3.566666666666667,-9.284999999999854,-11.183333333333334,-6.01,LOOSE
94291110,2026-07-07 07:41:18,Sell,0.01,4128.54,2026-07-07 07:43:52,2.566666666666667,-2.74,34386.0,2026-07-07 07:45:00,Sell,0.02,4128.555,2026-07-07 07:46:00,1.0,-5.0,3.7,0.015000000000327418,-1.5666666666666669,-2.26,CLOSE
94289139,2026-07-07 05:30:02,Sell,0.01,4127.24,2026-07-07 05:33:52,3.8333333333333335,5.04,34363.0,2026-07-07 05:30:00,Sell,0.02,4140.265,2026-07-07 05:32:00,2.0,4.380000000001019,-0.03333333333333333,13.025000000000546,-1.8333333333333335,-0.6599999999989814,LOOSE
94258974,2026-07-06 03:37:10,Sell,0.01,4167.97,2026-07-06 04:23:13,46.05,5.12,34208.0,2026-07-06 04:01:00,Sell,0.02,4177.195,2026-07-06 04:02:00,1.0,-5.0,23.833333333333332,9.224999999999454,-45.05,-10.120000000000001,DISTANT
94241160,2026-07-03 05:08:26,Sell,0.01,4180.61,2026-07-03 05:22:23,13.95,4.8,34123.0,2026-07-03 05:05:00,Sell,0.01,4179.105,2026-07-03 05:10:00,5.0,-2.5,-3.433333333333333,-1.5050000000001091,-8.95,-7.3,LOOSE
94240579,2026-07-03 03:32:03,Buy,0.01,4179.46,2026-07-03 03:35:00,2.95,1.95,,,,,,,,,,,,,UNMATCHED
94223505,2026-07-02 13:13:42,Buy,0.01,4124.15,2026-07-02 13:15:41,1.9833333333333334,-3.29,34081.0,2026-07-02 13:17:00,Buy,0.02,4062.585,2026-07-02 13:20:00,3.0,4.739999999999782,3.3,-61.5649999999996,1.0166666666666666,8.02999999999978,LOOSE
94199359,2026-07-01 14:01:51,Sell,0.01,4093.49,2026-07-01 14:03:41,1.8333333333333333,8.63,33932.0,2026-07-01 13:39:00,Sell,0.01,3990.535,2026-07-01 13:45:00,6.0,3.2399999999997817,-22.85,-102.95499999999993,4.166666666666667,-5.390000000000219,DISTANT
94147775,2026-06-30 04:15:05,Buy,0.01,3972.5,2026-06-30 04:25:58,10.883333333333333,5.19,33624.0,2026-06-30 04:17:00,Buy,0.01,3956.055,2026-06-30 04:18:00,1.0,12.900000000000093,1.9166666666666667,-16.445000000000164,-9.883333333333333,7.710000000000092,LOOSE
94116926,2026-06-29 11:55:16,Buy,0.01,4037.87,2026-06-29 12:08:30,13.233333333333333,8.67,33581.0,2026-06-29 12:00:00,Buy,0.01,4046.805,2026-06-29 12:08:00,8.0,7.309999999999945,4.733333333333333,8.934999999999945,-5.2333333333333325,-1.3600000000000545,LOOSE
94074059,2026-06-26 11:36:53,Sell,0.01,4051.97,2026-06-26 11:49:42,12.816666666666666,4.55,33411.0,2026-06-26 11:48:00,Sell,0.02,4034.825,2026-06-26 11:57:00,9.0,8.699999999999818,11.116666666666667,-17.144999999999982,-3.8166666666666664,4.149999999999818,LOOSE
94051620,2026-06-25 16:46:01,Buy,0.01,4025.8,2026-06-25 17:27:18,41.28333333333333,8.77,,,,,,,,,,,,,UNMATCHED
93990129,2026-06-25 04:19:16,Buy,0.01,3990.0,2026-06-25 04:30:21,11.083333333333334,4.22,33073.0,2026-06-25 04:20:00,Buy,0.01,3994.045,2026-06-25 04:21:00,1.0,4.269999999999982,0.7333333333333333,4.045000000000073,-10.083333333333334,0.04999999999998206,LOOSE
93935706,2026-06-24 13:41:19,Buy,0.01,4007.36,2026-06-24 13:46:25,5.1,2.37,33053.0,2026-06-24 13:41:00,Buy,0.01,4061.165,2026-06-24 13:44:00,3.0,4.610000000000127,-0.31666666666666665,53.804999999999836,-2.0999999999999996,2.2400000000001272,LOOSE
93909211,2026-06-24 07:08:33,Buy,0.01,4088.7,2026-06-24 07:15:20,6.783333333333333,-3.38,32952.0,2026-06-24 07:08:00,Buy,0.02,4058.325,2026-06-24 07:11:00,3.0,-5.0,-0.55,-30.375,-3.783333333333333,-1.62,LOOSE
93873774,2026-06-23 18:06:17,Sell,0.01,4127.31,2026-06-23 18:32:06,25.816666666666666,4.54,,,,,,,,,,,,,UNMATCHED
93832434,2026-06-23 03:39:04,Buy,0.01,4135.04,2026-06-23 03:48:57,9.883333333333333,3.98,32683.0,2026-06-23 04:02:00,Buy,0.01,4194.335,2026-06-23 04:03:00,1.0,-2.5,22.933333333333334,59.29500000000007,-8.883333333333333,-6.48,DISTANT
93798546,2026-06-22 05:28:11,Buy,0.01,4189.21,2026-06-22 05:39:30,11.316666666666666,6.82,32584.0,2026-06-22 05:31:00,Buy,0.01,4191.645,2026-06-22 05:32:00,1.0,-2.5,2.816666666666667,2.4350000000004,-10.316666666666666,-9.32,LOOSE
93776205,2026-06-19 05:32:37,Sell,0.01,4137.68,2026-06-19 05:41:30,8.883333333333333,5.04,32406.0,2026-06-19 05:37:00,Sell,0.01,4180.775,2026-06-19 05:42:00,5.0,-2.5,4.383333333333334,43.094999999999345,-3.883333333333333,-7.54,LOOSE
93757800,2026-06-18 15:09:38,Sell,0.01,4253.6,2026-06-18 15:17:36,7.966666666666667,7.6,,,,,,,,,,,,,UNMATCHED
93700747,2026-06-17 05:49:19,Sell,0.01,4332.93,2026-06-17 05:58:07,8.8,6.92,32154.0,2026-06-17 05:48:00,Sell,0.02,4332.775,2026-06-17 05:50:00,2.0,-5.0,-1.3166666666666667,-0.15500000000065484,-6.800000000000001,-11.92,CLOSE
93682742,2026-06-16 12:06:09,Buy,0.01,4339.92,2026-06-16 12:11:57,5.8,3.27,32127.0,2026-06-16 12:09:00,Buy,0.01,4346.885,2026-06-16 12:18:00,9.0,-2.5,2.85,6.9650000000001455,3.2,-5.77,LOOSE
93681010,2026-06-16 10:18:40,Sell,0.01,4344.69,2026-06-16 10:22:06,3.433333333333333,-1.7,32103.0,2026-06-16 10:22:00,Sell,0.01,4326.295,2026-06-16 10:27:00,5.0,-2.5,3.3333333333333335,-18.394999999999527,1.5666666666666669,-0.8,LOOSE
93650934,2026-06-15 13:30:46,Buy,0.01,4355.08,2026-06-15 13:41:37,10.85,10.07,32026.0,2026-06-15 13:32:00,Buy,0.02,4338.785,2026-06-15 13:39:00,7.0,-5.0,1.2333333333333334,-16.295000000000073,-3.8499999999999996,-15.07,LOOSE
93631282,2026-06-15 05:44:57,Sell,0.01,4312.83,2026-06-15 05:45:22,0.4166666666666667,2.51,31931.0,2026-06-15 05:45:00,Sell,0.01,4330.025,2026-06-15 05:47:00,2.0,-2.5,0.05,17.19499999999971,1.5833333333333333,-5.01,LOOSE
93609754,2026-06-12 14:23:16,Buy,0.01,4184.03,2026-06-12 14:29:50,6.566666666666666,5.87,31887.0,2026-06-12 13:58:00,Buy,0.01,4210.565,2026-06-12 14:04:00,6.0,-2.5,-25.266666666666666,26.534999999999854,-0.5666666666666664,-8.370000000000001,DISTANT
93598278,2026-06-12 05:17:41,Sell,0.01,4185.65,2026-06-12 05:27:33,9.866666666666667,-2.4,31711.0,2026-06-12 05:16:00,Sell,0.02,4192.985,2026-06-12 05:24:00,8.0,4.3799999999992,-1.6833333333333333,7.335000000000036,-1.8666666666666671,6.7799999999992,LOOSE
93557927,2026-06-11 06:36:08,Buy,0.01,4086.19,2026-06-11 06:57:10,21.033333333333335,8.09,31534.0,2026-06-11 06:34:00,Buy,0.01,4066.685,2026-06-11 06:36:00,2.0,-2.5,-2.1333333333333333,-19.50500000000011,-19.033333333333335,-10.59,LOOSE
93510992,2026-06-10 05:02:18,Sell,0.01,4177.67,2026-06-10 05:06:00,3.7,1.99,31234.0,2026-06-10 05:04:00,Sell,0.02,4185.245,2026-06-10 05:07:00,3.0,9.340000000000146,1.7,7.574999999999818,-0.7000000000000002,7.350000000000145,LOOSE
93474519,2026-06-09 07:32:19,Sell,0.01,4326.45,2026-06-09 07:40:24,8.083333333333334,0.01,31106.0,2026-06-09 07:17:00,Sell,0.02,4330.835,2026-06-09 07:35:00,18.0,11.659999999999854,-15.316666666666666,4.385000000000218,9.916666666666666,11.649999999999855,DISTANT
93461391,2026-06-08 15:18:03,Buy,0.01,4324.16,2026-06-08 15:22:58,4.916666666666667,8.15,,,,,,,,,,,,,UNMATCHED
93443489,2026-06-08 05:38:58,Buy,0.01,4279.91,2026-06-08 05:42:07,3.15,2.95,30866.0,2026-06-08 05:37:00,Buy,0.02,4308.415,2026-06-08 05:41:00,4.0,6.139999999999418,-1.9666666666666666,28.50500000000011,0.8500000000000001,3.1899999999994177,LOOSE
93411173,2026-06-05 11:55:49,Sell,0.01,4470.45,2026-06-05 12:07:21,11.533333333333333,2.26,30790.0,2026-06-05 12:08:00,Sell,0.02,4460.615,2026-06-05 12:13:00,5.0,-5.0,12.183333333333334,-9.835000000000036,-6.533333333333333,-7.26,LOOSE
93404708,2026-06-05 04:16:51,Sell,0.01,4442.42,2026-06-05 04:19:28,2.6166666666666667,2.41,30679.0,2026-06-05 04:18:00,Sell,0.02,4460.625,2026-06-05 04:19:00,1.0,-5.0,1.15,18.204999999999927,-1.6166666666666667,-7.41,LOOSE
93377409,2026-06-04 07:05:50,Sell,0.01,4469.47,2026-06-04 07:13:26,7.6,5.21,30595.0,2026-06-04 07:18:00,Sell,0.02,4470.435,2026-06-04 07:21:00,3.0,-5.0,12.166666666666666,0.9650000000001455,-4.6,-10.21,LOOSE
93376580,2026-06-04 06:02:48,Sell,0.01,4472.1,2026-06-04 06:03:13,0.4166666666666667,-3.03,30581.0,2026-06-04 05:58:00,Sell,0.01,4471.845,2026-06-04 05:59:00,1.0,-2.5,-4.8,-0.25500000000010914,0.5833333333333333,0.5299999999999998,CLOSE
93360769,2026-06-03 15:19:30,Sell,0.01,4446.07,2026-06-03 15:46:02,26.533333333333335,5.42,,,,,,,,,,,,,UNMATCHED
93345132,2026-06-03 04:31:17,Sell,0.01,4476.49,2026-06-03 04:50:55,19.633333333333333,4.54,30416.0,2026-06-03 04:37:00,Sell,0.01,4471.005,2026-06-03 04:38:00,1.0,2.180000000000291,5.716666666666667,-5.484999999999673,-18.633333333333333,-2.359999999999709,LOOSE
93309253,2026-06-02 13:27:01,Sell,0.01,4515.09,2026-06-02 13:30:32,3.5166666666666666,5.05,30399.0,2026-06-02 13:23:00,Sell,0.02,4525.125,2026-06-02 13:26:00,3.0,-5.0,-4.016666666666667,10.034999999999854,-0.5166666666666666,-10.05,LOOSE
93277546,2026-06-01 13:40:02,Sell,0.01,4472.54,2026-06-01 13:41:39,1.6166666666666667,5.5,30281.0,2026-06-01 13:50:00,Sell,0.02,4508.955,2026-06-01 13:59:00,9.0,11.260000000000218,9.966666666666667,36.414999999999964,7.383333333333333,5.760000000000218,LOOSE
93252299,2026-06-01 08:07:05,Sell,0.01,4498.93,2026-06-01 08:28:55,21.833333333333332,3.84,30208.0,2026-06-01 08:21:00,Sell,0.02,4520.925,2026-06-01 08:32:00,11.0,10.97400000000016,13.916666666666666,21.99499999999989,-10.833333333333332,7.13400000000016,LOOSE
93235333,2026-05-29 18:01:51,Buy,0.01,4553.24,2026-05-29 18:42:51,41.0,6.35,,,,,,,,,,,,,UNMATCHED
93210316,2026-05-29 06:09:04,Sell,0.01,4515.02,2026-05-29 06:13:41,4.616666666666666,2.66,30085.0,2026-05-29 06:09:00,Sell,0.02,4497.845,2026-05-29 06:13:00,4.0,4.260000000000218,-0.06666666666666667,-17.175000000000182,-0.6166666666666663,1.6000000000002181,LOOSE
93199497,2026-05-28 17:45:24,Buy,0.01,4508.61,2026-05-28 18:06:30,21.1,4.58,,,,,,,,,,,,,UNMATCHED
93184362,2026-05-28 14:04:21,Sell,0.01,4424.02,2026-05-28 14:06:49,2.466666666666667,-2.98,30053.0,2026-05-28 13:59:00,Sell,0.01,4382.285,2026-05-28 14:00:00,1.0,-2.5,-5.35,-41.73500000000058,-1.4666666666666668,0.48,LOOSE
93169426,2026-05-28 04:11:24,Sell,0.01,4378.3,2026-05-28 04:23:55,12.516666666666667,6.17,29864.0,2026-05-28 04:09:00,Sell,0.01,4444.088,2026-05-28 04:15:00,6.0,5.989999999999782,-2.4,65.78799999999956,-6.5166666666666675,-0.1800000000002182,LOOSE
93131167,2026-05-27 11:50:40,Sell,0.01,4438.17,2026-05-27 12:01:34,10.9,3.75,29828.0,2026-05-27 11:57:00,Sell,0.01,4495.735,2026-05-27 12:07:00,10.0,6.309999999999491,6.333333333333333,57.5649999999996,-0.9000000000000004,2.5599999999994907,LOOSE
93121138,2026-05-27 06:21:22,Sell,0.01,4489.13,2026-05-27 06:43:57,22.583333333333332,3.87,29762.0,2026-05-27 06:27:00,Sell,0.01,4506.938,2026-05-27 06:38:00,11.0,4.140000000000327,5.633333333333334,17.807999999999993,-11.583333333333332,0.2700000000003273,LOOSE
93095183,2026-05-26 12:35:27,Sell,0.01,4509.03,2026-05-26 12:40:56,5.483333333333333,4.17,29713.0,2026-05-26 12:32:00,Sell,0.02,4519.485,2026-05-26 12:37:00,5.0,4.779999999998836,-3.45,10.454999999999927,-0.4833333333333334,0.6099999999988359,LOOSE
93091481,2026-05-26 10:48:28,Sell,0.01,4535.78,2026-05-26 10:51:18,2.8333333333333335,-2.57,29692.0,2026-05-26 10:52:00,Sell,0.01,4533.255,2026-05-26 10:56:00,4.0,-2.5,3.533333333333333,-2.524999999999636,1.1666666666666665,0.06999999999999984,LOOSE
93086094,2026-05-26 05:40:30,Sell,0.01,4532.04,2026-05-26 05:57:17,16.783333333333335,4.61,29643.0,2026-05-26 05:43:00,Sell,0.01,4535.965,2026-05-26 05:47:00,4.0,3.949999999999818,2.5,3.925000000000182,-12.783333333333335,-0.6600000000001822,LOOSE
93070782,2026-05-25 12:59:41,Sell,0.01,4568.44,2026-05-25 13:02:57,3.2666666666666666,5.24,29622.0,2026-05-25 13:13:00,Sell,0.02,4571.415,2026-05-25 13:44:00,31.0,4.334000000000742,13.316666666666666,2.975000000000364,27.733333333333334,-0.9059999999992581,LOOSE
93064584,2026-05-25 06:09:03,Buy,0.02,4551.65,2026-05-25 06:28:09,19.1,6.5,29584.0,2026-05-25 06:00:00,Buy,0.01,4561.235,2026-05-25 06:44:00,44.0,-2.5,-9.05,9.585000000000036,24.9,-9.0,LOOSE
93037747,2026-05-22 12:30:46,Sell,0.01,4522.59,2026-05-22 12:33:14,2.466666666666667,4.0,29530.0,2026-05-22 12:30:00,Sell,0.01,4517.495,2026-05-22 12:36:00,6.0,-2.5,-0.7666666666666667,-5.095000000000255,3.533333333333333,-6.5,LOOSE
93029514,2026-05-22 05:36:56,Buy,0.01,4530.06,2026-05-22 05:40:30,3.566666666666667,3.09,29458.0,2026-05-22 05:49:00,Buy,0.01,4523.945,2026-05-22 05:55:00,6.0,-2.5,12.066666666666666,-6.115000000000691,2.433333333333333,-5.59,LOOSE
93028917,2026-05-22 04:41:02,Sell,0.01,4526.58,2026-05-22 04:45:37,4.583333333333333,-2.66,29444.0,2026-05-22 04:41:00,Sell,0.01,4521.595,2026-05-22 04:42:00,1.0,-2.5,-0.03333333333333333,-4.984999999999673,-3.583333333333333,0.16000000000000014,LOOSE
92991008,2026-05-21 06:39:49,Sell,0.01,4528.46,2026-05-21 06:54:47,14.966666666666667,5.53,29312.0,2026-05-21 06:37:00,Sell,0.02,4531.745,2026-05-21 06:42:00,5.0,-5.0,-2.816666666666667,3.2849999999998545,-9.966666666666667,-10.530000000000001,LOOSE
92943988,2026-05-20 06:00:09,Buy,0.01,4471.76,2026-05-20 06:01:47,1.6333333333333333,3.4,29127.0,2026-05-20 06:02:00,Buy,0.01,4462.975,2026-05-20 06:03:00,1.0,3.0799999999999272,1.85,-8.784999999999854,-0.6333333333333333,-0.32000000000007267,LOOSE
92905766,2026-05-19 07:09:51,Sell,0.01,4551.78,2026-05-19 07:30:50,20.983333333333334,4.06,28937.0,2026-05-19 07:07:00,Sell,0.01,4543.315,2026-05-19 07:14:00,7.0,3.849999999999455,-2.85,-8.465000000000146,-13.983333333333334,-0.21000000000054442,LOOSE
92901499,2026-05-19 03:40:39,Sell,0.01,4551.85,2026-05-19 03:48:46,8.116666666666667,2.9,28859.0,2026-05-19 04:00:00,Sell,0.01,4563.18,2026-05-19 04:01:00,1.0,2.895000000000437,19.35,11.329999999999927,-7.116666666666667,-0.00499999999956291,DISTANT
92878258,2026-05-18 14:35:04,Sell,0.01,4550.25,2026-05-18 14:36:02,0.9666666666666667,4.72,,,,,,,,,,,,,UNMATCHED
92873305,2026-05-18 13:08:58,Buy,0.01,4566.67,2026-05-18 13:10:38,1.6666666666666667,-2.38,28846.0,2026-05-18 13:10:00,Buy,0.01,4538.035,2026-05-18 13:14:00,4.0,-2.5,1.0333333333333334,-28.63500000000022,2.333333333333333,-0.1200000000000001,LOOSE
92863125,2026-05-18 06:44:22,Buy,0.01,4538.98,2026-05-18 06:55:57,11.583333333333334,7.45,28727.0,2026-05-18 06:44:00,Buy,0.02,4540.725,2026-05-18 06:45:00,1.0,11.8799999999992,-0.36666666666666664,1.7450000000008004,-10.583333333333334,4.4299999999991995,LOOSE
92816284,2026-05-15 11:15:09,Sell,0.01,4567.8,2026-05-15 11:32:57,17.8,7.18,28556.0,2026-05-15 11:16:00,Sell,0.02,4562.345,2026-05-15 11:17:00,1.0,17.020000000000437,0.85,-5.454999999999927,-16.8,9.840000000000437,LOOSE
92794484,2026-05-15 03:52:48,Sell,0.01,4615.85,2026-05-15 03:56:18,3.5,4.14,28372.0,2026-05-15 04:01:00,Sell,0.01,4626.495,2026-05-15 04:02:00,1.0,-2.5,8.2,10.644999999999527,-2.5,-6.64,LOOSE
92755985,2026-05-14 11:27:21,Buy,0.01,4691.09,2026-05-14 11:35:08,7.783333333333333,2.64,28349.0,2026-05-14 11:26:00,Buy,0.02,4703.148,2026-05-14 11:37:00,11.0,4.593999999999141,-1.35,12.057999999999993,3.216666666666667,1.9539999999991413,LOOSE
92749649,2026-05-14 04:37:00,Sell,0.01,4709.23,2026-05-14 04:54:42,17.7,2.85,28227.0,2026-05-14 04:38:00,Sell,0.01,4691.345,2026-05-14 04:42:00,4.0,6.909999999999855,1.0,-17.88499999999931,-13.7,4.059999999999855,LOOSE
92708453,2026-05-13 13:27:45,Sell,0.01,4692.21,2026-05-13 13:29:24,1.65,1.18,28209.0,2026-05-13 13:28:00,Sell,0.02,4700.055,2026-05-13 13:35:00,7.0,7.739999999999782,0.25,7.845000000000255,5.35,6.559999999999782,LOOSE
92707912,2026-05-13 13:16:14,Buy,0.01,4688.92,2026-05-13 13:17:46,1.5333333333333334,-2.09,28203.0,2026-05-13 13:12:00,Buy,0.01,4706.115,2026-05-13 13:13:00,1.0,-2.5,-4.233333333333333,17.19499999999971,-0.5333333333333334,-0.41000000000000014,LOOSE
92704162,2026-05-13 10:32:46,Sell,0.01,4698.28,2026-05-13 10:46:28,13.7,2.59,28177.0,2026-05-13 10:31:00,Sell,0.01,4705.795,2026-05-13 10:49:00,18.0,3.7300000000004734,-1.7666666666666666,7.515000000000327,4.300000000000001,1.1400000000004735,LOOSE
92699406,2026-05-13 05:32:18,Buy,0.01,4696.22,2026-05-13 05:38:05,5.783333333333333,3.18,28116.0,2026-05-13 05:27:00,Buy,0.01,4703.645,2026-05-13 05:28:00,1.0,-2.5,-5.3,7.425000000000182,-4.783333333333333,-5.68,LOOSE
92660254,2026-05-12 10:41:21,Buy,0.01,4688.79,2026-05-12 11:01:20,19.983333333333334,2.73,28048.0,2026-05-12 10:42:00,Buy,0.01,4701.165,2026-05-12 10:45:00,3.0,-2.5,0.65,12.375,-16.983333333333334,-5.23,LOOSE
92649888,2026-05-12 02:30:04,Buy,0.01,4722.52,2026-05-12 03:18:08,48.06666666666667,4.27,,,,,,,,,,,,,UNMATCHED
92626347,2026-05-11 12:38:02,Sell,0.01,4696.5,2026-05-11 12:45:50,7.8,1.66,27911.0,2026-05-11 12:34:00,Sell,0.02,4651.995,2026-05-11 12:35:00,1.0,-5.0,-4.033333333333333,-44.50500000000011,-6.8,-6.66,LOOSE
92611594,2026-05-11 04:03:52,Buy,0.01,4674.86,2026-05-11 04:10:26,6.566666666666666,2.56,27757.0,2026-05-11 04:04:00,Buy,0.02,4685.045,2026-05-11 04:05:00,1.0,27.18000000000029,0.13333333333333333,10.1850000000004,-5.566666666666666,24.620000000000292,LOOSE
92561346,2026-05-08 06:30:27,Sell,0.01,4732.98,2026-05-08 06:39:06,8.65,5.57,27642.0,2026-05-08 06:27:00,Sell,0.01,4717.795,2026-05-08 06:28:00,1.0,-2.5,-3.45,-15.18499999999949,-7.65,-8.07,LOOSE
92535886,2026-05-07 16:37:09,Sell,0.01,4716.22,2026-05-07 16:45:45,8.6,4.16,,,,,,,,,,,,,UNMATCHED
92461110,2026-05-07 04:56:52,Buy,0.01,4694.78,2026-05-07 05:07:54,11.033333333333333,3.81,27471.0,2026-05-07 04:58:00,Buy,0.02,4715.595,2026-05-07 05:07:00,9.0,-5.0,1.1333333333333333,20.81500000000051,-2.033333333333333,-8.81,LOOSE
92408965,2026-05-06 09:41:15,Sell,0.01,4699.99,2026-05-06 09:46:00,4.75,3.79,27356.0,2026-05-06 09:42:00,Sell,0.01,4663.935,2026-05-06 09:43:00,1.0,3.039999999999964,0.75,-36.05499999999938,-3.75,-0.750000000000036,LOOSE
92396538,2026-05-06 05:30:50,Sell,0.01,4649.56,2026-05-06 05:33:02,2.2,1.28,27302.0,2026-05-06 05:30:00,Sell,0.02,4630.075,2026-05-06 05:35:00,5.0,-5.0,-0.8333333333333334,-19.485000000000582,2.8,-6.28,LOOSE
92342438,2026-05-05 10:41:28,Sell,0.01,4548.47,2026-05-05 10:51:12,9.733333333333333,4.84,27243.0,2026-05-05 10:40:00,Sell,0.01,4554.235,2026-05-05 10:51:00,11.0,9.049999999999272,-1.4666666666666666,5.764999999999418,1.2666666666666675,4.2099999999992725,LOOSE
92331897,2026-05-05 03:17:31,Sell,0.01,4541.33,2026-05-05 03:33:02,15.516666666666667,3.38,,,,,,,,,,,,,UNMATCHED
92319804,2026-05-04 17:24:33,Buy,0.01,4527.89,2026-05-04 17:26:06,1.55,-2.54,,,,,,,,,,,,,UNMATCHED
92286476,2026-05-04 10:52:28,Sell,0.01,4564.23,2026-05-04 10:54:59,2.5166666666666666,1.77,27114.0,2026-05-04 10:50:00,Sell,0.01,4587.395,2026-05-04 10:56:00,6.0,6.0700000000006185,-2.466666666666667,23.165000000000873,3.4833333333333334,4.300000000000619,LOOSE
92274667,2026-05-04 05:18:10,Buy,0.01,4603.12,2026-05-04 05:19:50,1.6666666666666667,8.74,27026.0,2026-05-04 05:20:00,Buy,0.01,4604.955,2026-05-04 05:21:00,1.0,-2.5,1.8333333333333333,1.8350000000000364,-0.6666666666666667,-11.24,LOOSE
92218142,2026-05-01 06:16:51,Sell,0.01,4600.22,2026-05-01 07:12:50,55.983333333333334,4.15,26904.0,2026-05-01 06:20:00,Sell,0.02,4620.258,2026-05-01 06:21:00,1.0,-5.0,3.15,20.037999999999556,-54.983333333333334,-9.15,LOOSE
92181621,2026-04-30 10:58:53,Buy,0.01,4634.47,2026-04-30 11:03:51,4.966666666666667,5.54,26832.0,2026-04-30 10:57:00,Buy,0.01,4601.325,2026-04-30 10:58:00,1.0,-2.5,-1.8833333333333333,-33.14500000000044,-3.966666666666667,-8.04,LOOSE
92125361,2026-04-29 10:38:23,Sell,0.01,4571.93,2026-04-29 10:43:56,5.55,3.82,26674.0,2026-04-29 10:37:00,Sell,0.02,4573.285,2026-04-29 10:38:00,1.0,-5.0,-1.3833333333333333,1.3549999999995634,-4.55,-8.82,CLOSE
92117158,2026-04-29 06:00:38,Buy,0.01,4593.37,2026-04-29 06:04:05,3.45,2.98,26623.0,2026-04-29 06:03:00,Buy,0.01,4594.665,2026-04-29 06:04:00,1.0,2.1400000000003274,2.3666666666666667,1.2950000000000728,-2.45,-0.8399999999996726,CLOSE
92099847,2026-04-28 16:35:59,Buy,0.01,4582.29,2026-04-28 16:38:28,2.4833333333333334,2.23,,,,,,,,,,,,,UNMATCHED
92067522,2026-04-28 06:04:14,Buy,0.01,4631.5,2026-04-28 06:14:44,10.5,7.36,26485.0,2026-04-28 06:05:00,Buy,0.02,4670.735,2026-04-28 06:14:00,9.0,4.386000000000422,0.7666666666666667,39.23499999999967,-1.5,-2.9739999999995783,LOOSE
92029007,2026-04-27 08:51:00,Sell,0.01,4709.01,2026-04-27 09:12:14,21.233333333333334,4.28,26431.0,2026-04-27 08:51:00,Sell,0.01,4710.125,2026-04-27 08:56:00,5.0,-2.5,0.0,1.1149999999997817,-16.233333333333334,-6.78,CLOSE
92024986,2026-04-27 03:37:58,Buy,0.01,4722.65,2026-04-27 04:23:16,45.3,3.9,26371.0,2026-04-27 04:00:00,Buy,0.02,4697.555,2026-04-27 04:02:00,2.0,18.479999999999563,22.033333333333335,-25.094999999999345,-43.3,14.579999999999563,DISTANT
91984519,2026-04-24 13:32:20,Buy,0.01,4691.77,2026-04-24 13:38:46,6.433333333333334,5.78,26368.0,2026-04-24 13:36:00,Buy,0.01,4676.575,2026-04-24 13:44:00,8.0,3.2399999999997817,3.6666666666666665,-15.195000000000618,1.5666666666666664,-2.5400000000002185,LOOSE
91973017,2026-04-24 08:25:06,Sell,0.01,4690.11,2026-04-24 08:31:35,6.483333333333333,3.17,26304.0,2026-04-24 08:13:00,Sell,0.01,4670.465,2026-04-24 08:14:00,1.0,-2.5,-12.1,-19.644999999999527,-5.483333333333333,-5.67,LOOSE
91954421,2026-04-23 17:58:13,Buy,0.01,4708.33,2026-04-23 18:08:22,10.15,2.91,,,,,,,,,,,,,UNMATCHED
91919177,2026-04-23 05:30:37,Buy,0.01,4698.9,2026-04-23 05:40:07,9.5,2.69,26106.0,2026-04-23 05:32:00,Buy,0.01,4712.785,2026-04-23 05:37:00,5.0,-2.5,1.3833333333333333,13.885000000000218,-4.5,-5.1899999999999995,LOOSE
91873683,2026-04-22 12:29:56,Sell,0.01,4755.12,2026-04-22 12:41:37,11.683333333333334,7.53,26045.0,2026-04-22 12:28:00,Sell,0.02,4757.015,2026-04-22 12:40:00,12.0,-5.0,-1.9333333333333333,1.8950000000004366,0.31666666666666643,-12.530000000000001,LOOSE
91863976,2026-04-22 05:22:08,Sell,0.01,4770.12,2026-04-22 05:41:48,19.666666666666668,3.89,25986.0,2026-04-22 05:25:00,Sell,0.02,4755.145,2026-04-22 05:32:00,7.0,-5.0,2.8666666666666667,-14.974999999999454,-12.666666666666668,-8.89,LOOSE
91824729,2026-04-21 14:01:47,Buy,0.01,4777.82,2026-04-21 14:09:31,7.733333333333333,3.78,25965.0,2026-04-21 13:38:00,Buy,0.01,4787.375,2026-04-21 14:09:00,31.0,-2.5,-23.783333333333335,9.555000000000291,23.266666666666666,-6.279999999999999,DISTANT
91806444,2026-04-21 07:42:50,Buy,0.01,4783.67,2026-04-21 07:56:42,13.866666666666667,5.19,25892.0,2026-04-21 07:51:00,Buy,0.01,4790.045,2026-04-21 08:00:00,9.0,-2.5,8.166666666666666,6.375,-4.866666666666667,-7.69,LOOSE
91797166,2026-04-21 04:24:24,Buy,0.01,4791.72,2026-04-21 04:28:52,4.466666666666667,0.82,25867.0,2026-04-21 04:29:00,Buy,0.01,4817.145,2026-04-21 04:38:00,9.0,-2.5,4.6,25.425000000000182,4.533333333333333,-3.32,LOOSE
91776198,2026-04-20 15:25:31,Sell,0.01,4804.88,2026-04-20 15:29:06,3.5833333333333335,-1.53,,,,,,,,,,,,,UNMATCHED
91740834,2026-04-20 05:41:45,Sell,0.01,4786.71,2026-04-20 05:45:12,3.45,4.4,25765.0,2026-04-20 05:43:00,Sell,0.02,4796.115,2026-04-20 05:49:00,6.0,4.399999999999636,1.25,9.404999999999745,2.55,-3.6415315207705135e-13,LOOSE
91655142,2026-04-17 10:51:42,Buy,0.01,4783.65,2026-04-17 11:12:17,20.583333333333332,3.8,25695.0,2026-04-17 10:51:00,Buy,0.01,4780.705,2026-04-17 10:56:00,5.0,3.949999999999818,-0.7,-2.944999999999709,-15.583333333333332,0.14999999999981828,LOOSE
91645065,2026-04-17 05:14:54,Sell,0.01,4805.2,2026-04-17 05:40:27,25.55,4.0,25640.0,2026-04-17 05:14:00,Sell,0.02,4788.395,2026-04-17 05:15:00,1.0,-5.0,-0.9,-16.80499999999938,-24.55,-9.0,LOOSE
91596159,2026-04-16 12:36:23,Sell,0.01,4819.54,2026-04-16 12:50:58,14.583333333333334,2.19,25598.0,2026-04-16 12:32:00,Sell,0.02,4807.065,2026-04-16 12:33:00,1.0,-5.0,-4.383333333333334,-12.475000000000364,-13.583333333333334,-7.1899999999999995,LOOSE
91585973,2026-04-16 06:43:59,Buy,0.01,4819.6,2026-04-16 06:46:43,2.7333333333333334,3.38,25525.0,2026-04-16 06:45:00,Buy,0.01,4820.365,2026-04-16 06:51:00,6.0,3.619999999999891,1.0166666666666666,0.7649999999994179,3.2666666666666666,0.23999999999989097,CLOSE
91531357,2026-04-15 13:00:14,Sell,0.01,4815.58,2026-04-15 13:19:54,19.666666666666668,2.0,25480.0,2026-04-15 13:04:00,Sell,0.01,4795.935,2026-04-15 13:05:00,1.0,-2.5,3.7666666666666666,-19.644999999999527,-18.666666666666668,-4.5,LOOSE
91515698,2026-04-15 06:13:14,Sell,0.01,4819.15,2026-04-15 06:29:49,16.583333333333332,4.27,25364.0,2026-04-15 06:14:00,Sell,0.01,4820.048,2026-04-15 06:16:00,2.0,-2.5,0.7666666666666667,0.8980000000001382,-14.583333333333332,-6.77,CLOSE
91488864,2026-04-14 17:38:32,Buy,0.01,4834.27,2026-04-14 17:52:28,13.933333333333334,3.37,,,,,,,,,,,,,UNMATCHED
91448019,2026-04-14 12:20:42,Sell,0.01,4768.7,2026-04-14 12:23:34,2.8666666666666667,1.1,25281.0,2026-04-14 12:23:00,Sell,0.01,4785.385,2026-04-14 12:31:00,8.0,10.199999999999818,2.3,16.6850000000004,5.133333333333333,9.099999999999818,LOOSE
91431248,2026-04-14 06:44:43,Buy,0.01,4768.65,2026-04-14 06:47:16,2.55,4.42,25207.0,2026-04-14 06:47:00,Buy,0.01,4768.795,2026-04-14 06:51:00,4.0,2.0100000000002183,2.283333333333333,0.14500000000043656,1.4500000000000002,-2.4099999999997817,CLOSE
91397685,2026-04-13 15:37:59,Buy,0.01,4713.36,2026-04-13 15:39:33,1.5666666666666667,2.98,,,,,,,,,,,,,UNMATCHED
91356501,2026-04-13 08:14:05,Sell,0.01,4734.02,2026-04-13 08:15:39,1.5666666666666667,2.56,25070.0,2026-04-13 08:20:00,Sell,0.01,4716.875,2026-04-13 08:28:00,8.0,-2.5,5.916666666666667,-17.145000000000437,6.433333333333334,-5.0600000000000005,LOOSE
91352434,2026-04-13 06:00:33,Buy,0.01,4728.93,2026-04-13 06:31:12,30.65,3.06,25045.0,2026-04-13 05:57:00,Buy,0.02,4720.465,2026-04-13 06:01:00,4.0,-5.0,-3.55,-8.465000000000146,-26.65,-8.06,LOOSE
91276550,2026-04-10 11:42:46,Buy,0.01,4761.93,2026-04-10 12:00:36,17.833333333333332,5.46,24967.0,2026-04-10 11:54:00,Buy,0.02,4733.845,2026-04-10 11:56:00,2.0,9.399999999999636,11.233333333333333,-28.085000000000036,-15.833333333333332,3.9399999999996362,LOOSE
91267485,2026-04-10 05:30:33,Buy,0.01,4760.62,2026-04-10 05:47:06,16.55,4.78,24888.0,2026-04-10 05:33:00,Buy,0.01,4743.155,2026-04-10 05:38:00,5.0,4.740000000000691,2.45,-17.465000000000146,-11.55,-0.03999999999930903,LOOSE
91267065,2026-04-10 05:14:46,Buy,0.01,4760.4,2026-04-10 05:15:19,0.55,-1.88,24879.0,2026-04-10 05:15:00,Buy,0.01,4752.335,2026-04-10 05:18:00,3.0,-2.5,0.23333333333333334,-8.0649999999996,2.45,-0.6200000000000001,LOOSE
91227583,2026-04-09 13:53:03,Buy,0.01,4762.11,2026-04-09 13:53:35,0.5333333333333333,2.31,24841.0,2026-04-09 13:46:00,Buy,0.02,4740.905,2026-04-09 13:52:00,6.0,8.360000000000582,-7.05,-21.204999999999927,5.466666666666667,6.050000000000582,LOOSE
91206718,2026-04-09 08:06:30,Buy,0.01,4720.48,2026-04-09 08:15:00,8.5,2.93,24722.0,2026-04-09 08:10:00,Buy,0.02,4716.035,2026-04-09 08:11:00,1.0,-5.0,3.5,-4.444999999999709,-7.5,-7.93,LOOSE
91202282,2026-04-09 06:07:52,Sell,0.01,4722.92,2026-04-09 06:31:20,23.466666666666665,2.25,24698.0,2026-04-09 06:06:00,Sell,0.01,4717.415,2026-04-09 06:12:00,6.0,3.856999999999971,-1.8666666666666667,-5.505000000000109,-17.466666666666665,1.606999999999971,LOOSE
91200522,2026-04-09 05:36:36,Buy,0.01,4716.78,2026-04-09 05:49:12,12.6,0.06,24689.0,2026-04-09 05:36:00,Buy,0.01,4726.835,2026-04-09 05:39:00,3.0,4.600000000000364,-0.6,10.055000000000291,-9.6,4.540000000000364,LOOSE
91162669,2026-04-08 15:32:24,Buy,0.01,4754.91,2026-04-08 15:37:00,4.6,5.42,,,,,,,,,,,,,UNMATCHED
91124606,2026-04-08 05:51:27,Buy,0.01,4832.95,2026-04-08 05:53:05,1.6333333333333333,8.9,24450.0,2026-04-08 05:50:00,Buy,0.01,4805.735,2026-04-08 05:52:00,2.0,-2.5,-1.45,-27.215000000000146,0.3666666666666667,-11.4,LOOSE
91045329,2026-04-07 13:21:19,Buy,0.01,4652.83,2026-04-07 13:31:22,10.05,1.86,24373.0,2026-04-07 13:25:00,Buy,0.02,4672.485,2026-04-07 13:26:00,1.0,-5.0,3.683333333333333,19.654999999999745,-9.05,-6.86,LOOSE
91024794,2026-04-07 08:02:14,Sell,0.01,4657.11,2026-04-07 08:04:48,2.566666666666667,4.19,24222.0,2026-04-07 08:02:00,Sell,0.01,4659.138,2026-04-07 08:04:00,2.0,2.6829999999999927,-0.23333333333333334,2.0280000000002474,-0.5666666666666669,-1.5070000000000077,LOOSE
91022147,2026-04-07 06:04:07,Buy,0.01,4642.04,2026-04-07 06:04:55,0.8,1.88,24199.0,2026-04-07 06:02:00,Buy,0.01,4651.665,2026-04-07 06:04:00,2.0,-2.5,-2.1166666666666667,9.625,1.2,-4.38,LOOSE
90970712,2026-04-06 12:20:14,Sell,0.01,4668.5,2026-04-06 12:24:49,4.583333333333333,3.9,24089.0,2026-04-06 12:24:00,Sell,0.01,4697.125,2026-04-06 12:25:00,1.0,-2.5,3.7666666666666666,28.625,-3.583333333333333,-6.4,LOOSE
90967915,2026-04-06 10:38:30,Sell,0.01,4690.94,2026-04-06 10:39:26,0.9333333333333333,-0.77,24046.0,2026-04-06 10:39:00,Sell,0.02,4655.695,2026-04-06 10:41:00,2.0,-5.0,0.5,-35.24499999999989,1.0666666666666667,-4.23,LOOSE
90964953,2026-04-06 06:32:16,Sell,0.01,4658.67,2026-04-06 06:43:01,10.75,2.34,23965.0,2026-04-06 06:33:00,Sell,0.01,4627.535,2026-04-06 06:34:00,1.0,-2.5,0.7333333333333333,-31.13500000000022,-9.75,-4.84,LOOSE
90928037,2026-04-02 18:05:43,Sell,0.01,4658.23,2026-04-02 18:09:10,3.45,1.74,,,,,,,,,,,,,UNMATCHED
90927563,2026-04-02 17:40:31,Sell,0.01,4656.39,2026-04-02 17:40:49,0.3,-1.09,,,,,,,,,,,,,UNMATCHED
90900649,2026-04-02 11:51:54,Sell,0.01,4609.23,2026-04-02 11:55:50,3.933333333333333,7.5,23808.0,2026-04-02 11:50:00,Sell,0.01,4627.375,2026-04-02 11:56:00,6.0,3.800000000000182,-1.9,18.145000000000437,2.066666666666667,-3.699999999999818,LOOSE
90783770,2026-04-01 10:01:41,Sell,0.01,4722.02,2026-04-01 10:12:15,10.566666666666666,3.32,23384.0,2026-04-01 10:01:00,Sell,0.02,4727.405,2026-04-01 10:04:00,3.0,13.373999999999796,-0.6833333333333333,5.384999999999309,-7.566666666666666,10.053999999999796,LOOSE
90765592,2026-04-01 04:08:40,Sell,0.01,4676.78,2026-04-01 04:16:11,7.516666666666667,3.67,23239.0,2026-04-01 04:07:00,Sell,0.02,4690.885,2026-04-01 04:08:00,1.0,-5.0,-1.6666666666666667,14.105000000000473,-6.516666666666667,-8.67,LOOSE
90724112,2026-03-31 17:13:28,Buy,0.01,4640.88,2026-03-31 17:17:12,3.7333333333333334,1.53,,,,,,,,,,,,,UNMATCHED
90689174,2026-03-31 12:00:37,Buy,0.01,4582.99,2026-03-31 12:03:21,2.7333333333333334,1.47,23186.0,2026-03-31 12:00:00,Buy,0.01,4568.188,2026-03-31 12:02:00,2.0,-2.5,-0.6166666666666667,-14.80199999999968,-0.7333333333333334,-3.9699999999999998,LOOSE
90670870,2026-03-31 05:16:35,Buy,0.01,4555.83,2026-03-31 05:23:15,6.666666666666667,4.39,23006.0,2026-03-31 05:19:00,Buy,0.01,4588.315,2026-03-31 05:21:00,2.0,-2.5,2.4166666666666665,32.48499999999967,-4.666666666666667,-6.89,LOOSE
90468624,2026-03-30 11:52:48,Sell,0.01,4578.01,2026-03-30 11:54:29,1.6833333333333333,5.27,22902.0,2026-03-30 11:56:00,Sell,0.01,4535.095,2026-03-30 11:57:00,1.0,-2.5,3.2,-42.914999999999964,-0.6833333333333333,-7.77,LOOSE
90450144,2026-03-30 11:14:39,Buy,0.01,4540.05,2026-03-30 11:15:03,0.4,-2.03,22885.0,2026-03-30 11:20:00,Buy,0.02,4532.425,2026-03-30 11:22:00,2.0,4.3799999999992,5.35,-7.625,1.6,6.409999999999199,LOOSE
90446737,2026-03-30 07:30:21,Sell,0.01,4525.59,2026-03-30 07:46:25,16.066666666666666,4.07,22784.0,2026-03-30 07:30:00,Sell,0.02,4490.445,2026-03-30 07:33:00,3.0,5.3400000000001455,-0.35,-35.14500000000044,-13.066666666666666,1.2700000000001452,LOOSE
90383944,2026-03-27 15:23:51,Buy,0.01,4457.82,2026-03-27 15:25:23,1.5333333333333334,6.24,,,,,,,,,,,,,UNMATCHED
90367910,2026-03-27 08:43:56,Buy,0.01,4447.18,2026-03-27 08:48:54,4.966666666666667,3.72,22525.0,2026-03-27 08:47:00,Buy,0.01,4467.575,2026-03-27 08:48:00,1.0,-2.5,3.066666666666667,20.394999999999527,-3.966666666666667,-6.220000000000001,LOOSE
90303019,2026-03-26 11:49:34,Buy,0.01,4436.97,2026-03-26 11:50:38,1.0666666666666667,9.85,22323.0,2026-03-26 11:51:00,Buy,0.01,4431.935,2026-03-26 11:52:00,1.0,-2.5,1.4333333333333333,-5.0349999999998545,-0.06666666666666665,-12.35,LOOSE
90297337,2026-03-26 08:48:11,Buy,0.01,4454.88,2026-03-26 08:48:39,0.4666666666666667,2.62,22180.0,2026-03-26 08:48:00,Buy,0.01,4474.465,2026-03-26 08:49:00,1.0,3.019999999999527,-0.18333333333333332,19.585000000000036,0.5333333333333333,0.39999999999952696,LOOSE
90194077,2026-03-25 09:38:04,Buy,0.01,4562.31,2026-03-25 09:44:39,6.583333333333333,3.0,21941.0,2026-03-25 09:31:00,Buy,0.02,4554.155,2026-03-25 09:37:00,6.0,-5.0,-7.066666666666666,-8.155000000000655,-0.583333333333333,-8.0,LOOSE
90192607,2026-03-25 09:00:18,Sell,0.01,4538.29,2026-03-25 09:00:31,0.21666666666666667,-1.31,21927.0,2026-03-25 09:00:00,Sell,0.01,4555.235,2026-03-25 09:02:00,2.0,8.11999999999989,-0.3,16.94499999999971,1.7833333333333332,9.429999999999891,LOOSE
90188256,2026-03-25 06:35:47,Buy,0.01,4554.47,2026-03-25 06:40:21,4.566666666666666,3.9,21877.0,2026-03-25 06:36:00,Buy,0.02,4574.858,2026-03-25 06:38:00,2.0,-5.0,0.21666666666666667,20.38799999999992,-2.5666666666666664,-8.9,LOOSE
90081363,2026-03-24 14:11:15,Buy,0.01,4373.05,2026-03-24 14:12:55,1.6666666666666667,4.79,21783.0,2026-03-24 13:58:00,Buy,0.02,4439.755,2026-03-24 13:59:00,1.0,-5.0,-13.25,66.70499999999993,-0.6666666666666667,-9.79,LOOSE
90080406,2026-03-24 13:58:26,Buy,0.01,4379.38,2026-03-24 13:59:58,1.5333333333333334,-0.32,21783.0,2026-03-24 13:58:00,Buy,0.02,4439.755,2026-03-24 13:59:00,1.0,-5.0,-0.43333333333333335,60.375,-0.5333333333333334,-4.68,LOOSE
90054432,2026-03-24 10:52:17,Sell,0.01,4414.38,2026-03-24 10:52:32,0.25,0.31,21663.0,2026-03-24 10:55:00,Sell,0.01,4420.648,2026-03-24 10:56:00,1.0,-2.5,2.716666666666667,6.268000000000029,0.75,-2.81,LOOSE
90052400,2026-03-24 09:47:16,Buy,0.01,4406.14,2026-03-24 09:50:01,2.75,3.09,21612.0,2026-03-24 09:47:00,Buy,0.01,4378.785,2026-03-24 09:48:00,1.0,-2.5,-0.26666666666666666,-27.355000000000473,-1.75,-5.59,LOOSE
89797106,2026-03-23 14:23:44,Sell,0.01,4428.76,2026-03-23 14:24:32,0.8,9.16,21339.0,2026-03-23 13:59:00,Sell,0.02,4265.315,2026-03-23 14:00:00,1.0,-5.0,-24.733333333333334,-163.44500000000062,0.19999999999999996,-14.16,DISTANT
89770716,2026-03-23 08:06:57,Buy,0.01,4150.69,2026-03-23 08:07:35,0.6333333333333333,1.55,21030.0,2026-03-23 08:06:00,Buy,0.01,4374.515,2026-03-23 08:08:00,2.0,3.779999999999745,-0.95,223.82500000000073,1.3666666666666667,2.2299999999997446,LOOSE
89517529,2026-03-23 06:13:59,Sell,0.01,4375.13,2026-03-23 06:15:37,1.6333333333333333,3.22,20956.0,2026-03-23 06:13:00,Sell,0.02,4347.775,2026-03-23 06:14:00,1.0,-5.0,-0.9833333333333333,-27.355000000000473,-0.6333333333333333,-8.22,LOOSE
88577933,2026-03-18 14:30:56,Sell,0.01,4858.4,2026-03-18 14:31:29,0.55,1.81,,,,,,,,,,,,,UNMATCHED
88511817,2026-03-18 10:31:31,Buy,0.01,4992.63,2026-03-18 10:36:05,4.566666666666666,1.42,20149.0,2026-03-18 10:41:00,Buy,0.01,5006.955,2026-03-18 10:44:00,3.0,-2.5,9.483333333333333,14.324999999999818,-1.5666666666666664,-3.92,LOOSE
88335699,2026-03-17 14:10:39,Buy,0.01,5012.85,2026-03-17 14:12:13,1.5666666666666667,3.73,20072.0,2026-03-17 13:54:00,Buy,0.02,5003.455,2026-03-17 13:57:00,3.0,-5.0,-16.65,-9.395000000000437,1.4333333333333333,-8.73,DISTANT
88320644,2026-03-17 09:20:44,Buy,0.01,5027.35,2026-03-17 09:21:56,1.2,0.72,20009.0,2026-03-17 09:20:00,Buy,0.01,5012.155,2026-03-17 09:23:00,3.0,-2.5,-0.7333333333333333,-15.195000000000618,1.8,-3.2199999999999998,LOOSE
88172039,2026-03-16 12:42:45,Sell,0.01,5018.75,2026-03-16 12:45:20,2.5833333333333335,1.64,19911.0,2026-03-16 12:46:00,Sell,0.02,4977.915,2026-03-16 12:49:00,3.0,-5.0,3.25,-40.835000000000036,0.4166666666666665,-6.64,LOOSE
88163179,2026-03-16 12:10:40,Sell,0.01,5002.98,2026-03-16 12:11:07,0.45,-2.0,19902.0,2026-03-16 12:06:00,Sell,0.02,4980.985,2026-03-16 12:07:00,1.0,-5.0,-4.666666666666667,-21.99499999999989,0.55,-3.0,LOOSE
88154082,2026-03-16 09:07:53,Sell,0.01,4996.64,2026-03-16 09:09:35,1.7,0.99,19821.0,2026-03-16 09:03:00,Sell,0.02,5015.768,2026-03-16 09:05:00,2.0,-5.0,-4.883333333333334,19.1279999999997,0.30000000000000004,-5.99,LOOSE
88144292,2026-03-16 05:46:16,Sell,0.01,5016.02,2026-03-16 05:54:51,8.583333333333334,0.35,19783.0,2026-03-16 05:47:00,Sell,0.01,5005.065,2026-03-16 05:48:00,1.0,6.619999999999891,0.7333333333333333,-10.955000000000837,-7.583333333333334,6.269999999999891,LOOSE
88015942,2026-03-13 11:36:51,Sell,0.01,5084.43,2026-03-13 11:37:20,0.48333333333333334,-0.69,19670.0,2026-03-13 11:43:00,Sell,0.01,5078.695,2026-03-13 11:45:00,2.0,2.0799999999999272,6.15,-5.735000000000582,1.5166666666666666,2.769999999999927,LOOSE
88014898,2026-03-13 11:14:10,Buy,0.01,5092.79,2026-03-13 11:15:48,1.6333333333333333,1.37,19657.0,2026-03-13 11:16:00,Buy,0.02,5078.225,2026-03-13 11:17:00,1.0,-5.0,1.8333333333333333,-14.5649999999996,-0.6333333333333333,-6.37,LOOSE
87966615,2026-03-13 06:37:52,Sell,0.01,5108.89,2026-03-13 06:39:29,1.6166666666666667,1.02,19586.0,2026-03-13 06:37:00,Sell,0.01,5107.465,2026-03-13 06:41:00,4.0,-2.5,-0.8666666666666667,-1.425000000000182,2.3833333333333333,-3.52,CLOSE
87764166,2026-03-12 16:26:23,Buy,0.01,5128.93,2026-03-12 16:27:14,0.85,0.76,,,,,,,,,,,,,UNMATCHED
87728889,2026-03-12 11:54:26,Buy,0.01,5179.35,2026-03-12 12:11:23,16.95,1.79,19531.0,2026-03-12 12:10:00,Buy,0.01,5179.595,2026-03-12 12:12:00,2.0,-2.5,15.566666666666666,0.24499999999989086,-14.95,-4.29,DISTANT
87728679,2026-03-12 11:51:53,Buy,0.01,5180.83,2026-03-12 11:53:27,1.5666666666666667,-1.53,19531.0,2026-03-12 12:10:00,Buy,0.01,5179.595,2026-03-12 12:12:00,2.0,-2.5,18.116666666666667,-1.2349999999996726,0.43333333333333335,-0.97,DISTANT
87725200,2026-03-12 09:02:44,Buy,0.01,5184.43,2026-03-12 09:03:14,0.5,-1.27,19500.0,2026-03-12 08:57:00,Buy,0.02,5156.645,2026-03-12 09:05:00,8.0,-5.0,-5.733333333333333,-27.784999999999854,7.5,-3.73,LOOSE
87715345,2026-03-12 07:41:54,Buy,0.01,5166.74,2026-03-12 07:42:17,0.38333333333333336,1.86,19474.0,2026-03-12 07:38:00,Buy,0.01,5147.698,2026-03-12 07:39:00,1.0,-2.5,-3.9,-19.04199999999946,0.6166666666666667,-4.36,LOOSE
87640068,2026-03-11 10:39:31,Buy,0.01,5194.32,2026-03-11 10:39:50,0.31666666666666665,1.11,19354.0,2026-03-11 10:41:00,Buy,0.01,5189.255,2026-03-11 10:46:00,5.0,2.699999999999818,1.4833333333333334,-5.0649999999996,4.683333333333334,1.589999999999818,LOOSE
87634841,2026-03-11 08:08:12,Sell,0.01,5199.84,2026-03-11 08:27:49,19.616666666666667,2.84,19324.0,2026-03-11 08:22:00,Sell,0.01,5201.255,2026-03-11 08:30:00,8.0,9.980000000000471,13.8,1.4149999999999636,-11.616666666666667,7.140000000000471,LOOSE
87455839,2026-03-10 09:14:56,Sell,0.01,5181.42,2026-03-10 09:25:53,10.95,1.58,19161.0,2026-03-10 09:16:00,Sell,0.01,5177.535,2026-03-10 09:20:00,4.0,2.050000000000182,1.0666666666666667,-3.8850000000002183,-6.949999999999999,0.47000000000018183,LOOSE
87436917,2026-03-10 08:43:46,Sell,0.01,5175.96,2026-03-10 08:45:25,1.65,-2.6,19155.0,2026-03-10 08:45:00,Sell,0.01,5168.405,2026-03-10 08:47:00,2.0,-2.5,1.2333333333333334,-7.555000000000291,0.3500000000000001,0.10000000000000009,LOOSE
87433721,2026-03-10 07:45:41,Sell,0.01,5177.12,2026-03-10 07:47:05,1.4,2.13,19146.0,2026-03-10 08:10:00,Sell,0.01,5167.218,2026-03-10 08:11:00,1.0,-2.5,24.316666666666666,-9.902000000000044,-0.3999999999999999,-4.63,DISTANT
87303856,2026-03-09 12:32:49,Buy,0.01,5085.0,2026-03-09 12:34:35,1.7666666666666666,-0.47,19003.0,2026-03-09 12:33:00,Buy,0.02,5130.415,2026-03-09 12:34:00,1.0,-5.0,0.18333333333333332,45.414999999999964,-0.7666666666666666,-4.53,LOOSE
87220510,2026-03-09 08:55:33,Buy,0.01,5095.55,2026-03-09 09:00:04,4.516666666666667,4.36,18885.0,2026-03-09 08:54:00,Buy,0.01,5130.595,2026-03-09 08:55:00,1.0,-2.5,-1.55,35.04500000000007,-3.5166666666666666,-6.86,LOOSE
87193343,2026-03-09 07:09:59,Buy,0.01,5126.92,2026-03-09 07:23:35,13.6,0.59,18835.0,2026-03-09 07:08:00,Buy,0.02,5094.595,2026-03-09 07:13:00,5.0,-5.0,-1.9833333333333334,-32.32499999999982,-8.6,-5.59,LOOSE
87031092,2026-03-06 08:19:20,Buy,0.01,5113.18,2026-03-06 08:20:51,1.5166666666666666,0.38,18582.0,2026-03-06 08:24:00,Buy,0.01,5125.105,2026-03-06 08:25:00,1.0,2.200000000000728,4.666666666666667,11.924999999999272,-0.5166666666666666,1.8200000000007281,LOOSE
87025580,2026-03-06 05:23:56,Buy,0.01,5124.63,2026-03-06 05:27:34,3.6333333333333333,2.78,18530.0,2026-03-06 05:17:00,Buy,0.01,5133.675,2026-03-06 05:18:00,1.0,-2.5,-6.933333333333334,9.045000000000073,-2.6333333333333333,-5.279999999999999,LOOSE
87000308,2026-03-05 19:20:01,Sell,0.01,5069.24,2026-03-05 19:22:51,2.8333333333333335,1.09,,,,,,,,,,,,,UNMATCHED
86894280,2026-03-05 07:02:29,Sell,0.01,5171.81,2026-03-05 07:04:54,2.4166666666666665,0.31,18316.0,2026-03-05 06:50:00,Sell,0.02,5183.828,2026-03-05 06:59:00,9.0,9.706000000000133,-12.483333333333333,12.018000000000029,6.583333333333334,9.396000000000132,LOOSE
86784552,2026-03-04 11:12:36,Buy,0.01,5193.8,2026-03-04 11:15:03,2.45,1.39,18147.0,2026-03-04 11:13:00,Buy,0.02,5153.235,2026-03-04 11:15:00,2.0,6.780000000000655,0.4,-40.56500000000051,-0.4500000000000002,5.390000000000655,LOOSE
86773790,2026-03-04 07:45:10,Buy,0.01,5170.2,2026-03-04 07:46:43,1.55,2.28,18031.0,2026-03-04 07:44:00,Buy,0.01,5162.055,2026-03-04 07:47:00,3.0,-2.5,-1.1666666666666667,-8.144999999999527,1.45,-4.779999999999999,LOOSE
86716303,2026-03-03 14:46:45,Buy,0.01,5065.94,2026-03-03 14:46:49,0.06666666666666667,3.74,,,,,,,,,,,,,UNMATCHED
86624724,2026-03-03 10:45:26,Buy,0.01,5257.55,2026-03-03 10:46:57,1.5166666666666666,-2.93,17750.0,2026-03-03 10:44:00,Buy,0.01,5324.125,2026-03-03 10:47:00,3.0,3.869999999999891,-1.4333333333333333,66.57499999999982,1.4833333333333334,6.799999999999891,LOOSE
86558318,2026-03-03 05:57:14,Buy,0.01,5313.09,2026-03-03 05:58:46,1.5333333333333334,3.34,17616.0,2026-03-03 05:56:00,Buy,0.02,5365.625,2026-03-03 06:04:00,8.0,9.479999999999563,-1.2333333333333334,52.534999999999854,6.466666666666667,6.139999999999564,LOOSE
86192606,2026-03-02 12:46:12,Sell,0.01,5396.47,2026-03-02 12:50:44,4.533333333333333,2.82,17501.0,2026-03-02 12:47:00,Sell,0.02,5391.138,2026-03-02 12:49:00,2.0,4.325999999999112,0.8,-5.332000000000335,-2.533333333333333,1.5059999999991125,LOOSE
86161488,2026-03-02 08:37:17,Sell,0.01,5412.01,2026-03-02 08:38:44,1.45,1.62,17385.0,2026-03-02 08:35:00,Sell,0.01,5354.585,2026-03-02 08:36:00,1.0,-2.5,-2.283333333333333,-57.42500000000018,-0.44999999999999996,-4.12,LOOSE
86155613,2026-03-02 07:32:11,Buy,0.01,5408.63,2026-03-02 07:33:24,1.2166666666666666,0.3,17360.0,2026-03-02 07:39:00,Buy,0.01,5348.985,2026-03-02 07:41:00,2.0,2.0799999999999272,6.816666666666666,-59.64500000000044,0.7833333333333334,1.7799999999999272,LOOSE
86014472,2026-02-27 15:27:11,Buy,0.01,5225.25,2026-02-27 15:27:21,0.16666666666666666,0.58,,,,,,,,,,,,,UNMATCHED
86011644,2026-02-27 15:18:57,Sell,0.01,5226.94,2026-02-27 15:20:29,1.5333333333333334,1.46,,,,,,,,,,,,,UNMATCHED
86000608,2026-02-27 15:00:40,Sell,0.01,5227.62,2026-02-27 15:07:46,7.1,-3.08,,,,,,,,,,,,,UNMATCHED
85948772,2026-02-27 10:46:26,Buy,0.01,5176.14,2026-02-27 10:53:01,6.583333333333333,0.91,17199.0,2026-02-27 10:38:00,Buy,0.02,5180.975,2026-02-27 10:53:00,15.0,-5.0,-8.433333333333334,4.835000000000036,8.416666666666668,-5.91,LOOSE
85942844,2026-02-27 07:56:14,Sell,0.01,5180.05,2026-02-27 07:57:04,0.8333333333333334,-0.9,17163.0,2026-02-27 08:00:00,Sell,0.01,5181.405,2026-02-27 08:03:00,3.0,-2.5,3.7666666666666666,1.3549999999995634,2.1666666666666665,-1.6,CLOSE
85935017,2026-02-27 04:54:59,Sell,0.01,5184.0,2026-02-27 05:00:29,5.5,1.84,17132.0,2026-02-27 05:02:00,Sell,0.01,5192.535,2026-02-27 05:05:00,3.0,-2.5,7.016666666666667,8.534999999999854,-2.5,-4.34,LOOSE
85865765,2026-02-26 13:59:18,Sell,0.01,5166.12,2026-02-26 14:00:58,1.6666666666666667,2.23,17115.0,2026-02-26 13:58:00,Sell,0.02,5167.435,2026-02-26 13:59:00,1.0,-5.0,-1.3,1.3150000000005093,-0.6666666666666667,-7.23,CLOSE
85833216,2026-02-26 11:27:11,Buy,0.01,5173.27,2026-02-26 11:30:05,2.9,-1.73,17082.0,2026-02-26 11:35:00,Buy,0.01,5174.755,2026-02-26 11:40:00,5.0,-2.5,7.816666666666666,1.4849999999996726,2.1,-0.77,LOOSE
85827276,2026-02-26 09:31:35,Buy,0.01,5181.39,2026-02-26 09:34:15,2.6666666666666665,1.06,17053.0,2026-02-26 09:39:00,Buy,0.01,5195.615,2026-02-26 09:49:00,10.0,-2.5,7.416666666666667,14.224999999999454,7.333333333333334,-3.56,LOOSE
85787460,2026-02-26 06:05:35,Buy,0.01,5194.35,2026-02-26 06:14:22,8.783333333333333,2.87,17018.0,2026-02-26 06:14:00,Buy,0.01,5187.035,2026-02-26 06:15:00,1.0,2.699999999999818,8.416666666666666,-7.315000000000509,-7.783333333333333,-0.170000000000182,LOOSE
85704475,2026-02-25 14:23:24,Sell,0.01,5183.13,2026-02-25 14:23:59,0.5833333333333334,2.27,16956.0,2026-02-25 13:54:00,Sell,0.02,5172.478,2026-02-25 13:57:00,3.0,-5.0,-29.4,-10.652000000000044,2.4166666666666665,-7.27,DISTANT
85668988,2026-02-25 10:03:39,Buy,0.01,5190.62,2026-02-25 10:05:22,1.7166666666666666,-2.1,16903.0,2026-02-25 10:08:00,Buy,0.01,5191.765,2026-02-25 10:13:00,5.0,-2.5,4.35,1.1450000000004366,3.283333333333333,-0.3999999999999999,CLOSE
85668110,2026-02-25 09:35:37,Sell,0.01,5189.86,2026-02-25 09:49:18,13.683333333333334,-1.2,16900.0,2026-02-25 09:41:00,Sell,0.01,5191.268,2026-02-25 09:58:00,17.0,-2.5,5.383333333333334,1.4080000000003565,3.3166666666666664,-1.3,LOOSE
85640223,2026-02-25 05:59:03,Sell,0.01,5201.11,2026-02-25 06:01:42,2.65,2.24,16830.0,2026-02-25 05:59:00,Sell,0.01,5180.035,2026-02-25 06:00:00,1.0,-2.5,-0.05,-21.074999999999818,-1.65,-4.74,LOOSE
85396743,2026-02-24 13:21:50,Buy,0.01,5153.03,2026-02-24 13:25:30,3.6666666666666665,3.86,16764.0,2026-02-24 13:23:00,Buy,0.01,5179.965,2026-02-24 13:27:00,4.0,-2.5,1.1666666666666667,26.9350000000004,0.3333333333333335,-6.359999999999999,LOOSE
85385479,2026-02-24 13:11:40,Sell,0.01,5160.14,2026-02-24 13:14:21,2.683333333333333,0.21,16763.0,2026-02-24 13:07:00,Sell,0.01,5173.715,2026-02-24 13:22:00,15.0,-2.5,-4.666666666666667,13.574999999999818,12.316666666666666,-2.71,LOOSE
85342738,2026-02-24 08:04:42,Buy,0.01,5175.12,2026-02-24 08:05:16,0.5666666666666667,-0.66,16656.0,2026-02-24 08:05:00,Buy,0.01,5170.425,2026-02-24 08:13:00,8.0,2.7200000000002547,0.3,-4.694999999999709,7.433333333333334,3.380000000000255,LOOSE
85182793,2026-02-23 13:02:41,Sell,0.01,5161.69,2026-02-23 13:06:18,3.6166666666666667,2.2,16526.0,2026-02-23 13:07:00,Sell,0.01,5148.535,2026-02-23 13:16:00,9.0,-2.5,4.316666666666666,-13.154999999999745,5.383333333333333,-4.7,LOOSE
85084978,2026-02-23 09:21:20,Buy,0.01,5145.47,2026-02-23 09:33:06,11.766666666666667,1.34,16453.0,2026-02-23 09:22:00,Buy,0.02,5160.385,2026-02-23 09:25:00,3.0,-5.0,0.6666666666666666,14.914999999999964,-8.766666666666667,-6.34,LOOSE
85066329,2026-02-23 07:30:45,Sell,0.01,5136.32,2026-02-23 07:32:44,1.9833333333333334,1.41,16439.0,2026-02-23 07:35:00,Sell,0.02,5159.178,2026-02-23 07:39:00,4.0,5.02599999999984,4.25,22.858000000000175,2.0166666666666666,3.61599999999984,LOOSE
84971230,2026-02-20 03:54:53,Sell,0.01,4993.25,2026-02-20 03:59:23,4.5,3.1,16226.0,2026-02-20 04:05:00,Sell,0.02,5008.835,2026-02-20 04:06:00,1.0,-5.0,10.116666666666667,15.585000000000036,-3.5,-8.1,LOOSE
84960053,2026-02-19 20:18:35,Buy,0.01,4990.98,2026-02-19 20:25:13,6.633333333333334,3.06,,,,,,,,,,,,,UNMATCHED
84858142,2026-02-18 03:30:40,Sell,0.01,4920.56,2026-02-18 03:36:17,5.616666666666666,1.77,15990.0,2026-02-18 04:00:00,Sell,0.02,4874.435,2026-02-18 04:01:00,1.0,-5.0,29.333333333333332,-46.125,-4.616666666666666,-6.77,DISTANT
84803733,2026-02-17 10:21:33,Sell,0.01,4935.63,2026-02-17 12:00:38,99.08333333333333,5.63,15922.0,2026-02-17 10:23:00,Sell,0.01,4910.205,2026-02-17 10:28:00,5.0,2.350000000000364,1.45,-25.425000000000182,-94.08333333333333,-3.279999999999636,LOOSE
84675020,2026-02-13 11:12:08,Sell,0.01,4951.87,2026-02-13 11:19:45,7.616666666666666,2.67,15538.0,2026-02-13 11:12:00,Sell,0.01,4983.905,2026-02-13 11:13:00,1.0,3.0299999999997453,-0.13333333333333333,32.034999999999854,-6.616666666666666,0.3599999999997454,LOOSE
84665776,2026-02-13 07:18:26,Buy,0.01,4969.37,2026-02-13 07:21:14,2.8,0.7,15426.0,2026-02-13 07:17:00,Buy,0.02,4996.305,2026-02-13 07:18:00,1.0,-5.0,-1.4333333333333333,26.9350000000004,-1.7999999999999998,-5.7,LOOSE
84496990,2026-02-12 11:12:51,Buy,0.01,5063.48,2026-02-12 11:17:31,4.666666666666667,0.7,15279.0,2026-02-12 11:07:00,Buy,0.02,5070.955,2026-02-12 11:13:00,6.0,-5.0,-5.85,7.475000000000364,1.333333333333333,-5.7,LOOSE
84480811,2026-02-12 09:04:59,Sell,0.01,5071.89,2026-02-12 09:14:41,9.7,-2.98,15241.0,2026-02-12 09:06:00,Sell,0.01,5068.035,2026-02-12 09:08:00,2.0,5.099999999999454,1.0166666666666666,-3.855000000000473,-7.699999999999999,8.079999999999455,LOOSE
84448544,2026-02-12 05:06:33,Buy,0.01,5072.67,2026-02-12 05:10:04,3.5166666666666666,4.53,15177.0,2026-02-12 05:05:00,Buy,0.01,5068.475,2026-02-12 05:10:00,5.0,-2.5,-1.55,-4.194999999999709,1.4833333333333334,-7.03,LOOSE
84397864,2026-02-11 15:40:50,Buy,0.01,5044.28,2026-02-11 15:44:06,3.2666666666666666,2.61,,,,,,,,,,,,,UNMATCHED
83980760,2026-02-09 10:04:32,Buy,0.01,5006.26,2026-02-09 10:15:37,11.083333333333334,7.87,14554.0,2026-02-09 10:05:00,Buy,0.01,5028.845,2026-02-09 10:06:00,1.0,-2.5,0.4666666666666667,22.585000000000036,-10.083333333333334,-10.370000000000001,LOOSE
83923769,2026-02-06 13:34:06,Sell,0.01,4925.29,2026-02-06 13:35:48,1.7,2.07,14319.0,2026-02-06 13:37:00,Sell,0.01,4868.645,2026-02-06 13:39:00,2.0,-2.5,2.9,-56.64499999999953,0.30000000000000004,-4.57,LOOSE
83915642,2026-02-06 07:16:42,Sell,0.01,4848.32,2026-02-06 07:21:17,4.583333333333333,1.17,14056.0,2026-02-06 07:15:00,Sell,0.02,4818.739,2026-02-06 07:16:00,1.0,-5.0,-1.7,-29.58100000000013,-3.583333333333333,-6.17,LOOSE
83897665,2026-02-06 05:30:33,Sell,0.01,4846.36,2026-02-06 05:32:07,1.5666666666666667,7.43,13978.0,2026-02-06 05:32:00,Sell,0.01,4822.195,2026-02-06 05:33:00,1.0,-2.5,1.45,-24.164999999999964,-0.5666666666666667,-9.93,LOOSE
83821484,2026-02-05 15:27:12,Buy,0.01,4823.0,2026-02-05 15:30:17,3.0833333333333335,-4.17,,,,,,,,,,,,,UNMATCHED
83699779,2026-02-04 17:42:53,Sell,0.01,4910.32,2026-02-04 17:53:51,10.966666666666667,7.05,,,,,,,,,,,,,UNMATCHED
83541051,2026-02-03 12:00:26,Buy,0.01,4919.67,2026-02-03 12:09:59,9.55,9.98,13000.0,2026-02-03 12:01:00,Buy,0.01,4919.255,2026-02-03 12:02:00,1.0,-2.5,0.5666666666666667,-0.4149999999999636,-8.55,-12.48,CLOSE
83511633,2026-02-02 20:25:35,Buy,0.01,4661.87,2026-02-02 20:29:09,3.566666666666667,2.43,,,,,,,,,,,,,UNMATCHED
83314376,2026-01-30 04:37:54,Buy,0.01,5220.23,2026-01-30 04:39:34,1.6666666666666667,4.47,11572.0,2026-01-30 04:38:00,Buy,0.02,5358.085,2026-01-30 04:39:00,1.0,-5.0,0.1,137.85500000000047,-0.6666666666666667,-9.469999999999999,LOOSE
83084849,2026-01-28 07:01:54,Buy,0.01,5262.98,2026-01-28 07:05:33,3.65,4.38,10925.0,2026-01-28 07:02:00,Buy,0.02,5238.045,2026-01-28 07:08:00,6.0,-5.0,0.1,-24.93499999999949,2.35,-9.379999999999999,LOOSE
82913535,2026-01-26 09:00:40,Buy,0.01,5085.8,2026-01-26 09:25:21,24.683333333333334,4.8,10505.0,2026-01-26 09:01:00,Buy,0.01,5076.165,2026-01-26 09:02:00,1.0,4.789999999999964,0.3333333333333333,-9.635000000000218,-23.683333333333334,-0.010000000000036202,LOOSE
82824133,2026-01-23 07:00:21,Buy,0.01,4953.2,2026-01-23 07:07:55,7.566666666666666,3.4,10251.0,2026-01-23 06:50:00,Buy,0.02,4953.435,2026-01-23 06:53:00,3.0,-5.0,-10.35,0.23500000000058208,-4.566666666666666,-8.4,LOOSE
82775023,2026-01-22 07:25:06,Buy,0.01,4831.387,2026-01-22 07:31:36,6.5,5.73,10119.0,2026-01-22 07:30:00,Buy,0.02,4795.755,2026-01-22 08:07:00,37.0,9.11999999999898,4.9,-35.63199999999961,30.5,3.389999999998979,LOOSE
82667342,2026-01-20 07:00:31,Buy,0.01,4713.8,2026-01-20 08:32:19,91.8,6.68,,,,,,,,,,,,,UNMATCHED
82600157,2026-01-16 12:48:59,Sell,0.01,4605.35,2026-01-16 12:52:41,3.7,4.52,9675.0,2026-01-16 13:08:00,Sell,0.02,4603.685,2026-01-16 13:11:00,3.0,-5.0,19.016666666666666,-1.6649999999999636,-0.7000000000000002,-9.52,DISTANT
82596177,2026-01-16 07:03:56,Buy,0.01,4599.92,2026-01-16 08:13:13,69.28333333333333,6.46,9629.0,2026-01-16 07:05:00,Buy,0.01,4597.775,2026-01-16 07:23:00,18.0,2.350000000000364,1.0666666666666667,-2.1450000000004366,-51.28333333333333,-4.109999999999636,LOOSE
82564751,2026-01-15 07:19:50,Sell,0.01,4613.11,2026-01-15 07:35:26,15.6,4.51,9537.0,2026-01-15 07:19:00,Sell,0.02,4593.855,2026-01-15 07:21:00,2.0,4.93999999999869,-0.8333333333333334,-19.25500000000011,-13.6,0.42999999999869054,LOOSE
82523311,2026-01-14 04:29:14,Buy,0.01,4625.78,2026-01-14 04:37:55,8.683333333333334,3.35,9393.0,2026-01-14 04:38:00,Buy,0.01,4617.948,2026-01-14 04:41:00,3.0,-2.5,8.766666666666667,-7.831999999999425,-5.683333333333334,-5.85,LOOSE
82494965,2026-01-13 10:44:06,Sell,0.01,4587.85,2026-01-13 10:51:58,7.866666666666666,1.89,9355.0,2026-01-13 10:41:00,Sell,0.01,4581.945,2026-01-13 10:49:00,8.0,3.2199999999993447,-3.1,-5.905000000000655,0.13333333333333375,1.3299999999993448,LOOSE
82465593,2026-01-12 12:11:18,Sell,0.01,4585.01,2026-01-12 12:25:53,14.583333333333334,1.82,9267.0,2026-01-12 11:54:00,Sell,0.02,4595.725,2026-01-12 12:22:00,28.0,-5.0,-17.3,10.715000000000146,13.416666666666666,-6.82,DISTANT
82462486,2026-01-12 09:25:57,Buy,0.01,4598.3,2026-01-12 09:31:41,5.733333333333333,-2.24,9244.0,2026-01-12 09:22:00,Buy,0.01,4574.025,2026-01-12 09:52:00,30.0,3.520000000000437,-3.95,-24.275000000000546,24.266666666666666,5.760000000000437,LOOSE
82241706,2026-01-12 05:30:37,Buy,0.01,4571.8,2026-01-12 05:41:10,10.55,4.38,9206.0,2026-01-12 05:32:00,Buy,0.01,4565.275,2026-01-12 05:35:00,3.0,3.880000000000109,1.3833333333333333,-6.525000000000546,-7.550000000000001,-0.49999999999989075,LOOSE
82199073,2026-01-09 07:03:58,Sell,0.01,4475.16,2026-01-09 07:57:41,53.71666666666667,3.82,9112.0,2026-01-09 07:18:00,Sell,0.01,4461.355,2026-01-09 07:31:00,13.0,-2.5,14.033333333333333,-13.805000000000291,-40.71666666666667,-6.32,LOOSE
82169230,2026-01-08 07:05:21,Buy,0.01,4432.78,2026-01-08 07:11:57,6.6,4.61,8983.0,2026-01-08 06:41:00,Buy,0.02,4441.315,2026-01-08 06:55:00,14.0,-5.0,-24.35,8.534999999999854,7.4,-9.61,DISTANT
82147110,2026-01-07 14:04:17,Sell,0.01,4453.3,2026-01-07 14:18:50,14.55,2.51,,,,,,,,,,,,,UNMATCHED
82095097,2026-01-06 06:52:50,Buy,0.01,4463.54,2026-01-06 07:16:50,24.0,5.09,8756.0,2026-01-06 06:46:00,Buy,0.01,4466.358,2026-01-06 07:15:00,29.0,-2.5,-6.833333333333333,2.818000000000211,5.0,-7.59,LOOSE
82061725,2026-01-05 09:12:23,Buy,0.01,4427.34,2026-01-05 09:37:56,25.55,3.7,8678.0,2026-01-05 09:12:00,Buy,0.01,4418.305,2026-01-05 09:16:00,4.0,-2.5,-0.38333333333333336,-9.034999999999854,-21.55,-6.2,LOOSE
82028698,2026-01-02 07:31:50,Buy,0.01,4372.8,2026-01-02 07:47:23,15.55,4.05,8558.0,2026-01-02 07:26:00,Buy,0.01,4373.055,2026-01-02 08:12:00,46.0,5.9429999999993015,-5.833333333333333,0.25500000000010914,30.45,1.8929999999993017,LOOSE
81983513,2025-12-30 10:12:46,Buy,0.01,4373.1,2025-12-30 10:19:35,6.816666666666666,5.33,8267.0,2025-12-30 10:12:00,Buy,0.01,4361.505,2025-12-30 10:16:00,4.0,8.449999999999818,-0.7666666666666667,-11.595000000000255,-2.8166666666666664,3.119999999999818,LOOSE
81979298,2025-12-30 05:20:44,Sell,0.01,4365.43,2025-12-30 05:22:21,1.6166666666666667,-4.41,8210.0,2025-12-30 05:27:00,Sell,0.01,4354.915,2025-12-30 05:31:00,4.0,2.826000000000022,6.266666666666667,-10.515000000000327,2.3833333333333333,7.236000000000022,LOOSE
81950224,2025-12-29 04:11:17,Buy,0.01,4509.78,2025-12-29 04:51:10,39.88333333333333,4.94,7980.0,2025-12-29 04:11:00,Buy,0.02,4510.748,2025-12-29 04:12:00,1.0,-5.0,-0.2833333333333333,0.9679999999998472,-38.88333333333333,-9.940000000000001,CLOSE
38800885,2025-12-23 15:38:24,Buy,0.01,4450.12,2025-12-23 15:53:02,14.633333333333333,5.21,,,,,,,,,,,,,UNMATCHED
38786971,2025-12-23 09:53:01,Buy,0.02,4479.23,2025-12-23 11:23:15,90.23333333333333,8.66,7735.0,2025-12-23 09:51:00,Buy,0.02,4478.355,2025-12-23 10:04:00,13.0,4.240000000001601,-2.0166666666666666,-0.875,-77.23333333333333,-4.419999999998399,CLOSE
38759834,2025-12-22 10:07:54,Sell,0.01,4415.72,2025-12-22 12:41:53,153.98333333333332,6.72,7650.0,2025-12-22 10:04:00,Sell,0.01,4417.065,2025-12-22 10:07:00,3.0,3.1269999999994984,-3.9,1.3449999999993452,-150.98333333333332,-3.5930000000005013,CLOSE
38755615,2025-12-22 06:17:51,Buy,0.01,4404.62,2025-12-22 06:31:29,13.633333333333333,-3.47,7617.0,2025-12-22 06:20:00,Buy,0.01,4389.475,2025-12-22 06:24:00,4.0,-2.5,2.15,-15.144999999999527,-9.633333333333333,0.9700000000000002,LOOSE
38723027,2025-12-19 12:42:44,Sell,0.01,4328.49,2025-12-19 12:53:14,10.5,4.65,,,,,,,,,,,,,UNMATCHED
38720385,2025-12-19 08:43:53,Buy,0.01,4329.57,2025-12-19 09:18:47,34.9,-3.16,7589.0,2025-12-19 08:36:00,Buy,0.01,4325.248,2025-12-19 08:52:00,16.0,2.5070000000005166,-7.883333333333334,-4.322000000000116,-18.9,5.667000000000517,LOOSE
38686016,2025-12-18 08:02:33,Sell,0.01,4330.21,2025-12-18 09:36:35,94.03333333333333,5.46,7535.0,2025-12-18 08:00:00,Sell,0.01,4331.529,2025-12-18 08:02:00,2.0,-2.5,-2.55,1.3190000000004147,-92.03333333333333,-7.96,CLOSE
38683859,2025-12-18 06:05:45,Buy,0.01,4330.83,2025-12-18 06:17:14,11.483333333333333,3.31,7529.0,2025-12-18 06:14:00,Buy,0.01,4334.265,2025-12-18 06:24:00,10.0,-2.5,8.25,3.4350000000004,-1.4833333333333325,-5.8100000000000005,LOOSE
38650723,2025-12-17 07:38:06,Sell,0.01,4322.06,2025-12-17 08:30:10,52.06666666666667,5.6,7459.0,2025-12-17 07:29:00,Sell,0.01,4322.345,2025-12-17 07:38:00,9.0,-2.5,-9.1,0.2849999999998545,-43.06666666666667,-8.1,LOOSE
38648802,2025-12-17 06:21:41,Buy,0.01,4333.67,2025-12-17 06:46:28,24.783333333333335,-3.99,7457.0,2025-12-17 06:23:00,Buy,0.02,4319.005,2025-12-17 06:43:00,20.0,6.959999999999127,1.3166666666666667,-14.664999999999964,-4.783333333333335,10.949999999999127,LOOSE
38612361,2025-12-16 06:41:45,Sell,0.01,4291.03,2025-12-16 09:42:27,180.7,9.02,7367.0,2025-12-16 06:36:00,Sell,0.01,4285.585,2025-12-16 06:49:00,13.0,-2.5,-5.75,-5.444999999999709,-167.7,-11.52,LOOSE
38570537,2025-12-15 13:00:14,Sell,0.01,4345.38,2025-12-15 13:09:11,8.95,5.46,7327.0,2025-12-15 12:48:00,Sell,0.01,4343.905,2025-12-15 13:02:00,14.0,2.319999999999709,-12.233333333333333,-1.4750000000003638,5.050000000000001,-3.140000000000291,LOOSE
38568721,2025-12-15 10:29:18,Sell,0.01,4347.89,2025-12-15 11:48:59,79.68333333333334,4.8,7313.0,2025-12-15 10:34:00,Sell,0.01,4342.085,2025-12-15 10:39:00,5.0,6.430000000000291,4.7,-5.805000000000291,-74.68333333333334,1.6300000000002912,LOOSE
38528027,2025-12-12 09:25:01,Sell,0.01,4317.51,2025-12-12 09:41:40,16.65,6.41,7229.0,2025-12-12 09:05:00,Sell,0.01,4277.915,2025-12-12 09:28:00,23.0,-2.5,-20.016666666666666,-39.595000000000255,6.350000000000001,-8.91,DISTANT
38492680,2025-12-11 11:09:27,Buy,0.01,4217.4,2025-12-11 12:10:24,60.95,-4.86,7187.0,2025-12-11 11:08:00,Buy,0.01,4215.335,2025-12-11 11:43:00,35.0,3.0600000000004,-1.45,-2.0649999999996,-25.950000000000003,7.9200000000004005,LOOSE
38487563,2025-12-11 07:32:30,Buy,0.01,4211.49,2025-12-11 07:46:12,13.7,5.6,7161.0,2025-12-11 07:30:00,Buy,0.01,4212.635,2025-12-11 07:35:00,5.0,2.269999999999527,-2.5,1.1450000000004366,-8.7,-3.3300000000004726,CLOSE
38449900,2025-12-10 14:31:07,Sell,0.01,4198.23,2025-12-10 14:38:36,7.483333333333333,2.91,,,,,,,,,,,,,UNMATCHED
38448404,2025-12-10 14:17:48,Buy,0.01,4204.15,2025-12-10 14:26:36,8.8,-4.86,,,,,,,,,,,,,UNMATCHED
38443239,2025-12-10 12:17:30,Sell,0.01,4200.58,2025-12-10 12:40:38,23.133333333333333,3.25,,,,,,,,,,,,,UNMATCHED
38441014,2025-12-10 10:33:15,Buy,0.01,4189.26,2025-12-10 11:38:15,65.0,7.08,,,,,,,,,,,,,UNMATCHED
38422656,2025-12-09 18:33:05,Buy,0.01,4204.34,2025-12-09 19:05:09,32.06666666666667,6.64,,,,,,,,,,,,,UNMATCHED
38394143,2025-12-09 08:35:42,Buy,0.01,4185.67,2025-12-09 08:55:45,20.05,4.76,7096.0,2025-12-09 08:53:00,Buy,0.02,4180.275,2025-12-09 09:00:00,7.0,-5.0,17.3,-5.395000000000437,-13.05,-9.76,DISTANT
38381092,2025-12-08 14:57:55,Sell,0.01,4205.31,2025-12-08 18:23:42,205.78333333333333,16.3,,,,,,,,,,,,,UNMATCHED
38327555,2025-12-05 13:06:32,Buy,0.02,4221.93,2025-12-05 13:24:10,17.633333333333333,12.08,,,,,,,,,,,,,UNMATCHED
38293895,2025-12-04 11:18:01,Sell,0.02,4202.96,2025-12-04 12:08:08,50.11666666666667,9.8,7010.0,2025-12-04 11:23:00,Sell,0.01,4193.645,2025-12-04 11:47:00,24.0,3.180000000000291,4.983333333333333,-9.3149999999996,-26.116666666666667,-6.61999999999971,LOOSE
38258178,2025-12-03 07:33:51,Buy,0.01,4201.92,2025-12-03 08:10:41,36.833333333333336,5.08,6905.0,2025-12-03 07:38:00,Buy,0.02,4223.685,2025-12-03 07:51:00,13.0,-5.0,4.15,21.765000000000327,-23.833333333333336,-10.08,LOOSE
38220734,2025-12-02 09:32:10,Sell,0.01,4192.78,2025-12-02 10:33:12,61.03333333333333,6.06,6839.0,2025-12-02 09:30:00,Sell,0.02,4205.355,2025-12-02 09:33:00,3.0,-5.0,-2.1666666666666665,12.574999999999818,-58.03333333333333,-11.059999999999999,LOOSE
38185142,2025-12-01 10:14:10,Sell,0.02,4260.23,2025-12-01 10:50:55,36.75,12.08,6751.0,2025-12-01 10:21:00,Sell,0.01,4231.695,2025-12-01 10:22:00,1.0,-2.5,6.833333333333333,-28.534999999999854,-35.75,-14.58,LOOSE
38122859,2025-11-27 09:02:26,Sell,0.01,4160.74,2025-11-27 09:27:19,24.883333333333333,7.41,6617.0,2025-11-27 08:50:00,Sell,0.02,4144.495,2025-11-27 08:53:00,3.0,-5.0,-12.433333333333334,-16.24499999999989,-21.883333333333333,-12.41,LOOSE
38119105,2025-11-27 06:09:07,Sell,0.01,4150.92,2025-11-27 06:23:12,14.083333333333334,-4.83,6606.0,2025-11-27 05:56:00,Sell,0.02,4145.545,2025-11-27 06:11:00,15.0,-5.0,-13.116666666666667,-5.375,0.9166666666666661,-0.16999999999999993,LOOSE
38045554,2025-11-26 07:36:48,Buy,0.01,4153.89,2025-11-26 08:38:07,61.31666666666667,11.02,6529.0,2025-11-26 07:32:00,Buy,0.02,4158.305,2025-11-26 07:52:00,20.0,6.6199999999989805,-4.8,4.414999999999964,-41.31666666666667,-4.400000000001019,LOOSE
37964561,2025-11-24 11:01:04,Buy,0.01,4063.89,2025-11-24 11:45:39,44.583333333333336,6.3,6355.0,2025-11-24 11:02:00,Buy,0.02,4063.775,2025-11-24 11:03:00,1.0,-5.0,0.9333333333333333,-0.11499999999978172,-43.583333333333336,-11.3,CLOSE
37928869,2025-11-21 11:14:11,Sell,0.01,4041.78,2025-11-21 11:50:20,36.15,7.85,6200.0,2025-11-21 11:11:00,Sell,0.02,4033.055,2025-11-21 11:13:00,2.0,-5.0,-3.183333333333333,-8.725000000000364,-34.15,-12.85,LOOSE
37874673,2025-11-20 06:09:10,Sell,0.02,4076.1,2025-11-20 06:39:54,30.733333333333334,14.9,5948.0,2025-11-20 06:11:00,Sell,0.01,4081.105,2025-11-20 06:16:00,5.0,7.329999999999927,1.8333333333333333,5.005000000000109,-25.733333333333334,-7.570000000000073,LOOSE
37836776,2025-11-19 10:12:16,Sell,0.01,4110.56,2025-11-19 10:17:16,5.0,-5.43,5867.0,2025-11-19 10:08:00,Sell,0.02,4087.135,2025-11-19 10:22:00,14.0,-5.0,-4.266666666666667,-23.425000000000182,9.0,0.4299999999999997,LOOSE
37791981,2025-11-18 06:48:04,Sell,0.01,4014.84,2025-11-18 07:11:45,23.683333333333334,8.85,5686.0,2025-11-18 06:49:00,Sell,0.01,4017.575,2025-11-18 06:53:00,4.0,2.569999999999709,0.9333333333333333,2.7349999999996726,-19.683333333333334,-6.280000000000291,LOOSE
37748984,2025-11-17 07:17:27,Buy,0.01,4074.19,2025-11-17 07:42:30,25.05,7.16,5545.0,2025-11-17 07:12:00,Buy,0.01,4086.028,2025-11-17 07:13:00,1.0,-2.5,-5.45,11.837999999999738,-24.05,-9.66,LOOSE
37701576,2025-11-14 09:12:06,Sell,0.01,4180.12,2025-11-14 10:22:58,70.86666666666666,11.72,5402.0,2025-11-14 09:10:00,Sell,0.02,4189.235,2025-11-14 09:17:00,7.0,9.279999999998836,-2.1,9.114999999999782,-63.86666666666666,-2.440000000001165,LOOSE
37610153,2025-11-12 08:19:02,Buy,0.01,4121.1,2025-11-12 09:06:47,47.75,9.18,5154.0,2025-11-12 08:22:00,Buy,0.01,4108.055,2025-11-12 08:29:00,7.0,-2.5,2.966666666666667,-13.045000000000073,-40.75,-11.68,LOOSE
37543683,2025-11-10 09:22:51,Buy,0.02,4076.89,2025-11-10 09:35:47,12.933333333333334,11.96,4979.0,2025-11-10 09:25:00,Buy,0.02,4071.605,2025-11-10 09:38:00,13.0,11.420000000000073,2.15,-5.2849999999998545,0.06666666666666643,-0.5399999999999281,LOOSE
37542995,2025-11-10 09:00:16,Buy,0.01,4082.44,2025-11-10 09:05:07,4.85,-5.33,4978.0,2025-11-10 08:56:00,Buy,0.02,4068.605,2025-11-10 09:25:00,29.0,5.699999999999818,-4.266666666666667,-13.835000000000036,24.15,11.029999999999818,LOOSE
37542639,2025-11-10 08:42:17,Sell,0.01,4082.62,2025-11-10 08:58:53,16.6,0.64,,,,,,,,,,,,,UNMATCHED
37507379,2025-11-07 09:18:04,Sell,0.01,4013.03,2025-11-07 10:42:21,84.28333333333333,7.19,4911.0,2025-11-07 09:03:00,Sell,0.01,3993.015,2025-11-07 09:08:00,5.0,-2.5,-15.066666666666666,-20.015000000000327,-79.28333333333333,-9.690000000000001,DISTANT
37477144,2025-11-06 10:42:44,Buy,0.01,4006.89,2025-11-06 12:18:29,95.75,7.23,,,,,,,,,,,,,UNMATCHED
37442389,2025-11-05 07:55:47,Buy,0.01,3969.56,2025-11-05 08:02:35,6.8,5.37,4772.0,2025-11-05 07:43:00,Buy,0.02,3971.585,2025-11-05 07:50:00,7.0,-5.0,-12.783333333333333,2.025000000000091,0.20000000000000018,-10.370000000000001,LOOSE
37400976,2025-11-04 08:09:22,Sell,0.01,3998.11,2025-11-04 08:17:55,8.55,3.88,4655.0,2025-11-04 08:02:00,Sell,0.02,3983.245,2025-11-04 08:11:00,9.0,-5.0,-7.366666666666666,-14.865000000000236,0.4499999999999993,-8.879999999999999,LOOSE
37386001,2025-11-03 16:38:37,Buy,0.01,3998.58,2025-11-03 16:49:46,11.15,9.65,,,,,,,,,,,,,UNMATCHED
37296835,2025-10-30 07:44:53,Buy,0.01,3965.57,2025-10-30 07:56:44,11.85,4.42,4141.0,2025-10-30 07:45:00,Buy,0.01,3978.645,2025-10-30 07:48:00,3.0,-2.5,0.11666666666666667,13.074999999999818,-8.85,-6.92,LOOSE
37217619,2025-10-28 10:52:18,Sell,0.01,3907.0,2025-10-28 10:55:35,3.283333333333333,5.94,3799.0,2025-10-28 10:51:00,Sell,0.01,3933.765,2025-10-28 10:57:00,6.0,2.039999999999964,-1.3,26.764999999999873,2.716666666666667,-3.9000000000000363,LOOSE
37162697,2025-10-27 06:13:05,Buy,0.01,4073.84,2025-10-27 06:22:54,9.816666666666666,4.38,3527.0,2025-10-27 06:12:00,Buy,0.02,4076.335,2025-10-27 06:15:00,3.0,-5.0,-1.0833333333333333,2.494999999999891,-6.816666666666666,-9.379999999999999,LOOSE
37145681,2025-10-24 16:34:45,Sell,0.01,4133.72,2025-10-24 16:39:41,4.933333333333334,4.13,,,,,,,,,,,,,UNMATCHED
37082195,2025-10-23 05:30:44,Buy,0.02,4092.12,2025-10-23 05:32:34,1.8333333333333333,9.36,3136.0,2025-10-23 05:24:00,Buy,0.02,4078.775,2025-10-23 05:28:00,4.0,9.845999999999547,-6.733333333333333,-13.3449999999998,2.166666666666667,0.4859999999995477,LOOSE
37045628,2025-10-22 07:02:29,Sell,0.02,4152.22,2025-10-22 07:03:56,1.45,6.5,2871.0,2025-10-22 07:04:00,Sell,0.02,4128.125,2025-10-22 07:05:00,1.0,15.152000000000044,1.5166666666666666,-24.095000000000255,-0.44999999999999996,8.652000000000044,LOOSE
37005647,2025-10-21 10:56:35,Sell,0.01,4258.12,2025-10-21 11:00:23,3.8,3.73,2675.0,2025-10-21 10:58:00,Sell,0.01,4301.795,2025-10-21 11:00:00,2.0,4.289999999999964,1.4166666666666667,43.67500000000018,-1.7999999999999998,0.5599999999999636,LOOSE
36998918,2025-10-21 07:42:21,Buy,0.01,4301.15,2025-10-21 07:50:26,8.083333333333334,4.74,2604.0,2025-10-21 07:51:00,Buy,0.02,4339.405,2025-10-21 07:56:00,5.0,7.260000000000219,8.65,38.25500000000011,-3.083333333333334,2.520000000000219,LOOSE
36997575,2025-10-21 07:23:43,Buy,0.01,4329.16,2025-10-21 07:27:18,3.5833333333333335,-1.96,2604.0,2025-10-21 07:51:00,Buy,0.02,4339.405,2025-10-21 07:56:00,5.0,7.260000000000219,27.283333333333335,10.24499999999989,1.4166666666666665,9.22000000000022,DISTANT
36954767,2025-10-20 08:47:26,Sell,0.01,4258.23,2025-10-20 08:50:17,2.85,3.94,2442.0,2025-10-20 08:47:00,Sell,0.02,4253.168,2025-10-20 08:49:00,2.0,12.117999999998574,-0.43333333333333335,-5.061999999999898,-0.8500000000000001,8.177999999998574,LOOSE
36902372,2025-10-17 12:37:18,Sell,0.01,4310.55,2025-10-17 12:38:45,1.45,2.84,2337.0,2025-10-17 12:35:00,Sell,0.02,4338.105,2025-10-17 12:37:00,2.0,-5.0,-2.3,27.55499999999938,0.55,-7.84,LOOSE
36893509,2025-10-17 10:15:10,Buy,0.01,4338.39,2025-10-17 10:25:57,10.783333333333333,1.94,2251.0,2025-10-17 10:14:00,Buy,0.01,4358.785,2025-10-17 10:15:00,1.0,-2.5,-1.1666666666666667,20.394999999999527,-9.783333333333333,-4.4399999999999995,LOOSE
36829995,2025-10-16 10:29:09,Buy,0.02,4238.15,2025-10-16 10:45:40,16.516666666666666,3.94,2019.0,2025-10-16 10:29:00,Buy,0.01,4233.135,2025-10-16 10:30:00,1.0,-2.5,-0.15,-5.014999999999418,-15.516666666666666,-6.4399999999999995,LOOSE
36829878,2025-10-16 10:23:12,Buy,0.01,4239.37,2025-10-16 10:26:10,2.966666666666667,-2.92,2019.0,2025-10-16 10:29:00,Buy,0.01,4233.135,2025-10-16 10:30:00,1.0,-2.5,5.8,-6.234999999999673,-1.9666666666666668,0.41999999999999993,LOOSE
36829765,2025-10-16 10:15:47,Sell,0.01,4240.78,2025-10-16 10:19:10,3.3833333333333333,0.45,2018.0,2025-10-16 10:25:00,Sell,0.01,4230.158,2025-10-16 10:28:00,3.0,-2.5,9.216666666666667,-10.621999999999389,-0.3833333333333333,-2.95,LOOSE
36768836,2025-10-15 06:35:08,Buy,0.02,4189.58,2025-10-15 06:43:05,7.95,7.8,1825.0,2025-10-15 06:34:00,Buy,0.01,4183.985,2025-10-15 06:47:00,13.0,4.460000000000036,-1.1333333333333333,-5.595000000000255,5.05,-3.3399999999999634,LOOSE
36726171,2025-10-14 07:52:46,Sell,0.02,4126.17,2025-10-14 07:57:04,4.3,5.0,1626.0,2025-10-14 07:37:00,Sell,0.02,4158.625,2025-10-14 07:41:00,4.0,-5.0,-15.766666666666667,32.45499999999993,-0.2999999999999998,-10.0,DISTANT
36725889,2025-10-14 07:42:54,Sell,0.02,4122.81,2025-10-14 07:45:12,2.3,4.94,1626.0,2025-10-14 07:37:00,Sell,0.02,4158.625,2025-10-14 07:41:00,4.0,-5.0,-5.9,35.8149999999996,1.7000000000000002,-9.940000000000001,LOOSE
36682106,2025-10-13 12:38:45,Sell,0.01,4078.64,2025-10-13 12:44:45,6.0,0.71,1565.0,2025-10-13 12:28:00,Sell,0.02,4071.058,2025-10-13 12:40:00,12.0,-5.0,-10.75,-7.58199999999988,6.0,-5.71,LOOSE
36640713,2025-10-10 16:29:10,Buy,0.02,3989.25,2025-10-10 16:33:56,4.766666666666667,4.56,,,,,,,,,,,,,UNMATCHED
36562770,2025-10-09 11:42:13,Buy,0.01,4042.07,2025-10-09 11:47:42,5.483333333333333,2.88,1321.0,2025-10-09 11:36:00,Buy,0.01,4037.255,2025-10-09 12:05:00,29.0,3.710000000000037,-6.216666666666667,-4.815000000000055,23.516666666666666,0.8300000000000369,LOOSE
36562289,2025-10-09 11:19:30,Buy,0.01,4035.78,2025-10-09 11:33:44,14.233333333333333,4.04,1319.0,2025-10-09 11:19:00,Buy,0.02,4037.475,2025-10-09 11:21:00,2.0,-5.0,-0.5,1.694999999999709,-12.233333333333333,-9.04,LOOSE
36561296,2025-10-09 11:04:35,Sell,0.02,4039.78,2025-10-09 11:13:00,8.416666666666666,2.84,1317.0,2025-10-09 11:05:00,Sell,0.02,4031.995,2025-10-09 11:13:00,8.0,-5.0,0.4166666666666667,-7.785000000000309,-0.4166666666666661,-7.84,LOOSE
36508993,2025-10-08 09:42:32,Buy,0.02,4039.03,2025-10-08 09:46:10,3.6333333333333333,5.04,1212.0,2025-10-08 09:49:00,Buy,0.01,4031.145,2025-10-08 10:12:00,23.0,6.7400000000002365,6.466666666666667,-7.885000000000218,19.366666666666667,1.7000000000002364,LOOSE
36508676,2025-10-08 09:36:16,Buy,0.01,4035.65,2025-10-08 09:39:56,3.6666666666666665,2.27,1210.0,2025-10-08 09:29:00,Buy,0.02,4027.185,2025-10-08 09:43:00,14.0,6.779999999999746,-7.266666666666667,-8.465000000000146,10.333333333333334,4.509999999999746,LOOSE
36508294,2025-10-08 09:19:47,Sell,0.02,4036.35,2025-10-08 09:32:57,13.166666666666666,4.98,1208.0,2025-10-08 09:18:00,Sell,0.02,4022.808,2025-10-08 09:19:00,1.0,-5.0,-1.7833333333333334,-13.541999999999916,-12.166666666666666,-9.98,LOOSE
36451248,2025-10-07 06:17:36,Buy,0.01,3963.3,2025-10-07 06:22:00,4.4,1.43,1106.0,2025-10-07 06:12:00,Buy,0.02,3965.345,2025-10-07 06:18:00,6.0,6.640000000000327,-5.6,2.044999999999618,1.5999999999999996,5.210000000000328,LOOSE
36450588,2025-10-07 05:53:49,Sell,0.01,3964.19,2025-10-07 06:05:30,11.683333333333334,3.62,1107.0,2025-10-07 06:19:00,Sell,0.02,3968.605,2025-10-07 06:25:00,6.0,9.420000000000073,25.183333333333334,4.414999999999964,-5.683333333333334,5.800000000000073,DISTANT
36450406,2025-10-07 05:47:44,Sell,0.01,3962.08,2025-10-07 05:53:06,5.366666666666666,-1.71,,,,,,,,,,,,,UNMATCHED
36416362,2025-10-06 11:10:55,Sell,0.01,3938.03,2025-10-06 11:16:33,5.633333333333334,3.02,1072.0,2025-10-06 11:21:00,Sell,0.01,3945.145,2025-10-06 11:22:00,1.0,-2.5,10.083333333333334,7.114999999999782,-4.633333333333334,-5.52,LOOSE
36414174,2025-10-06 09:14:39,Sell,0.01,3943.07,2025-10-06 09:40:39,26.0,2.46,1049.0,2025-10-06 09:06:00,Sell,0.02,3927.278,2025-10-06 09:12:00,6.0,4.826000000000022,-8.65,-15.792000000000371,-20.0,2.366000000000022,LOOSE
36383087,2025-10-03 15:18:08,Buy,0.01,3878.35,2025-10-03 15:22:57,4.816666666666666,7.8,,,,,,,,,,,,,UNMATCHED
36368405,2025-10-03 07:17:25,Buy,0.01,3860.35,2025-10-03 07:23:08,5.716666666666667,1.2,996.0,2025-10-03 07:26:00,Buy,0.01,3846.145,2025-10-03 07:30:00,4.0,-2.5,8.583333333333334,-14.204999999999927,-1.7166666666666668,-3.7,LOOSE
36337657,2025-10-02 13:13:13,Sell,0.01,3890.78,2025-10-02 13:16:03,2.8333333333333335,1.81,,,,,,,,,,,,,UNMATCHED
36335183,2025-10-02 12:23:08,Buy,0.01,3882.36,2025-10-02 12:31:38,8.5,1.32,,,,,,,,,,,,,UNMATCHED
36335196,2025-10-02 12:23:37,Buy,0.01,3882.34,2025-10-02 12:31:34,7.95,1.22,,,,,,,,,,,,,UNMATCHED
36334931,2025-10-02 12:17:55,Buy,0.01,3881.12,2025-10-02 12:20:28,2.55,1.43,,,,,,,,,,,,,UNMATCHED
36322976,2025-10-02 05:13:35,Buy,0.01,3868.72,2025-10-02 06:05:06,51.516666666666666,1.21,955.0,2025-10-02 05:15:00,Buy,0.02,3869.448,2025-10-02 05:16:00,1.0,-5.0,1.4166666666666667,0.7280000000000655,-50.516666666666666,-6.21,CLOSE
36283671,2025-10-01 08:28:02,Sell,0.01,3893.34,2025-10-01 08:34:32,6.5,6.25,908.0,2025-10-01 08:26:00,Sell,0.02,3867.095,2025-10-01 08:33:00,7.0,5.399999999999636,-2.033333333333333,-26.245000000000346,0.5,-0.8500000000003638,LOOSE
36274877,2025-10-01 06:25:14,Buy,0.01,3858.64,2025-10-01 06:29:01,3.783333333333333,2.01,896.0,2025-10-01 06:12:00,Buy,0.01,3862.495,2025-10-01 06:32:00,20.0,-2.5,-13.233333333333333,3.855000000000018,16.21666666666667,-4.51,LOOSE
36228676,2025-09-30 08:25:56,Sell,0.01,3830.54,2025-09-30 08:30:17,4.35,12.91,,,,,,,,,,,,,UNMATCHED
36227388,2025-09-30 08:20:57,Sell,0.03,3833.24,2025-09-30 08:23:20,2.3833333333333333,6.79,,,,,,,,,,,,,UNMATCHED
36227385,2025-09-30 08:20:52,Sell,0.01,3833.38,2025-09-30 08:22:05,1.2166666666666666,6.03,,,,,,,,,,,,,UNMATCHED
36168589,2025-09-29 05:46:42,Buy,0.01,3805.93,2025-09-29 05:52:58,6.266666666666667,3.9,731.0,2025-09-29 05:55:00,Buy,0.01,3790.145,2025-09-29 06:01:00,6.0,4.179999999999836,8.3,-15.784999999999854,-0.2666666666666666,0.2799999999998364,LOOSE
36168590,2025-09-29 05:46:47,Buy,0.01,3805.93,2025-09-29 05:52:55,6.133333333333334,3.52,731.0,2025-09-29 05:55:00,Buy,0.01,3790.145,2025-09-29 06:01:00,6.0,4.179999999999836,8.216666666666667,-15.784999999999854,-0.13333333333333375,0.6599999999998363,LOOSE
36148327,2025-09-26 15:47:57,Buy,0.01,3779.39,2025-09-26 15:54:27,6.5,0.82,,,,,,,,,,,,,UNMATCHED
36095791,2025-09-25 16:43:46,Sell,0.01,3736.72,2025-09-25 16:45:31,1.75,2.52,,,,,,,,,,,,,UNMATCHED
36094988,2025-09-25 16:32:56,Buy,0.01,3736.13,2025-09-25 16:42:55,9.983333333333333,0.97,,,,,,,,,,,,,UNMATCHED
