trade_idx,real_dt,real_return_1,real_return_5,real_rsi_14,real_h1_atr_pct,ctrl_dt,ctrl_return_1,ctrl_return_5,ctrl_rsi_14,ctrl_h1_atr_pct,hour_matched,atr_abs_diff,ret1_abs_diff
0,2025-09-25 16:32:00,3.9831850777605204,2.6194558748660057,55.540917484689956,0.31036736593547903,2025-09-25 16:24:00,-4.051042602708499,3.2415950357900236,78.30444761632373,0.31036736593547903,True,0.0,8.03422768046902
1,2025-09-25 16:43:00,-5.793455273049863,-16.798595026598086,20.548510531715095,0.31036736593547903,2025-09-25 16:59:00,5.8696645017697335,16.804513043420233,65.06947145777721,0.31036736593547903,True,0.0,11.663119774819597
2,2025-09-26 15:47:00,3.1446918002164814,8.639320373462489,57.82477336498082,0.24563000808133684,2025-09-26 15:45:00,3.1271285735035015,-0.7115284937853072,40.85036872880725,0.24563000808133684,True,0.0,0.01756322671297994
3,2025-09-29 05:46:00,-2.2497110716912516,-1.6352949399489614,29.780801177858933,0.34578856757968984,2026-08-04 05:49:00,-2.265242682588653,-2.929847389420148,56.19573790159739,0.3461624770646244,True,0.00037390948493454257,0.015531610897401293
4,2025-09-30 08:20:00,-2.514895521986693,3.2585799574058605,52.5099601007861,0.2467836587865918,2025-09-30 08:49:00,2.50856986949044,-2.1971971519152422,49.39117194128847,0.2467836587865918,True,0.0,5.023465391477133
5,2025-09-30 08:25:00,0.8272164554035122,1.9131457674892438,76.08695639985969,0.2467836587865918,2025-09-30 08:35:00,-0.827259225556487,-2.5330491838027047,49.32301736360259,0.2467836587865918,True,0.0,1.6544756809599992
6,2025-10-01 06:25:00,-0.5435901020012235,-1.9152452225634775,52.72952844439044,0.3341819466680813,2025-10-02 06:25:00,0.5427948506864233,1.4734374131597505,70.78841992746237,0.3332257354640783,True,0.0009562112040030213,1.0863849526876468
7,2025-10-01 08:28:00,-0.388043299422991,-5.119747798120189,58.140082305598206,0.3110013756363202,2025-10-08 08:06:00,0.3798698759460706,7.784402125368128,65.3926016368911,0.3085064884265925,True,0.002494887209727681,0.7679131753690616
8,2025-10-02 05:13:00,6.208440633725942,8.978855700472188,61.179698157990124,0.3369567768657507,2026-06-03 05:45:00,-6.318649729112336,-15.03553092266574,47.03812312853349,0.33923410468048104,True,0.0022773278147303344,12.527090362838278
9,2025-10-02 12:17:00,1.8062348647185367,4.361881287142655,43.649987222365326,0.24884630863933088,2025-10-02 12:16:00,1.8065611720974317,3.6395972695291157,46.24424513600547,0.24884630863933088,True,0.0,0.0003263073788950521
10,2025-10-02 12:23:00,1.6516747078276772,-3.6369217197751436,56.95562189039027,0.24884630863933088,2025-10-02 12:53:00,-1.624340144045222,-1.2041249659977549,55.76113298702741,0.24884630863933088,True,0.0,3.2760148518728993
11,2025-10-02 13:13:00,0.10318812614151796,-7.836071447443471,31.007751870679527,0.23986334876908216,2025-10-02 13:38:00,-0.09533170925890566,-0.5333189053824405,37.284068972652534,0.23986334876908216,True,0.0,0.19851983540042362
12,2025-10-03 07:17:00,-0.8844757595116715,-1.092564965343712,50.25062647825677,0.3858071363975599,2026-05-25 07:29:00,0.8828861394549747,2.651317946047449,85.02202625692622,0.38389396172390283,True,0.001913174673657092,1.7673618989666462
13,2025-10-03 15:18:00,-1.320325110640841,-2.7438144456648494,44.1910965669201,0.24291246373208905,2025-10-03 15:52:00,-1.3358465507640194,-0.9818948917694748,67.56918642075613,0.24291246373208905,True,0.0,0.015521440123178465
14,2025-10-06 09:14:00,0.5349780085817102,0.38212130823112034,31.88991050904282,0.32042864535925186,2025-09-01 09:30:00,-0.5451444130588623,0.2008576622181124,60.957178733826574,0.3207206311357304,True,0.00029198577647854274,1.0801224216405725
15,2025-10-06 11:10:00,1.7733393626873095,3.3191908775465073,69.11286280232818,0.3199141695459565,2025-10-06 11:42:00,-1.7774852544905073,-2.5568401822539943,30.971374912274072,0.3199141695459565,True,0.0,3.550824617177817
16,2025-10-07 05:47:00,0.6051399070861052,1.4877668997081983,55.266272097782775,0.32944334221712795,2025-12-18 05:57:00,-0.600035771364249,-0.4846498693178436,38.52364468980678,0.3295881298603244,True,0.00014478764319642012,1.2051756784503542
17,2025-10-07 05:53:00,1.084427743698324,-2.369790714704667,48.19897072474003,0.32944334221712795,2026-07-07 05:57:00,1.088037989449564,8.638284538315943,40.25875185969259,0.3268385856138267,True,0.002604756603301228,0.0036102457512399155
18,2025-10-07 06:17:00,-0.7053829536640688,6.882702860102619,67.6700110426572,0.32534676936830553,2025-10-07 06:52:00,-0.7045026525775988,3.8513577294607693,78.49462353775046,0.32534676936830553,True,0.0,0.0008803010864699701
19,2025-10-08 09:19:00,-3.1063247754503642,-10.769442792457617,35.9742367647447,0.29917912825303167,2026-05-26 09:23:00,3.1105125396679867,8.431545014409014,64.89184684621273,0.2986400936719527,True,0.0005390345810789565,6.216837315118351
20,2025-10-08 09:36:00,0.6949261702993148,1.6878454032909218,71.5333208649102,0.29917912825303167,2025-09-24 09:58:00,0.6893817968744997,-6.359039308136971,49.68394428627545,0.296629362147525,True,0.002549766105506668,0.005544373424815063
21,2025-10-08 09:42:00,-0.347312237422015,4.268948734145184,69.48968501923271,0.29917912825303167,2025-10-07 09:25:00,0.3457161977893364,-2.5984149668700773,50.234521493517214,0.2950284120852299,True,0.004150716167801771,0.6930284352113514
22,2025-10-09 11:04:00,-0.9002087591558627,1.6371585377195075,63.10541297955969,0.4243624782398791,2026-08-05 11:21:00,-0.9121973995174226,-4.103578152165888,38.04920909203481,0.42085755354679044,True,0.0035049246930886624,0.011988640361559888
23,2025-10-09 11:19:00,-3.6408894172712536,4.189063075143995,74.78559167693196,0.4243624782398791,2026-02-25 11:29:00,3.6599448889340636,0.6162242208840318,68.80967530468743,0.42642586622619516,True,0.0020633879863160565,7.300834306205317
24,2025-10-09 11:42:00,-2.32746720809196,-2.2532030767374867,62.80991721002303,0.4243624782398791,2026-04-22 11:15:00,-2.3330233144691626,-9.178676485259718,35.02262439001255,0.4229194085598535,True,0.0014430696800256104,0.0055561063772024966
25,2025-10-10 16:29:00,-2.103599785132637,0.8517087406612056,67.07289672363152,0.41213047736737035,2025-10-10 16:27:00,-2.1048701432935246,-1.1026615493137104,59.91414548659219,0.41213047736737035,True,0.0,0.001270358160887497
26,2025-10-13 12:38:00,2.7267802988895085,2.923362456410672,39.908606174316986,0.4966218210617066,2025-10-13 12:45:00,2.7251936790251285,0.9573312550248403,72.78488865180323,0.4966218210617066,True,0.0,0.0015866198643799123
27,2025-10-14 07:42:00,0.38451786866566806,9.501439047066018,40.57287884626325,0.36065132714451925,2026-01-08 07:39:00,0.38338153792283336,-8.343664335487277,37.811745733763885,0.3648291999784429,True,0.004177872833923624,0.0011363307428347014
28,2025-10-14 07:52:00,-0.9598782874320477,-1.6076919662189049,82.78326203337694,0.36065132714451925,2025-10-14 07:06:00,-0.9604192037726555,4.083840770570113,45.476756854841796,0.36065132714451925,True,0.0,0.0005409163406078221
29,2025-10-15 06:35:00,-0.573540429222863,2.741954145537573,56.47661120760945,0.44975657562232885,2026-07-14 06:39:00,-0.5728197049981176,0.79707572842036,45.83041340983682,0.4485288527805919,True,0.0012277228417369446,0.0007207242247453394
30,2025-10-16 10:15:00,-4.324712660654928,2.9325339813279783,70.01683940616562,0.3799306618084266,2026-08-10 10:09:00,-4.27044792636555,-1.6075859685293903,34.40959405150414,0.3808083601145966,True,0.0008776983061700161,0.054264734289377614
31,2025-10-16 10:23:00,-1.6938961856638457,-2.8275646211906036,63.00770996883467,0.3799306618084266,2026-05-12 10:28:00,-1.6813787305591799,-2.341005802503071,57.58039810060051,0.38047140556186365,True,0.0005407437534370452,0.012517455104665842
32,2025-10-16 10:29:00,0.763011651871981,8.013885060556003,65.39528975374454,0.3799306618084266,2026-08-10 10:41:00,-0.7573575565344992,4.753315552412651,68.88168549721607,0.3808083601145966,True,0.0008776983061700161,1.5203692084064802
33,2025-10-17 10:15:00,2.020580067205735,-1.9968165694483897,44.4613049761011,0.7519713594012107,2026-03-20 10:34:00,-2.0266169469973505,-2.9436577507258033,64.03995555512995,0.7588183718994399,True,0.006847012498229166,4.0471970142030855
34,2025-10-17 12:37:00,9.174893526282535,9.428710076386793,62.30445687454718,0.8079738364242885,2026-03-25 12:59:00,9.169702160598536,8.091335345175033,60.08221126226292,0.7820365107567718,True,0.02593732566751672,0.005191365683998583
35,2025-10-20 08:47:00,-3.2916640019853283,-1.1217603877478055,39.22253643048423,0.7179182189994318,2025-10-20 08:56:00,3.299101130538329,-17.111379761786118,31.552545757939356,0.7179182189994318,True,0.0,6.590765132523657
36,2025-10-21 07:23:00,0.9440902826618469,0.2763006565587034,44.96707425874528,0.5163310217843938,2025-10-21 07:55:00,-0.9444164830618718,3.3414411289944823,56.747694820248064,0.5163310217843938,True,0.0,1.8885067657237187
37,2025-10-21 07:42:00,2.9958852668121594,-2.855941913826321,37.40724077763801,0.5163310217843938,2025-11-21 07:27:00,2.982120830115065,5.2753732511456874,50.52160948529742,0.5163220498467928,True,8.971937601076618e-06,0.013764436697094595
38,2025-10-21 10:56:00,2.975135537179874,-3.50745566610966,61.066870808831474,0.4729038859009905,2025-10-21 10:51:00,-2.9792880267920374,1.579765985546544,62.49957865532982,0.4729038859009905,True,0.0,5.954423563971911
39,2025-10-22 07:02:00,0.5565766182180631,1.9047167272367993,33.950230012711714,1.046606211642321,2026-02-04 07:43:00,0.5326058332189021,4.143985744688994,66.68027762623328,1.0719037235441673,True,0.02529751190184637,0.023970784999161054
40,2025-10-23 05:30:00,-2.6955201680045615,-6.0506367254054005,63.51909180137876,0.7913330262515639,2025-10-23 05:29:00,-2.7021412325689553,5.958196995645704,66.00536188074602,0.7913330262515639,True,0.0,0.006621064564393819
41,2025-10-24 16:34:00,11.063009308729388,8.337536537490475,50.2694745071161,0.521575309325519,2025-11-20 16:41:00,-11.07471422714501,8.821076911167403,45.09595824198886,0.5148933303115871,True,0.00668197901393186,22.1377235358744
42,2025-10-27 06:13:00,-0.6135378852278883,-0.3607693959561953,58.05117201303789,0.6185946835489677,2026-04-22 06:12:00,-0.6094491945307645,-1.9331690840040938,65.89595368104571,0.6234267359695147,True,0.004832052420546962,0.004088690697123809
43,2025-10-28 10:52:00,3.357211073200528,9.288701757601547,58.38143429993948,0.5529151429509968,2026-02-16 10:40:00,3.340036740404617,6.502126195266911,65.83850922134667,0.5466845093470273,True,0.006230633603969471,0.01717433279591063
44,2025-10-30 07:44:00,5.532635634448724,15.002599024076524,69.67287594331145,0.6708541578729446,2026-03-02 07:35:00,-5.5590532820326555,-3.638334612969807,30.96816973252126,0.668859624310468,True,0.001994533562476586,11.09168891648138
45,2025-11-03 16:38:00,-1.7165737685143068,12.780858111298699,61.29476578112145,0.4545015252212809,2025-11-18 16:47:00,1.7159254623644316,-2.1656074467368835,68.85668913047509,0.45398962539208654,True,0.0005118998291943622,3.4324992308787383
46,2025-11-04 08:09:00,3.993033537714741,-1.4306887762460807,27.684797741452,0.40054843378244653,2026-05-05 08:32:00,-3.9699682798866043,1.9828614673822464,70.47105426077626,0.4003408349479327,True,0.00020759883451382244,7.963001817601345
47,2025-11-05 07:55:00,-0.7557255658185991,-0.15871184428695173,44.347647778941536,0.47162282581976267,2025-11-05 07:02:00,0.7575078496757648,-3.78581857600202,33.11403503688655,0.47162282581976267,True,0.0,1.5132334154943639
48,2025-11-06 10:42:00,-2.9706739560508844,-5.241175171305512,50.95320617735425,0.24086527525913312,2025-10-02 10:35:00,2.957534921812499,2.2846261220998976,28.374655620693105,0.2403907478705764,True,0.00047452738855671694,5.9282088778633835
49,2025-11-07 09:18:00,-0.37530634380389394,5.908530440823512,68.82069340223418,0.30162281647231043,2025-11-07 09:10:00,-0.37546698706591997,6.13662122644687,42.31855901532326,0.30162281647231043,True,0.0,0.00016064326202602786
50,2025-11-10 08:42:00,1.2551853305753369,6.402277240766807,82.7487472327508,0.3839250365033362,2025-11-10 08:10:00,-1.2587790583595826,-0.3702620344414598,37.5335119939049,0.3839250365033362,True,0.0,2.5139643889349195
51,2025-11-10 09:00:00,3.391309155920119,4.841918727040984,80.80882344622579,0.3767073933874769,2025-11-10 09:08:00,3.3915175197685166,5.555425819703252,58.90688253544396,0.3767073933874769,True,0.0,0.00020836384839739708
52,2025-11-10 09:22:00,-0.7370346393986704,-1.9651843035806138,48.816326474822304,0.3767073933874769,2025-09-18 09:44:00,-0.7422813053703514,0.6324006340507893,51.98711055555059,0.3753376276049925,True,0.0013697657824843779,0.005246665971680997
53,2025-11-12 08:19:00,4.749639210097634,-0.4698472485209493,47.2618219174486,0.33464968872322187,2026-08-12 08:42:00,-4.736730039408554,-7.945135312028562,37.689287687737284,0.3345367523786918,True,0.00011293634453007906,9.486369249506188
54,2025-11-14 09:12:00,0.6445090810136556,-7.370137110787045,49.04826864895349,0.46458599880669826,2026-03-05 09:38:00,0.6406342667508724,14.210275136976591,66.60611458279128,0.4625540484387793,True,0.0020319503679189777,0.003874814262783133
55,2025-11-17 07:17:00,-1.371369910381226,-3.182960486238784,48.633057379744585,0.6439419586379097,2025-12-30 07:59:00,1.3753029964402863,1.0933350569986011,30.57668977526653,0.6461709894017541,True,0.0022290307638443974,2.7466729068215123
56,2025-11-18 06:48:00,-4.726950209043013,-9.300370895806154,53.04630378786958,0.5501993087973394,2026-08-20 06:34:00,4.715779733046599,10.238000117961388,70.31963462827301,0.5515259055180134,True,0.0013265967206740337,9.442729942089612
57,2025-11-19 10:12:00,-2.960661132759279,-3.4009402743506723,32.85486439713338,0.3653847933505054,2026-04-10 10:42:00,-2.9651094935023714,-3.784935745457796,48.86164617477832,0.36434528870000327,True,0.001039504650502121,0.0044483607430922945
58,2025-11-20 06:09:00,2.1804079322751413,19.756322329920195,76.00798398945824,0.5691800033055802,2025-11-20 06:01:00,2.209800958317132,13.101182670551825,78.38447648477634,0.5691800033055802,True,0.0,0.029393026041990566
59,2025-11-21 11:14:00,3.5190281534647205,5.502670158299416,64.38797419823047,0.43794534055180384,2026-09-11 11:47:00,-3.5374202788363007,-8.311263713871586,43.2879114539916,0.4366391386112921,True,0.0013062019405117309,7.056448432301021
60,2025-11-24 11:01:00,4.628404369904082,13.256537407213553,48.557089041417875,0.41479813329931886,2026-07-06 11:18:00,4.622234633777644,-5.242987203984972,30.620155005527977,0.4131551679215824,True,0.0016429653777364495,0.006169736126437897
61,2025-11-26 07:36:00,0.14423440976241153,3.919847534765708,58.43971619600754,0.3797347460276101,2025-12-02 07:53:00,0.14225577350757135,2.3951783399978055,61.49789020453735,0.37623995848975506,True,0.0034947875378550375,0.0019786362548401826
62,2025-11-27 06:09:00,0.988815531639542,1.4229914415508915,57.36906202154057,0.29974819807315733,2025-11-11 06:58:00,0.9888799246549063,2.653534085248488,61.4401857305289,0.3052772166117104,True,0.005529018538553088,6.439301536431685e-05
63,2025-11-27 09:02:00,1.1572413776472779,3.762014027970384,51.30759646834966,0.24772986634162522,2026-01-20 09:35:00,1.168066753953756,-5.815033134015657,37.078651636790774,0.24751783658164903,True,0.00021202975997619555,0.010825376306478063
64,2025-12-01 10:14:00,2.5261318900526852,-2.6970663563274933,48.21118813150919,0.43748582758077115,2026-02-25 10:28:00,2.5256201023937663,4.222936329110194,49.359365424586166,0.43489895416721164,True,0.0025868734135595095,0.0005117876589189052
65,2025-12-02 09:32:00,3.756721380856476,-0.09507025097388322,17.344906078408926,0.3227081590119092,2025-09-04 09:05:00,3.742499053742687,7.118820488023481,54.80059078528811,0.32484581165196924,True,0.0021376526400600504,0.01422232711378868
66,2025-12-03 07:33:00,1.3026399775473152,-0.023681222330873553,61.02484458783388,0.37928461686467807,2025-12-03 07:10:00,1.3038165079759523,1.1852736856199364,35.53240734983382,0.37928461686467807,True,0.0,0.0011765304286370792
67,2025-12-04 11:18:00,-0.04052622106009984,7.593731771644574,54.7135534441057,0.2817289563863796,2026-03-18 11:57:00,-0.04010387706143703,-0.12031066620177278,56.10071008486851,0.281679097874015,True,4.985851236460892e-05,0.0004223439986628108
68,2025-12-05 13:06:00,-1.6806225404619735,-2.816498051526617,44.51939281226952,0.19576165190543218,2025-12-05 13:41:00,-1.673798658831105,-2.715200982869037,32.53611746320985,0.19576165190543218,True,0.0,0.006823881630868556
69,2025-12-08 14:57:00,-0.854933261771329,-2.0183575556032007,29.317269021362122,0.24400854207474315,2025-12-08 14:45:00,-0.854444237428087,1.6855819827910068,65.82195366051167,0.24400854207474315,True,0.0,0.0004890243432420505
70,2025-12-09 08:35:00,2.0566265823784846,-0.4542569253251916,40.23605144170675,0.25821823328138116,2025-12-09 08:32:00,2.0083225844236274,-3.1781951913667505,41.043890797793395,0.25821823328138116,True,0.0,0.04830399795485718
71,2025-12-09 18:33:00,0.4044715519690989,-11.786666096343934,62.942080938945615,0.27143803411289336,2025-12-10 07:57:00,0.40409658859319464,2.5677572898752388,37.172011585945825,0.2723717435225342,False,0.000933709409640826,0.0003749633759042581
72,2025-12-10 10:33:00,-1.354580442471942,1.8304547253666925,44.73684198753148,0.21446474900588494,2025-09-11 10:29:00,-1.3595431934865232,-4.060985918055149,40.954274296882666,0.2128790644480917,True,0.0015856845577932321,0.004962751014581102
73,2025-12-10 12:17:00,-3.0492126242187556,-5.192077080909963,57.14285707230926,0.19711574375242488,2025-12-05 12:19:00,3.12996095847895,0.474110598149835,43.85650218708479,0.1976173805402669,True,0.0005016367878420136,6.179173582697706
74,2025-12-10 14:17:00,-0.14303474432986185,2.6707331758735187,59.96978839281797,0.1986323107264115,2025-08-13 14:41:00,-0.14881625597373827,1.7950729266980048,49.99999986481267,0.1943554043199743,True,0.0042769064064371864,0.005781511643876414
75,2025-12-10 14:31:00,-0.9299098345127987,-1.7166215457464773,38.18255897828244,0.1986323107264115,2025-12-10 14:10:00,-0.9300584148208557,-1.7645789392728428,48.953301016859065,0.1986323107264115,True,0.0,0.00014858030805697808
76,2025-12-11 07:32:00,0.37966108129783294,7.3135432336068895,44.03578522698405,0.372745122984357,2025-12-02 07:31:00,0.37951879388931076,-1.3518016314129078,50.077041494435555,0.37623995848975506,True,0.0034948355053980307,0.00014228740852217925
77,2025-12-11 11:09:00,0.40312970935652004,7.8787713388339675,60.645812225125056,0.3511480413264055,2026-04-14 11:33:00,-0.4030516649589089,9.113874305877179,73.19178221832755,0.3573413518724648,True,0.006193310546059316,0.8061813743154289
78,2025-12-12 09:25:00,0.4673841792790512,1.542533611456065,58.87850457660365,0.331336066042302,2025-12-12 09:54:00,0.4670676442386501,0.16346871267058916,58.680721798186056,0.331336066042302,True,0.0,0.00031653504040107805
79,2025-12-15 10:29:00,-0.7826608396799273,1.8420383074868596,62.79620842663972,0.3398704182667607,2026-09-16 10:16:00,0.7843870073220849,6.948412080081123,55.96405222357034,0.34292335025941734,True,0.00305293199265666,1.5670478470020122
80,2025-12-15 13:00:00,-3.2701526032830053,-4.236971026256864,33.97009962827286,0.25647997681284157,2025-12-15 13:33:00,-3.249203541861867,-22.218261064567145,25.98425194246107,0.25647997681284157,True,0.0,0.020949061421138282
81,2025-12-16 06:41:00,1.3301456509484666,-2.0295403091219466,45.981873072882934,0.3515631699849996,2025-10-14 06:57:00,-1.328241979267064,-7.225407509381387,53.69491520327311,0.34771256514797294,True,0.00385060483702665,2.6583876302155307
82,2025-12-17 06:21:00,0.39370033151797657,2.802895089490942,52.3809523137997,0.3716777639668635,2025-12-17 06:50:00,0.39327044861758864,2.03608733426508,60.21314379724975,0.3716777639668635,True,0.0,0.00042988290038792343
83,2025-12-17 07:38:00,7.6569944099302845,12.7063773747782,61.53091257492871,0.3618012979037975,2025-10-14 07:47:00,7.924758024717704,15.019651712300242,65.61527927593804,0.36065132714451925,True,0.0011499707592782515,0.2677636147874196
84,2025-12-18 06:05:00,0.0692374533084461,4.964446481534601,51.78399221552736,0.3338459593241243,2026-06-03 06:48:00,-0.06692208596059679,-2.3640371956712425,43.95061720798955,0.34403266522874265,True,0.010186705904618343,0.1361595392690429
85,2025-12-18 08:02:00,4.731739237313626,6.094386815811426,77.08609257228774,0.29034174643355354,2026-07-10 08:40:00,4.696829396799718,-6.07742395015487,40.87976536232853,0.29537436044316545,True,0.005032614009611913,0.03490984051390811
86,2025-12-19 08:43:00,0.09248266239048064,4.788225129856993,71.95512812440717,0.3975052106975933,2025-12-01 08:07:00,0.09428236389386058,2.7113273361911716,32.60995926598095,0.4025256511444357,True,0.005020440446842411,0.0017997015033799357
87,2025-12-19 12:42:00,0.6536830884340539,6.293225480282771,68.05537056398637,0.24784436317834263,2026-06-17 12:18:00,-0.6471601802360283,2.8901299749262144,65.00488749657123,0.2466965926083023,True,0.0011477705700403407,1.3008432686700822
88,2025-12-22 06:17:00,5.518061618963177,2.035501609825019,51.43552797807844,0.2785140898783413,2025-11-06 06:10:00,5.400917653590742,3.164481458273194,46.716981082714774,0.2906461387385373,True,0.012132048860195976,0.11714396537243488
89,2025-12-22 10:07:00,2.62620096577848,-8.646058868345685,50.205412409333526,0.27875088800292813,2026-05-01 10:18:00,-2.631885180203186,3.1992791828128198,61.78059808589211,0.27990741214328635,True,0.0011565241403582172,5.258086145981666
90,2025-12-23 09:53:00,-0.17859793920327327,4.802210356917858,71.40522859482414,0.29606725423191826,2025-12-23 09:43:00,0.17868609877957908,3.8431588978626863,57.65661243535647,0.29606725423191826,True,0.0,0.35728403798285235
91,2025-12-23 15:38:00,1.0922225949649977,3.6342353892027113,65.9242759637145,0.28251271131543254,2025-12-11 15:08:00,1.092165729026373,5.605813894105083,48.432760295442044,0.2827071918699929,True,0.00019448055456033897,5.686593862463951e-05
92,2025-12-29 04:11:00,-2.571635569089681,10.077584079015711,67.66199534111391,0.4630120550897044,2026-03-05 14:16:00,2.569540240122681,4.938869386272859,54.82328139044284,0.46250270571939167,False,0.0005093493703127172,5.141175809212362
93,2025-12-30 05:20:00,3.42820010309719,8.382919061524774,55.83512576751066,0.6856591738695137,2026-09-17 05:43:00,3.4284075047152918,9.264434256939236,42.55319145510315,0.6899037762725652,True,0.004244602403051467,0.00020740161810195445
94,2025-12-30 10:12:00,4.707155541339159,6.4508213732450415,50.152360104516866,0.42808779399622343,2025-12-30 10:43:00,4.739071046060417,6.203078217545954,82.60601853640428,0.42808779399622343,True,0.0,0.03191550472125826
95,2026-01-02 07:31:00,-3.475242895473185,-7.496191911655625,37.35581184356752,0.4358716368185274,2026-05-15 07:09:00,3.463387127671247,15.49562709068919,82.02917764268201,0.4283350999939201,True,0.0075365368246073094,6.938630023144432
96,2026-01-05 09:12:00,1.7970773727804534,12.93796190619867,74.76624304442753,0.4311776850439687,2026-02-27 09:32:00,1.8101133342751652,2.63258340975403,43.7192544438384,0.4288450509733367,True,0.0023326340706320003,0.013035961494711756
97,2026-01-06 06:52:00,1.0815858332402506,-0.22390158361029755,59.6649483459673,0.37020331518607635,2025-09-08 06:09:00,1.086397880689649,-2.06072167029836,44.56034089010359,0.37063421883190667,True,0.00043090364583031615,0.004812047449398449
98,2026-01-07 14:04:00,-0.8735844851381902,-0.268811483625786,34.2431761191816,0.3537415118373852,2026-01-06 14:01:00,-0.8760826078513251,-2.6053335219955454,58.41166927954891,0.35305470747365236,True,0.0006868043637328625,0.002498122713134876
99,2026-01-08 07:05:00,1.3294681113551476,0.8111588418002746,38.8007465535216,0.3648291999784429,2025-10-16 07:03:00,1.3227372630431056,-1.8724920295110081,57.75247410785547,0.3684180245430902,True,0.0035888245646473194,0.00673084831204207
100,2026-01-09 07:03:00,0.08962189642192087,-3.516390973403727,38.078703642000235,0.345751085652586,2026-06-05 07:38:00,0.09009161190842718,2.0499858641076507,51.900826386230676,0.3436162930758483,True,0.0021347925767377096,0.0004697154865063169
101,2026-01-12 05:30:00,-3.745068172286148,-8.34918781491445,43.6702292927597,0.5083345355963912,2026-08-13 05:08:00,3.742604103935676,6.897639260272648,39.380911412238206,0.5122660114725928,True,0.003931475876201573,7.487672276221824
102,2026-01-12 09:25:00,2.8637604234882374,6.707273334838337,68.70056486307212,0.48043874716290236,2025-10-31 09:42:00,-2.867769635805928,3.2687689092658623,49.51923070257071,0.4805531254208163,True,0.00011437825791393852,5.731530059294165
103,2026-01-12 12:11:00,-2.1970348730326883,5.9150368203986226,49.84392065726446,0.4380258922054691,2026-09-11 12:36:00,2.180566569678355,5.551147141100721,43.35506514485402,0.4339131341580769,True,0.004112758047392195,4.377601442711043
104,2026-01-13 10:44:00,-0.80776943203964,-9.92432430074297,24.446680046047945,0.34710610574045775,2025-12-19 10:47:00,0.8094010778902927,-3.398054324948996,24.108108071617806,0.34743818207425087,True,0.00033207633379311874,1.6171705099299327
105,2026-01-14 04:29:00,0.21671876947237934,4.878445402065612,45.73089940819811,0.42656152759913213,2026-06-19 15:35:00,-0.21675648011587612,4.867452286316798,36.229635336910825,0.42591185547582855,False,0.0006496721233035796,0.43347524958825545
106,2026-01-15 07:19:00,-2.7427825093195857,-2.2639923982104015,68.35793349105145,0.4511869283652497,2026-09-11 07:49:00,2.755623331005541,0.570402572586115,65.81930371443829,0.4511914982673928,True,4.569902143092275e-06,5.498405840325127
107,2026-01-16 07:03:00,-1.0005513908206698,0.8049366547480119,69.9468082501969,0.34258592000293325,2025-08-08 07:35:00,1.0007314169335757,-0.39435089401407275,68.16059734961524,0.339606969095886,True,0.002978950907047251,2.0012828077542455
108,2026-01-16 12:48:00,-1.0582665940872538,-3.860395750305834,61.61388619814158,0.27267864533247765,2025-12-23 12:44:00,-1.0709564421940154,-0.452953322602756,38.57294704490483,0.27016874807589514,True,0.002509897256582516,0.012689848106761659
109,2026-01-20 07:00:00,1.944450676660825,3.825517914217702,74.63987856394112,0.2218673167297978,2025-09-11 07:27:00,1.9546547625437505,-1.1559150512530092,46.825218609928534,0.22124046098416852,True,0.0006268557456292623,0.01020408588292554
110,2026-01-22 07:25:00,-1.5844507011719688,-7.271825634541651,33.201580990922665,0.8180599862008577,2026-08-31 07:20:00,-1.5843609989185659,-5.904850461360134,47.54420425681551,0.8271672115271673,True,0.009107225326309587,8.97022534029901e-05
111,2026-01-23 07:00:00,1.8578896191434602,-1.0498062400898789,60.1518025766466,0.5060253754833877,2026-01-23 07:31:00,-1.8574695006534636,1.959166526126488,49.20382154636522,0.5060253754833877,True,0.0,3.715359119796924
112,2026-01-26 09:00:00,3.9612272709788066,6.445985304335267,81.48742637020679,0.5328089986020261,2025-10-10 09:22:00,-4.00251226870707,7.812864259044705,52.831445653588,0.5362006903585239,True,0.0033916917564977833,7.963739539685877
113,2026-01-28 07:01:00,3.2274728601033864,9.554776098155138,55.541125507463065,0.6069691276603668,2026-02-23 07:55:00,3.198266345805223,0.7170091031083459,52.7607361207928,0.6012458763544407,True,0.0057232513059261025,0.029206514298163455
114,2026-01-30 04:37:00,3.659259466699538,-1.5860916555721083,57.33009051746174,1.71271415268112,2026-03-24 06:18:00,-3.7130287198183787,6.401130636983776,62.024072688079514,1.7162441518877198,False,0.0035299992065997987,7.372288186517917
115,2026-02-02 20:25:00,-14.212334851169128,-7.5178822789601085,23.078030516934035,2.5215428074654302,2026-02-02 15:53:00,-14.064409989655857,-4.156668382251372,53.79786652937808,2.6623754767218557,False,0.14083266925642546,0.1479248615132711
116,2026-02-03 12:00:00,14.57617629844421,-27.54985682791533,36.451069956472466,1.3275662627826927,2026-02-03 12:27:00,-14.742886868182037,-21.582403827631325,31.05126008282643,1.3275662627826927,True,0.0,29.319063166626247
117,2026-02-04 17:42:00,17.99789052657319,-31.77502958899625,25.141794510906195,0.7210833337691217,2026-03-26 08:51:00,-17.585039979712835,-13.188999480264751,26.653581935757558,0.7146847146515298,False,0.006398619117591875,35.582930506286026
118,2026-02-05 15:27:00,28.221360650562133,36.88733096328889,53.390121435572325,1.2385357380935487,2026-03-24 15:52:00,26.520927204507494,8.596481827105595,59.83665522918023,1.1791468884004201,True,0.05938884969312852,1.7004334460546389
119,2026-02-06 05:30:00,9.336186748631903,65.9734791621247,83.4043341143225,1.333430093151275,2026-02-06 05:56:00,9.508456401754461,10.630732575824808,35.4764434910266,1.333430093151275,True,0.0,0.1722696531225587
120,2026-02-06 07:16:00,2.6960019328270413,-3.1711257600075538,56.18163908593354,1.3594497032912718,2026-02-06 07:37:00,2.7993634040268667,-2.8806708025364003,74.11182291678594,1.3594497032912718,True,0.0,0.10336147119982542
121,2026-02-06 13:34:00,3.9045842902152295,27.47063169887598,55.17261605689091,1.2909706923727164,2026-02-06 13:42:00,3.9064463545823713,16.072061338414656,91.8654615022186,1.2909706923727164,True,0.0,0.001862064367141869
122,2026-02-09 10:04:00,3.2821353373591045,-4.023145809817219,51.06557375095813,0.6746847894505894,2026-02-09 10:24:00,3.23881783149238,-19.50840028125733,17.60204080734316,0.6746847894505894,True,0.0,0.04331750586672456
123,2026-02-11 15:40:00,-5.291361233166203,0.7538353588154578,22.013339312707075,0.4368815563291464,2026-01-23 15:17:00,-5.2882233696915915,-1.2364459678171347,64.87430161255412,0.4368023738786312,True,7.918245051519168e-05,0.0031378634746115353
124,2026-02-12 05:06:00,2.9600248642092097,-3.904551464651851,70.57079314351267,0.6975448247140761,2026-04-01 05:08:00,-2.9824641758113835,12.823535561841126,47.44175421050315,0.6987861393538531,True,0.001241314639777058,5.942489040020593
125,2026-02-12 09:04:00,4.223743954272496,-12.964712535084022,50.38693032220779,0.48270895501067534,2025-10-31 09:05:00,4.2155834404900006,20.888172072563993,55.243243201437565,0.4805531254208163,True,0.0021558295898590485,0.008160513782495826
126,2026-02-12 11:12:00,-4.437034049799005,-3.4513667905544665,71.69089510300672,0.4358264565813492,2026-01-19 11:01:00,4.435972522685017,12.825778527973952,64.98966223915642,0.43854044220606736,True,0.0027139856247181404,8.873006572484021
127,2026-02-13 07:18:00,-2.202398411871309,17.533600215859924,70.74438968280216,0.9196836451276443,2026-03-25 07:18:00,2.2304564454156406,2.0117402537200846,54.71959375597539,0.9194431465686427,True,0.00024049855900165618,4.43285485728695
128,2026-02-13 11:12:00,-1.223934950868033,-0.14046677108137118,70.42413886583343,0.6684156563097492,2026-02-13 11:40:00,1.2045374927360797,-2.436293630777575,52.62477173095176,0.6684156563097492,True,0.0,2.4284724436041127
129,2026-02-17 10:21:00,12.424169286435749,19.40336685102073,59.408229272691386,0.5377787236729162,2026-06-08 10:08:00,12.572510206432241,-2.3480208625148435,55.05577543106147,0.5392162318536299,True,0.0014375081807136425,0.14834091999649246
130,2026-02-18 03:30:00,-2.6284743862348137,-5.9326409181825746,52.38154403854753,0.6190559985158053,2025-10-21 14:25:00,2.6278649887423455,13.670588152392416,46.49288458046485,0.6223819100061185,False,0.003325911490313249,5.256339374977159
131,2026-02-19 20:18:00,4.8841173108948865,1.8810213946185428,58.24866952997333,0.41366047144120005,2026-05-04 16:42:00,-4.882828537176032,-0.6352565176770408,51.345059474422364,0.413042162792336,False,0.0006183086488640299,9.766945848070918
132,2026-02-20 03:54:00,1.3999874001124901,9.728006149058999,68.00563770598393,0.4184235185980556,2025-08-11 06:07:00,1.4036064394140624,0.8586997686532705,43.74999992187464,0.41847731939988325,False,5.380080182765257e-05,0.0036190393015722577
133,2026-02-23 07:30:00,4.748131029035374,6.784424898840236,53.41118618636893,0.6012458763544407,2025-10-10 07:27:00,4.726668393879585,3.5635441847881033,66.25399984642755,0.5995349595840231,True,0.0017109167704175698,0.021462635155788945
134,2026-02-23 09:21:00,2.170843440514325,1.9188221920507509,51.615969513059774,0.559093695728011,2026-02-23 09:04:00,2.1384775707056214,1.9639528379888915,63.515754426472164,0.559093695728011,True,0.0,0.03236586980870371
135,2026-02-23 13:02:00,-0.6793300253205015,8.820252387442551,67.84282269849132,0.4605330050456923,2025-11-03 13:15:00,0.6754719860491143,0.20013033487975562,34.418964513092675,0.46078277842467563,True,0.0002497733789833534,1.3548020113696158
136,2026-02-24 08:04:00,1.257281351518813,5.031023029506976,56.80751164374377,0.549773334444581,2026-04-22 08:28:00,-1.2587601841573814,-7.778258823134543,71.3125845287142,0.5523927911507298,True,0.002619456706148826,2.5160415356761945
137,2026-02-24 13:11:00,0.8699476581486287,-0.9664310185697467,54.062450154782525,0.46182079055362735,2025-10-31 13:30:00,0.8721817626788919,6.824520799952882,52.36337731590998,0.46568540618705306,True,0.0038646156334257165,0.0022341045302631812
138,2026-02-24 13:21:00,0.40583435194641027,4.67875603090695,58.373205643869866,0.46182079055362735,2026-06-23 13:21:00,0.4114892643669599,-1.9359655204542747,57.68772343220365,0.46396240987288306,True,0.0021416193192557165,0.005654912420549607
139,2026-02-25 05:59:00,0.5984538654790761,9.409800684190284,40.51164564462784,0.5336764035635229,2025-10-29 05:34:00,0.6068045545748468,-19.731505183304687,14.68282250851081,0.5441896945572045,True,0.01051329099368159,0.008350689095770747
140,2026-02-25 09:35:00,-2.8752245005325694,1.978760405831892,39.63585430288022,0.4592472862079881,2026-02-25 09:19:00,2.8891519087181905,3.390108011538384,52.24670480856625,0.4592472862079881,True,0.0,5.76437640925076
141,2026-02-25 10:03:00,-1.406967185864083,-12.052379719272865,35.853131713323194,0.43489895416721164,2026-02-25 10:48:00,-1.406956339061738,2.1208192146215943,48.107610405733745,0.43489895416721164,True,0.0,1.084680234519908e-05
142,2026-02-25 14:23:00,2.5373459555000366,8.003790657269416,40.410101584239136,0.4322332784288213,2026-08-11 14:21:00,-2.529571488312232,-8.472443491421844,32.887700493721354,0.4325885598555834,True,0.0003552814267621107,5.066917443812269
143,2026-02-26 06:05:00,-4.877366992950272,2.9132666497511117,55.06172833161371,0.4645665526687204,2026-05-12 06:17:00,-4.8416372345161385,-3.8905939604860773,43.387096725211244,0.46064354450711653,True,0.003923008161603847,0.035729758434133174
144,2026-02-26 09:31:00,-0.7889827222407053,-0.5195879859720698,50.272331116348575,0.43616169463954485,2025-12-24 09:55:00,0.7943663626575059,-0.9788773833707687,62.86084365654524,0.44051519456662014,True,0.004353499927075288,1.5833490848982112
145,2026-02-26 11:27:00,-8.31804659071178,-17.738718319759705,20.069547924442148,0.3955348473831377,2026-02-26 11:26:00,-8.06065158219238,-10.121935584002095,26.144200604012113,0.3955348473831377,True,0.0,0.257395008519401
146,2026-02-26 13:59:00,4.314168173238375,-3.8467226020078016,45.239428701887974,0.42048281563997775,2026-04-30 13:38:00,4.335984899555001,-2.3282309863825734,57.82135072725564,0.42043906456733043,True,4.375107264731337e-05,0.02181672631662579
147,2026-02-27 04:54:00,-1.5215613916319537,6.071592752252553,59.1516103041551,0.48473822211762135,2026-06-22 15:15:00,-1.521221636050507,2.4491882605404136,49.081515459981254,0.4848903629216079,False,0.00015214080398656682,0.0003397555814466102
148,2026-02-27 07:56:00,0.7524447218409946,-3.934020308415942,21.577380907427468,0.4723717109138646,2026-02-27 07:12:00,0.7522139682292206,-3.277560184198336,46.86212058298286,0.4723717109138646,True,0.0,0.0002307536117740483
149,2026-02-27 10:46:00,2.1814187522872786,1.6408015218916105,60.30927826518031,0.3630251063667393,2026-08-14 10:51:00,-2.187616936760728,4.977514768356173,74.21335371918951,0.36221360041636613,True,0.0008115059503731592,4.369035689048006
150,2026-02-27 15:00:00,2.641984998539293,6.7523703231398,91.43546426054277,0.3096825168777782,2026-02-27 15:38:00,2.6426322160011395,-0.5592102408746857,45.39823003225096,0.3096825168777782,True,0.0,0.0006472174618465942
151,2026-02-27 15:18:00,1.060358497568803,1.0217960668579273,54.11449009323789,0.3096825168777782,2026-04-27 15:35:00,1.0628743310525657,-1.487644580456804,34.606741545815524,0.30891042690731907,True,0.0007720899704591333,0.0025158334837627194
152,2026-02-27 15:27:00,-1.4655051895273719,-3.643686060780249,41.697761139575206,0.3096825168777782,2026-01-13 15:36:00,1.462079229419544,6.659192360050081,66.19718297993347,0.3066405073329092,True,0.0030420095448689954,2.927584418946916
153,2026-03-02 07:32:00,-0.16790245986442187,-5.630982336056745,50.56548700547666,0.668859624310468,2026-04-01 07:00:00,0.17088328287284682,-7.001189775359684,39.692442370945535,0.6346483066412643,True,0.03421131766920371,0.3387857427372687
154,2026-03-02 08:37:00,0.31742030649706265,8.988915228549388,64.96598634299986,0.6282902874960904,2026-03-03 08:26:00,-0.31714909085489573,3.3219460258426814,40.29781682731745,0.6171043877995479,True,0.01118589969654249,0.6345693973519584
155,2026-03-02 12:46:00,-1.4836965855324902,-6.117412045518744,30.603513342303202,0.629895525485237,2026-02-13 12:37:00,1.490046489451835,-0.9058922857829721,30.039233950177533,0.6311573481258518,True,0.001261822640614807,2.973743074984325
156,2026-03-03 05:57:00,0.8758843869882682,3.523105701559448,61.15400240324675,0.6385410616734208,2026-03-03 05:13:00,0.879338812052044,-20.144935247755626,56.14814813359142,0.6385410616734208,True,0.0,0.003454425063775801
157,2026-03-03 10:45:00,-1.05140921691671,1.1830997024420142,72.897553477808,0.590490932674024,2026-08-31 10:28:00,1.0571739939702063,6.053657005193891,82.1033209625188,0.5935022732630275,True,0.0030113405890035416,2.1085832108869162
158,2026-03-03 14:46:00,-3.6199341600162693,53.9009218962172,73.67821700804018,0.6826536999840348,2026-03-27 14:00:00,-3.579115904005503,-1.8510399922067045,45.668233680870145,0.6816177060222962,True,0.0010359939617385905,0.04081825601076616
159,2026-03-04 07:45:00,4.514300937250582,6.162163733340886,47.616777867811315,1.1306566933881168,2026-01-29 07:27:00,4.524931742937444,16.750071070481543,71.93535668084009,1.1180271504705657,True,0.01262954291755114,0.010630805686862033
160,2026-03-04 11:12:00,5.61125279470609,-12.061297673912064,28.91023329029423,0.7197872633024365,2026-03-27 11:55:00,-5.641131520724985,-18.411661770787457,31.23707073076683,0.7230283137519582,True,0.0032410504495217207,11.252384315431074
161,2026-03-05 07:02:00,3.0512268152627087,1.7571248031678088,31.047116550544544,0.4960547477268301,2026-03-05 07:36:00,3.0518986962801975,-2.0850366763747186,34.00774569470599,0.4960547477268301,True,0.0,0.000671881017488829
162,2026-03-05 19:20:00,-1.9890405833211666,-5.43352544258191,37.07381659983273,0.6096695909277707,2026-05-18 06:10:00,1.9854641960148633,12.13908471698888,54.249748730127095,0.6062299120166238,False,0.0034396789111469372,3.97450477933603
163,2026-03-06 05:23:00,2.846356225381097,1.4619669303073124,52.5847505073315,0.7144505679103064,2025-11-17 05:15:00,-2.812323847650733,3.058668940685294,48.39087181524394,0.7176686459071925,True,0.003218077996886115,5.65868007303183
164,2026-03-06 08:19:00,0.42900753980834594,3.6282240720963976,45.57453411195254,0.6294756090408595,2026-02-10 08:46:00,0.43706858102732227,12.272293755350994,72.16587596064535,0.6214829950766728,True,0.007992613964186712,0.008061041218976328
165,2026-03-09 07:09:00,-4.337198542623266,7.663068626708736,56.78851171474933,0.8471705819143501,2026-06-12 07:11:00,-4.457438021946425,-1.5498275518821547,38.7180597426582,0.8439184231706554,True,0.0032521587436947774,0.1202394793231587
166,2026-03-09 08:55:00,-3.9017652561457172,-30.101053536872868,65.87393656376273,0.7923174928118966,2026-08-31 08:41:00,3.901594128212782,7.580449209296791,42.45754242785025,0.7921484230894317,True,0.00016906972246488738,7.803359384358499
167,2026-03-09 12:32:00,4.114371734462718,19.28876275778757,81.23835253739632,0.8143449300448167,2025-10-17 12:20:00,-4.093908784394973,-5.291267335695293,41.7234663785741,0.8079738364242885,True,0.006371093620528123,8.208280518857691
168,2026-03-10 07:45:00,0.17435828884693194,-2.730819623553149,46.024635986075936,0.5626450332914371,2026-03-10 07:57:00,-0.1742975084173537,-0.5035095584515759,69.38405779504505,0.5626450332914371,True,0.0,0.34865579726428564
169,2026-03-10 08:43:00,0.46425569656394217,1.3155031073930346,45.77187804125993,0.5182502864413339,2026-03-10 08:23:00,0.46424581816140176,-0.23210674589213554,61.341570974510525,0.5182502864413339,True,0.0,9.878402540408615e-06
170,2026-03-10 09:14:00,0.0965404721808838,7.245711746264316,58.845437565250954,0.46159041687974733,2026-03-05 09:17:00,-0.09749410891934929,-7.676712963999854,19.148936163805743,0.4625540484387793,True,0.0009636315590319522,0.19403458110023308
171,2026-03-11 08:08:00,2.074280363959513,6.879158359953674,73.0941702888672,0.4421004347986619,2025-10-24 08:41:00,-2.069599410771117,-5.452157922727352,32.35087716119891,0.4414958648093341,True,0.0006045699893277856,4.14387977473063
172,2026-03-11 10:39:00,-1.8505756543274465,-9.861828463895161,19.840818631165646,0.4048283087354617,2026-02-26 10:30:00,1.8516036140980852,-2.525561672385157,44.672402341135054,0.40727449891054135,True,0.002446190175079632,3.7021792684255317
173,2026-03-12 07:41:00,1.6713909373677893,0.194319081647798,29.25925922891497,0.4505311776446916,2026-01-15 07:36:00,1.6763747633752324,-0.47886100732585923,51.136907525623386,0.4511869283652497,True,0.0006557507205581237,0.004983826007443071
174,2026-03-12 09:02:00,-0.36846805527290805,0.21333602265860563,52.01365182742778,0.42105366727313176,2026-08-13 09:54:00,0.3653180721707727,3.1289004198886694,80.49615045962973,0.42158926882643316,True,0.0005356015533014014,0.7337861274436808
175,2026-03-12 11:51:00,-6.255725968309367,-7.85701392930771,31.574780448969307,0.4296955703092265,2026-02-12 11:33:00,6.235445350506463,-14.151749170812078,29.807235760267943,0.4358264565813492,True,0.006130886272122715,12.49117131881583
176,2026-03-12 11:54:00,1.139408569703626,-1.6217609427837676,45.593154874016,0.4296955703092265,2026-02-25 11:34:00,1.1358134493777428,3.600838398416517,65.23101010859064,0.42642586622619516,True,0.003269704083031344,0.003595120325883272
177,2026-03-12 16:26:00,6.075245984580313,1.9920222410241273,34.80001184548658,0.3822503850103531,2026-02-26 16:31:00,6.0356743173350935,-7.959037999576424,43.90902079357302,0.38045905497759835,True,0.0017913300327547232,0.039571667245219544
178,2026-03-13 06:37:00,1.2530506398888974,-6.338753554543386,39.092728449148304,0.46302223217106686,2026-02-26 06:21:00,1.2529045701148434,-3.699054910736299,62.77665990081402,0.4645665526687204,True,0.0015443204976535174,0.0001460697740540695
179,2026-03-13 11:14:00,2.04852038721004,10.783839224195457,45.558958627955,0.3869527260366047,2026-03-13 11:35:00,2.067952933391126,8.257223346066489,82.96025577152079,0.3869527260366047,True,0.0,0.019432546181086252
180,2026-03-13 11:36:00,3.5640199388220495,14.370039354985042,82.43052279067398,0.3869527260366047,2026-01-05 11:52:00,-3.5419512541767784,0.45138422615442764,77.67175562143048,0.3885929211245612,True,0.0016401950879564864,7.105971192998828
181,2026-03-16 05:46:00,-3.2955608794948965,3.477673436471651,45.702811219283,0.6676927769874863,2026-03-16 05:42:00,3.3377670338552434,-5.8307466051377155,36.5418894648294,0.6676927769874863,True,0.0,6.63332791335014
182,2026-03-16 09:07:00,-0.35871544000753985,3.8279000080754244,47.246770859182405,0.5794117190659819,2026-04-13 09:10:00,-0.359574137310803,5.502593096997632,51.61647092712055,0.578093019834604,True,0.00131869923137784,0.0008586973032631562
183,2026-03-16 12:10:00,-0.9830681557154719,5.92255902733374,31.018276739724044,0.5539581164196088,2026-03-16 12:04:00,-0.9827211548774084,-10.439051268564814,31.29556924070988,0.5539581164196088,True,0.0,0.0003470008380634937
184,2026-03-16 12:42:00,-3.068804399822822,-3.068804399822822,38.64583330515483,0.5539581164196088,2025-11-18 12:08:00,-3.04889006768283,-6.219745337359139,20.697012781665094,0.5476214955230799,True,0.006336620896528866,0.01991433213999194
185,2026-03-17 09:20:00,2.234634642224176,0.638365146858888,57.37439217702513,0.3809647112887318,2025-10-16 09:59:00,2.226625466199561,5.070567370424328,62.995855483601915,0.38126564292517956,True,0.00030093163644773213,0.008009176024614817
186,2026-03-17 14:10:00,1.9387223819511412,8.900329312186983,55.41619151791339,0.3566639386287162,2026-05-19 14:20:00,-1.9380165061744226,6.855150234696961,46.07672185505297,0.3570638780959581,True,0.0003999394672418721,3.8767388881255638
187,2026-03-18 10:31:00,0.3593850921057573,2.196645721981305,55.192352988827686,0.26497605004144587,2025-09-03 10:19:00,0.3682495258772178,-12.250065423271561,35.325229609858056,0.2634269978374253,True,0.0015490522040205734,0.008864433771460511
188,2026-03-18 14:30:00,13.317933840788498,-18.533422105738715,29.928448052825573,0.33362162861672207,2026-03-18 14:03:00,-13.551185930122944,-12.223867958059964,26.69598863196866,0.33362162861672207,True,0.0,26.869119770911443
189,2026-03-23 06:13:00,3.266060912037183,-40.5097032074564,41.073453640685265,1.5951993517968344,2026-03-23 06:06:00,3.0199971859135033,-1.3721232578312037,50.97198835583061,1.5951993517968344,True,0.0,0.24606372612367977
190,2026-03-23 08:06:00,1.6917359840240564,1.348770275846345,80.91500131429402,1.551786427770852,2026-03-23 08:57:00,1.6832841777314478,31.210631121225685,47.30791616783792,1.551786427770852,True,0.0,0.008451806292608666
191,2026-03-23 14:23:00,23.85212781621293,-55.19408490154865,41.14633459893066,1.9203002040928685,2026-01-30 14:56:00,23.803029540339082,73.84403496669911,50.792123532107816,1.9264426366237046,True,0.006142432530836128,0.04909827587384896
192,2026-03-24 09:47:00,0.9363178273780193,-16.853376761990503,45.564216766186235,1.425978474537869,2026-03-24 09:07:00,-1.0025223646215053,5.050078413944004,49.75673958924093,1.425978474537869,True,0.0,1.9388401919995246
193,2026-03-24 10:52:00,12.843022315880415,46.166428272456095,71.77481123016989,1.2883756637015238,2026-02-05 10:38:00,-12.765113571068243,-13.780690559840325,31.28043094276613,1.310981014923535,True,0.02260535122201124,25.60813588694866
194,2026-03-24 13:58:00,-6.389992240564135,11.853332776732284,61.29774503317595,1.1613936200549917,2026-01-29 13:38:00,6.340629902519268,4.323110750650283,40.58693243166544,1.1639676178920562,True,0.002573997837064468,12.730622143083403
195,2026-03-24 14:11:00,-3.2633984033836327,0.0453399795685705,37.48633497000441,1.1090595918165056,2026-03-24 14:40:00,-3.344644106136885,-1.1143766339849481,67.94525533483454,1.1090595918165056,True,0.0,0.08124570275325205
196,2026-03-25 06:35:00,4.264254308754545,0.11585218572696121,46.94804762907412,0.9899846571149633,2026-03-25 06:00:00,4.276371411584545,-0.1744681175874785,19.800747186498853,0.9899846571149633,True,0.0,0.012117102830000448
197,2026-03-25 09:00:00,-0.9000672855175029,-3.5181221699198684,38.45101104518269,0.8309314551720259,2026-03-04 09:44:00,0.8741521937816188,0.3884932193365387,66.84033777135198,0.8411436616601597,True,0.010212206488133813,1.7742194792991217
198,2026-03-25 09:38:00,-5.318511827645533,-15.631706457629457,42.27005867946333,0.8309314551720259,2026-03-25 09:49:00,-5.290371501885938,2.118157093353723,37.12905793070269,0.8309314551720259,True,0.0,0.028140325759595797
199,2026-03-26 08:48:00,8.358765361187181,-24.570544528264016,32.563872692605386,0.7146847146515298,2026-04-06 08:59:00,-8.418922128836659,-31.04305034879795,34.41431634017981,0.7131795092497282,True,0.001505205401801657,16.77768749002384
200,2026-03-26 11:49:00,-4.744577907662695,10.182135782175195,42.04261853352685,0.7931656087157478,2026-03-26 11:22:00,-4.748065613315866,-5.557711887764771,38.296769726444545,0.7931656087157478,True,0.0,0.003487705653171247
201,2026-03-27 08:43:00,-2.30476358831444,-8.609460343370623,84.45366525083452,0.8477245346305426,2026-03-20 08:11:00,2.313088153063081,3.692962042081138,26.70283300941297,0.8451255025069937,True,0.00259903212354895,4.617851741377521
202,2026-03-27 15:23:00,2.3995608350912967,-20.597810805041973,50.62103227411806,0.6043819916566001,2026-03-27 15:34:00,-2.4395009413535895,-7.360054545678674,63.61598801305121,0.6043819916566001,True,0.0,4.839061776444886
203,2026-03-30 07:30:00,0.48993244499806465,-5.074656431292013,53.586206844812516,0.9532150892661533,2026-03-30 07:14:00,0.46799629614291405,-6.23576769538281,15.927683227832247,0.9532150892661533,True,0.0,0.021936148855150606
204,2026-03-30 11:14:00,1.3677702587178153,-2.690326841634505,69.25515963510037,0.7913059380212336,2026-06-12 11:22:00,1.3516926393219997,15.055216311876674,75.96456127283525,0.7734076883004178,True,0.017898249720815773,0.016077619395815645
205,2026-03-30 11:52:00,1.5432864284514736,3.0363180685410995,53.48333444561892,0.7913059380212336,2026-03-30 11:25:00,-1.5894583589515232,-6.420956590140747,33.92984964388059,0.7913059380212336,True,0.0,3.1327447874029968
206,2026-03-31 05:16:00,2.245860693403934,-19.993756030489696,44.107846088533186,0.820877012474698,2026-03-26 05:55:00,-2.2589636007885883,-1.3067798618582316,42.907488960321324,0.8154080497489922,True,0.00546896272570585,4.504824294192522
207,2026-03-31 12:00:00,-2.0861663311588785,0.27807531593149193,38.524388416628724,0.6838910432632934,2026-09-17 12:03:00,2.0861269083716216,8.628297801522855,64.55070066746103,0.6820250845138195,True,0.0018659587494739283,4.1722932395305
208,2026-03-31 17:13:00,5.563472535916603,-0.4707551498328577,52.3609138440369,0.7729990462659493,2026-06-12 11:46:00,5.550093746773399,15.170598004079494,50.451291605779055,0.7734076883004178,False,0.00040864203446855374,0.013378789143203562
209,2026-04-01 04:08:00,6.787847837306238,-10.684407456144074,44.11806241183955,0.6800951981639731,2026-03-31 13:44:00,-6.77816155571942,15.637975356403988,28.4974093174376,0.6818625502459087,False,0.0017673520819355693,13.566009393025658
210,2026-04-01 10:01:00,1.7706236403003395,1.9885573333855433,62.38298810078233,0.6130430836701214,2025-12-31 10:22:00,1.7711997834846116,2.8637909432616127,68.7215431966181,0.6203809573984649,True,0.007337873728343491,0.0005761431842721265
211,2026-04-02 11:51:00,7.265422535134292,-7.06069063054926,31.183341786780048,0.9564828196229263,2026-04-02 11:01:00,-7.230510170596061,2.5633155085968973,57.42971885066273,0.9564828196229263,True,0.0,14.495932705730352
212,2026-04-02 17:40:00,2.3616513895352576,11.295659071812736,68.75331804931872,1.0606530026216863,2026-03-25 05:35:00,2.3764647144020046,8.988538522540779,45.641420668220555,1.059485734744271,False,0.001167267877415279,0.014813324866747024
213,2026-04-02 18:05:00,-16.21574850420915,-5.609893602367411,46.618159447758025,1.120867979508839,2026-01-29 08:25:00,16.21240239726207,-23.79747429232193,28.583931377556695,1.1139793525174195,False,0.006888626991419455,32.42815090147122
214,2026-04-06 06:32:00,-5.831212319838963,-7.881318145060989,36.99273812396807,0.8122584530946971,2026-03-31 06:20:00,5.784900314553809,-4.6843687648923105,38.635492505139524,0.806662439376035,True,0.005596013718662141,11.616112634392772
215,2026-04-06 10:38:00,-0.8375847920383261,8.254487571512925,94.02618647165201,0.6388173061805356,2026-06-25 10:59:00,0.8275996975504185,27.131173819296972,87.72972966334162,0.6557576961420922,True,0.016940389961556668,1.6651844895887447
216,2026-04-06 12:20:00,-0.723403485741736,0.2702393299092165,36.94817653385083,0.6507932958480365,2026-06-12 12:53:00,0.7102953763316044,-3.7155673990907356,53.37954932865878,0.6601758918382519,True,0.009382595990215403,1.4336988620733404
217,2026-04-07 06:04:00,-5.784401383268634,-5.176171546970032,39.11191960360545,0.4834523949048094,2026-07-09 06:10:00,-5.762929341315282,-20.46028258306243,15.29497449278169,0.4884697280388501,True,0.00501733313404068,0.02147204195335206
218,2026-04-07 08:02:00,0.6803848273762014,-3.2032178930518906,31.861901341900065,0.45842468263425373,2026-04-07 08:09:00,-0.6873464881418379,-2.5985321514665483,16.71224549438618,0.45842468263425373,True,0.0,1.3677313155180393
219,2026-04-07 13:21:00,-10.282483991606028,-7.02900882849522,42.87770428640649,0.520330519015866,2026-05-15 13:08:00,10.17093988930462,21.15589940611784,81.049935931087,0.520380182215562,True,4.966319969601507e-05,20.45342388091065
220,2026-04-08 05:51:00,-4.618058480846399,-5.740725140944702,16.421568616182626,0.8416100288289023,2026-04-08 05:38:00,-4.731571514693389,6.128641217917341,66.31016038267765,0.8416100288289023,True,0.0,0.1135130338469903
221,2026-04-08 15:32:00,-1.7120910164281078,20.96837479400593,37.483787279512036,0.7125278895390521,2026-04-08 15:18:00,-1.79054198248485,-8.052392569742883,46.74167835656834,0.7125278895390521,True,0.0,0.07845096605674229
222,2026-04-09 05:36:00,4.865804291005471,3.4478856317310402,59.82241948737254,0.644171811586465,2026-04-09 05:33:00,-4.927770099433237,1.1427519371220995,48.01980193859872,0.644171811586465,True,0.0,9.793574390438708
223,2026-04-09 06:07:00,2.8694769726045344,-4.93131235000277,27.99285287066691,0.6312770052472242,2026-02-16 06:47:00,-2.884941905485494,0.14028266957843982,39.519056236241255,0.6325149270605267,True,0.0012379218133025116,5.7544188780900285
224,2026-04-09 08:06:00,-2.2466789951403054,-6.800523280140469,27.0149253449097,0.5605892347776967,2025-12-30 08:49:00,2.239296221187015,6.446399445882989,54.13898182754782,0.5666091246990922,True,0.00601988992139546,4.48597521632732
225,2026-04-09 13:53:00,-1.601781180673445,4.37167919508763,64.28913022476982,0.4239459865437622,2026-04-09 13:21:00,1.606301775491925,16.12867379757299,61.39912549284145,0.4239459865437622,True,0.0,3.20808295616537
226,2026-04-10 05:14:00,4.168135864388578,-14.624106873645237,31.449727184713225,0.44758757368177265,2026-05-05 05:59:00,-4.162312572056903,-6.099138524207071,29.471032710946048,0.4452494450545374,True,0.0023381286272352586,8.330448436445481
227,2026-04-10 05:30:00,-4.489517608710081,-11.689612357711487,26.59033077301767,0.44758757368177265,2026-04-10 05:19:00,-4.484555128972945,-10.100361824419979,29.0337078469003,0.44758757368177265,True,0.0,0.0049624797371361495
228,2026-04-10 11:42:00,-0.8487859412387166,-2.926965884000321,53.66894191541522,0.3637997761199744,2026-02-27 11:37:00,0.8494757865618041,3.456722891519437,63.04909555021501,0.3636081599373535,True,0.00019161618262086844,1.6982617278005208
229,2026-04-13 06:00:00,-0.5508130318132576,0.06355925470380441,66.82027644380838,0.6145363493474163,2026-04-13 06:51:00,-0.5509554308846809,-3.8977641873849667,52.10970459004475,0.6145363493474163,True,0.0,0.00014239907142332697
230,2026-04-13 08:14:00,0.7629373511885973,-4.109381569846748,38.79941430870077,0.5990940606305688,2026-04-13 08:17:00,-0.7630828972982062,-3.8989783193499328,30.774697908258062,0.5990940606305688,True,0.0,1.5260202484868035
231,2026-04-13 15:37:00,-0.8485713770522985,-0.8061462285613441,64.30282698129804,0.5661581652977221,2025-10-14 15:07:00,0.8476905880927532,-3.607132438651073,55.408515490464666,0.5658123864946619,True,0.0003457788030601927,1.6962619651450517
232,2026-04-14 06:44:00,-0.6502189245172207,1.6154258482803385,41.71702431922995,0.41055824198838003,2026-04-14 06:15:00,-0.6500580334078965,-0.6290897386029837,30.61926600588643,0.41055824198838003,True,0.0,0.0001608911093242682
233,2026-04-14 12:20:00,2.2570839520286157,-0.543219936169903,68.23104684519389,0.3436720820358945,2025-11-05 12:29:00,2.270408131088697,-4.28573769520546,20.365699855919843,0.34436540053021036,True,0.0006933184943158643,0.01332417906008132
234,2026-04-14 17:38:00,-7.379836001335516,-16.096855297579317,62.2417599404107,0.413148217695951,2026-05-28 13:42:00,-7.349753851508822,-14.445767319686276,11.125794981764642,0.4128428210660562,False,0.0003053966298948163,0.03008214982669344
235,2026-04-15 06:13:00,-4.582595055151462,3.4864138809087564,40.86543765470414,0.43253297375915095,2026-01-14 06:51:00,4.606675353744372,4.000860725712485,64.47105779414977,0.43390114022591375,True,0.001368166466762799,9.189270408895833
236,2026-04-15 13:00:00,-0.16673388126275945,4.441335278069225,63.66229316079461,0.37283928893358964,2026-05-12 13:14:00,0.17003892828659772,-5.608042442684091,61.17122846235668,0.372760288109471,True,7.900082411865794e-05,0.3367728095493572
237,2026-04-16 06:43:00,-0.3941831022014064,-0.40040679670894086,35.53141966660522,0.3497944003076731,2026-07-21 06:39:00,-0.39564249249779415,-1.3104458606605363,57.187894022659435,0.3526039568702315,True,0.0028095565625583796,0.0014593902963877525
238,2026-04-16 12:36:00,-0.9769085831812241,7.447402718301355,29.6610169198257,0.31100728537778644,2026-05-13 12:04:00,-0.9785641273285517,-0.4893060045285669,58.25115050522695,0.3104692186254191,True,0.0005380667523673388,0.0016555441473276034
239,2026-04-17 05:14:00,4.949321661009698,2.484490204530676,51.26182959639743,0.35471366393030784,2026-01-07 05:28:00,4.941534491798016,11.581156813473825,58.10973162371467,0.35531646187204824,True,0.0006027979417403961,0.007787169211681544
240,2026-04-17 10:51:00,2.8029162879761316,-0.18819927794289093,29.96610166647335,0.2800911160098935,2026-04-17 10:07:00,2.8196048167217214,5.954364496945086,70.84112140263831,0.2800911160098935,True,0.0,0.016688528745589792
241,2026-04-20 05:41:00,-0.14593959560049719,-6.958659520496235,32.12927752378481,0.6604274400177693,2026-03-16 05:03:00,0.1456389610154929,-0.21346314020287416,66.54539995755701,0.6676927769874863,True,0.0072653369697169845,0.2915785566159901
242,2026-04-20 15:25:00,-4.009485653624356,-15.93580857110033,50.71627834162628,0.48725431368644695,2025-11-17 15:53:00,3.9997006359038245,-6.7652116150840325,27.77334394342772,0.48809916426090494,True,0.0008448505744579893,8.00918628952818
243,2026-04-21 04:24:00,3.0527534486246566,-1.286997279661417,47.44214368671179,0.3393794639849361,2025-09-04 12:07:00,3.0496887482023283,-1.8345646084250156,68.60377351242103,0.3395691457892387,False,0.0001896818043025661,0.0030647004223283147
244,2026-04-21 07:42:00,0.8554186074416492,2.107514541329625,53.44352606773965,0.3167670852416012,2026-07-07 07:56:00,-0.847945246964521,-5.109719728242368,38.24041807183235,0.31814505816924477,True,0.0013779729276435781,1.7033638544061702
245,2026-04-21 14:01:00,-0.751572822708102,0.5637537648839341,70.06369411133016,0.27936075128113613,2025-09-23 14:41:00,-0.7479949506372652,-0.6343492171745346,33.31001394499877,0.28285546230705455,True,0.0034947110259184178,0.0035778720708368184
246,2026-04-22 05:22:00,-1.5974356953318836,2.986050727113998,68.83384922975215,0.6448944117939295,2026-04-22 05:19:00,1.597781606379467,3.8691918751165844,77.22117192049586,0.6448944117939295,True,0.0,3.1952173017113505
247,2026-04-22 12:29:00,-4.896506143223789,-9.704281961903094,25.66287875385541,0.4007153045532707,2026-01-05 12:43:00,4.9005181288719335,11.696566291636845,71.92107764856928,0.39415889383778235,True,0.006556410715488348,9.797024272095722
248,2026-04-23 05:30:00,-8.50691000813475,-13.167897048673716,51.102130759904014,0.4067200593805771,2025-12-26 05:00:00,-8.594878376143589,-3.800799034140434,41.83398788289709,0.40875708898253804,True,0.002037029601960949,0.08796836800883945
249,2026-04-23 17:58:00,-4.560555627695084,-3.6107829381004652,58.96742009839861,0.45683078781629094,2026-08-21 16:17:00,-4.559520835808462,-6.8486204064888145,49.85994394500403,0.45693015150751687,False,9.936369122592881e-05,0.001034791886622699
250,2026-04-24 08:25:00,1.0692888480656748,6.526220965004104,65.33406347674358,0.469048441698337,2026-04-24 08:59:00,1.0883865949185,4.78213020417062,62.72878528467553,0.469048441698337,True,0.0,0.01909774685282528
251,2026-04-24 13:32:00,-2.629348445318813,-17.971657287753075,32.41338811193033,0.3677145356173675,2026-04-24 13:01:00,-2.6047143194152245,-0.9822647822843589,43.407487758671195,0.3677145356173675,True,0.0,0.02463412590358871
252,2026-04-27 03:37:00,0.6841400306378809,-4.700930036271034,45.82504963802155,0.40039653497421535,2025-11-13 16:58:00,0.6855540754413525,3.736227096395872,57.04314715744681,0.40019847279661147,False,0.0001980621776038749,0.0014140448034716258
253,2026-04-27 08:51:00,-1.1252498638547603,-6.281173773128312,44.99999992499784,0.3620127035527756,2026-04-27 08:37:00,-1.1250492209025076,-10.11633788568611,14.779602402174376,0.3620127035527756,True,0.0,0.00020064295225274975
254,2026-04-28 06:04:00,2.4841395186969706,4.198058397990589,51.74029446289243,0.27365404724804837,2026-04-28 06:54:00,-2.5050073383869886,-4.024528215045287,23.486238471787345,0.27365404724804837,True,0.0,4.989146857083959
255,2026-04-28 16:35:00,4.718459772399264,5.111865754541256,51.48104263267973,0.47886920085008083,2026-04-28 16:03:00,4.688125196927739,-13.081669012008357,29.64939022808268,0.47886920085008083,True,0.0,0.030334575471524516
256,2026-04-29 06:00:00,-1.240866298832799,-0.6966646093287121,37.857142822727695,0.3742502516330692,2026-01-08 06:44:00,1.2383803336191157,2.859996419375399,35.38873987996385,0.3751653634618537,True,0.0009151118287845095,2.4792466324519147
257,2026-04-29 10:38:00,1.3548728987178293,0.04369984759611256,52.546483397910976,0.28932441370477585,2025-12-03 10:41:00,-1.355095694719477,3.9961037987956693,63.645833240514115,0.2931115874255037,True,0.0037871737207278433,2.7099685934373063
258,2026-04-30 10:58:00,-2.7334198082706873,-6.905688552795164,51.63899363366828,0.42162412532258325,2026-06-23 10:58:00,-2.756605179734528,-4.512233641019714,34.66416155541148,0.4246732618191972,True,0.0030491364966139245,0.02318537146384081
259,2026-05-01 06:16:00,2.423694207696059,5.433306166802154,64.77732781283576,0.30620319573798493,2026-07-28 06:11:00,2.3977229048033344,4.747122983863594,73.0598668489097,0.30736844858369067,True,0.0011652528457057332,0.025971302892724424
260,2026-05-04 05:18:00,-0.28239475093339017,-13.840274983268896,29.686174706714667,0.47261088837833465,2026-05-19 05:36:00,-0.28548056810628886,-8.886168185543442,38.324873062404556,0.4741484218713096,True,0.001537533492974974,0.003085817172898686
261,2026-05-04 10:52:00,-7.543245579516578,-13.943886749494538,43.35025377629954,0.37692646452400314,2026-05-04 10:06:00,-7.601887620576342,-5.403103080530158,45.41166378062919,0.37692646452400314,True,0.0,0.05864204105976434
262,2026-05-04 17:24:00,-2.4902655737157886,8.922703797946685,79.02528759252763,0.4313721500760999,2026-08-11 14:44:00,2.4856703385411905,4.333620340646327,43.20843084251844,0.4325885598555834,False,0.0012164097794835071,4.975935912256979
263,2026-05-05 03:17:00,2.1220135698341025,-1.2816135957105512,63.91683427935656,0.49187832271450455,2025-12-31 05:43:00,-2.1282998660088204,10.104609053591673,71.55361044848252,0.4919669761919211,False,8.865347741654483e-05,4.250313435842923
264,2026-05-05 10:41:00,3.1401000659858624,-1.953332901696303,64.52369775207418,0.3287301655359369,2026-01-08 10:19:00,3.1356695951711977,-3.0435532469630378,50.704721572421256,0.32724187853021863,True,0.0014882870057182918,0.004430470814664744
265,2026-05-06 05:30:00,-4.276656475408203,-11.67655720703653,34.364713595712544,0.401833533320807,2026-04-23 05:49:00,4.25141598723755,11.125091335297821,35.651857228727934,0.4067200593805771,True,0.00488652605977008,8.528072462645753
266,2026-05-06 09:41:00,-3.9008122048267424,3.4961697637081457,44.114077632428746,0.35612149156904105,2026-01-13 09:32:00,-3.8979721601473116,-5.56137379454591,32.943817227098364,0.3570040264781585,True,0.0008825349091174384,0.0028400446794307754
267,2026-05-07 04:56:00,-0.5303346093188388,-11.273395739630487,50.64102559557793,0.39932575015551064,2026-05-13 07:30:00,0.5317842104757275,0.4466949360737438,68.30031272614616,0.3988785007492321,False,0.00044724940627854926,1.0621188197945663
268,2026-05-07 16:37:00,0.8207217511269072,-1.5779325086706653,70.77464784371452,0.4038038255099232,2026-09-18 16:51:00,0.8270301004498215,-7.505930718194609,36.579275873150735,0.396928496787831,True,0.006875328722092233,0.006308349322914353
269,2026-05-08 06:30:00,2.944787355634304,6.145766997021074,46.242774513014346,0.5237147036906645,2026-08-13 06:26:00,-2.9483505679550603,0.7033250257770796,61.206896469646075,0.5229669263617381,True,0.0007477773289263911,5.893137923589364
270,2026-05-11 04:03:00,11.582248387942418,14.856633486850512,45.04522216613026,0.4070267827497024,2025-12-26 05:33:00,11.557889043820602,-14.223127955983461,38.03929213023163,0.40875708898253804,False,0.0017303062328356544,0.02435934412181595
271,2026-05-11 12:38:00,-0.08584639718756115,16.014634581507092,51.28819648184152,0.41449704354815053,2026-04-23 12:31:00,0.0850858356549189,0.042542736840012196,57.404021864382194,0.4126728304115577,True,0.0018242131365928116,0.17093223284248005
272,2026-05-12 02:30:00,-1.031017856597538,-0.5470971760301868,47.35169484502889,0.4030585556062242,2025-12-01 08:57:00,1.0311743396518303,0.014189029562405864,63.523103541293295,0.4025256511444357,False,0.000532904461788497,2.0621921962493683
273,2026-05-12 10:41:00,4.043185476876321,7.237484207915923,57.819905165317,0.38047140556186365,2026-05-12 10:13:00,-4.066810672929133,2.7698794782837766,45.902883131918124,0.38047140556186365,True,0.0,8.109996149805454
274,2026-05-13 05:32:00,-0.4683935485161328,-7.1701288601944135,42.616279035079806,0.40867539366666705,2026-05-25 05:56:00,0.4670504666659525,-6.282300325509693,28.960588664440806,0.40781191904723096,True,0.0008634746194360887,0.9354440151820853
275,2026-05-13 10:32:00,0.9563510743548775,-3.462585489217851,49.33206100279914,0.3107645005430548,2026-05-13 10:49:00,0.9567963905410259,0.38269658645395666,30.610236178299886,0.3107645005430548,True,0.0,0.0004453161861484034
276,2026-05-13 13:16:00,-2.5090287826001756,-9.264384497453815,52.6057751414278,0.30133825291826966,2026-07-28 13:26:00,-2.488469056509679,-6.417726856072781,27.586206863256677,0.30102883474891007,True,0.00030941816935958766,0.02055972609049661
277,2026-05-13 13:27:00,-0.7871695616423757,-11.369999989372381,37.263880908890556,0.30133825291826966,2026-01-08 13:12:00,0.7904254634438779,1.0614572452927185,23.69047615100189,0.2991829492115447,True,0.0021553037067249536,1.5775950250862536
278,2026-05-14 04:37:00,-3.2815634732152876,-0.19183895759056213,51.66101690012059,0.3366259128911024,2026-08-17 15:39:00,-3.285672073953805,-17.043752086320918,32.42424240895883,0.33755248212443845,False,0.0009265692333360609,0.004108600738517154
279,2026-05-14 11:27:00,0.13396516693076066,5.985150953251583,63.04647439866411,0.38395066933345784,2025-11-25 11:18:00,0.1377434434135516,7.714640525564587,67.19128321705502,0.3838801188279727,True,7.055050548515629e-05,0.003778276482790943
280,2026-05-15 03:52:00,-0.32465459456565426,-12.926585425165893,45.288858300067325,0.3693653924254908,2026-07-20 10:19:00,0.3247106016757151,-0.9490331724548717,39.13043472153797,0.3694779689684183,False,0.00011257654292745611,0.6493651962413693
281,2026-05-15 11:15:00,-6.199105182167486,-8.234589436728612,45.660828000031316,0.46123596041168713,2026-05-15 11:00:00,-6.257267783714715,-8.115436062504644,31.520778052994174,0.46123596041168713,True,0.0,0.05816260154722919
282,2026-05-18 06:44:00,10.615302112160219,22.623162281500964,77.2710139056983,0.6062299120166238,2025-10-28 06:13:00,10.316252113136137,3.7876840068173934,62.89017335950983,0.6020512031574707,True,0.0041787088591530575,0.29904999902408136
283,2026-05-18 13:08:00,-9.093841619628451,-9.533801509775675,32.92831102910333,0.5229181476420186,2026-04-07 13:44:00,9.124567522336147,-2.2946231831988406,38.71703852237427,0.520330519015866,True,0.0025876286261525827,18.2184091419646
284,2026-05-18 14:35:00,8.190918869168673,16.395266968494138,66.42246638461725,0.5237494758918083,2026-05-18 14:33:00,8.460134370726902,13.468043155047127,59.01639340392186,0.5237494758918083,True,0.0,0.2692155015582287
285,2026-05-19 03:40:00,7.704792621785472,-5.421256791601214,47.299729943193775,0.44304870038808836,2026-05-20 08:00:00,7.709849669139679,8.786587901181697,66.78466071179926,0.4426599941887957,False,0.0003887061992926544,0.005057047354206645
286,2026-05-19 07:09:00,-2.795358823923788,-4.4674246617237845,29.52978053834667,0.4173359679483465,2026-04-23 07:55:00,-2.8070444055283694,-1.6588985551624358,43.95734589865147,0.41909819721140573,True,0.001762229263059245,0.01168558160458133
287,2026-05-20 06:00:00,-8.398533951913256,-3.838201328785207,51.81721811443027,0.5457719300518878,2026-01-26 06:10:00,8.464758552604312,1.9082411426629697,54.8216177757863,0.5470286475148992,True,0.0012567174630113698,16.863292504517567
288,2026-05-21 06:39:00,-0.5515665040278783,-3.727405361948488,31.90327609619993,0.4658969161708527,2026-08-21 06:25:00,0.5514971493103538,-0.1764662414560636,42.63351744043433,0.4655482185970072,True,0.00034869757384553557,1.103063653338232
289,2026-05-22 04:41:00,5.440558033171783,-4.6176160949329415,33.02401744201542,0.420065864514681,2026-07-06 13:33:00,5.421196879800139,8.652614403108494,67.99999989422102,0.41893332427618646,False,0.0011325402384945171,0.019361153371644235
290,2026-05-22 05:36:00,4.048659130555521,-1.9899419489699532,35.75289571424332,0.3959243687731714,2025-11-04 05:06:00,-3.9950501579810727,-6.9578672253056695,19.47690593919461,0.3918319438589907,True,0.0040924249141807145,8.043709288536594
291,2026-05-22 12:30:00,-4.89202677111833,-6.418421311813471,44.67754462894477,0.31460705396032945,2026-06-02 12:58:00,-4.893753455924577,-5.2467483734974785,65.1280839438341,0.31216205101959954,True,0.0024450029407299123,0.0017266848062469364
292,2026-05-25 06:09:00,1.4905007973076145,-0.17532382859064555,59.44223100938795,0.4045902958902392,2026-02-19 06:49:00,1.485649926673549,9.724958483068313,72.15909081342407,0.40613823391341425,True,0.001547938023175044,0.004850870634065529
293,2026-05-25 12:59:00,-2.5981786483120217,0.882418307881494,66.48508097922662,0.3236052236392068,2025-11-19 12:01:00,-2.595472369849583,-2.2037892932569303,48.670944025536976,0.3263587288797793,True,0.002753505240572496,0.0027062784624387604
294,2026-05-26 05:40:00,1.6088952069259754,3.41676485273279,54.1533545720324,0.2855829781284686,2026-05-26 05:06:00,1.6090086853415286,2.645219812256183,74.24943621223636,0.2855829781284686,True,0.0,0.00011347841555320315
295,2026-05-26 10:48:00,4.32672514368182,14.296841767988955,69.87557295492591,0.2948943613399475,2026-05-26 10:06:00,4.304041936817882,2.2288105764789456,63.57976646769203,0.2948943613399475,True,0.0,0.02268320686393821
296,2026-05-26 12:35:00,-2.5897073520020353,-10.72637460702075,32.59127335457352,0.3254137997734125,2025-11-19 12:01:00,-2.595472369849583,-2.2037892932569303,48.670944025536976,0.3263587288797793,True,0.0009449291063667875,0.005765017847547682
297,2026-05-27 06:21:00,-3.547628576592299,-1.1089043913725671,56.410256337933866,0.3873348790202723,2025-12-04 06:23:00,3.529292531849748,1.83587514618333,47.542186304798854,0.3856654634265615,True,0.0016694155937108102,7.076921108442047
298,2026-05-27 11:50:00,3.158057438836792,3.9968345604068922,78.81198817369406,0.4015201078004759,2026-07-02 11:58:00,-3.1881772577513345,-2.7468585870604745,53.46985206208234,0.4012585374203633,True,0.0002615703801125968,6.346234696588127
299,2026-05-28 04:11:00,-1.394645237117187,-3.845578652765802,31.208240517145853,0.47321121247709863,2026-07-31 06:24:00,1.3994581396281625,0.5646465006026169,42.427385830499,0.4732673312440212,False,5.611876692257489e-05,2.7941033767453494
300,2026-05-28 14:04:00,5.1298244574060625,12.754476330636422,65.06928633397253,0.45122586228392514,2025-10-13 14:31:00,-5.12192760927177,-6.322003143848232,29.366602647686392,0.45006921812487155,True,0.001156644159053588,10.251752066677833
301,2026-05-28 17:45:00,16.463555725230172,24.247579273257713,67.0410908560757,0.5246329687892269,2025-10-24 16:16:00,16.391110376134943,26.549368411801222,83.34885988006951,0.521575309325519,False,0.0030576594637079513,0.07244534909522926
302,2026-05-29 06:09:00,0.06669845959983434,-7.686591452110703,32.970550546635124,0.46799854335078556,2026-08-21 06:07:00,0.06617776008077669,-7.3402908121822374,30.02577316878707,0.4655482185970072,True,0.0024503247537783768,0.0005206995190576436
303,2026-05-29 18:01:00,6.1317113496883735,1.7949371826730953,77.96403001411775,0.4292245218122622,2026-05-20 16:40:00,6.131433406502129,-4.39439726598545,35.95438885239676,0.4268821323040066,False,0.0023423895082556045,0.0002779431862443005
304,2026-06-01 08:07:00,0.737315352874468,2.6419962241375217,68.90756293513883,0.4075506783993084,2026-06-01 08:43:00,0.7302395517672089,2.3902715946122477,47.73922183657529,0.4075506783993084,True,0.0,0.007075801107259139
305,2026-06-01 13:40:00,3.619813035546926,-1.420560166828233,61.38268150423725,0.3363627711992454,2026-05-26 13:30:00,3.6177574536289114,6.68607762249307,65.01547980571006,0.3375370222758317,True,0.001174251076586308,0.002055581918014582
306,2026-06-02 13:27:00,1.6346456518978592,5.7833001627805025,45.98450485225279,0.32634809338414494,2026-01-13 13:01:00,1.6355376601073779,-1.1053204720823384,35.822171487386015,0.3260089459507717,True,0.0003391474333732658,0.0008920082095187354
307,2026-06-03 04:31:00,-1.3643312372590977,13.013381833004711,45.11784508239723,0.31451242691909403,2026-07-15 13:42:00,-1.3644544724966678,-7.190204462141914,62.35418866670563,0.31514442568690415,False,0.0006319987678101158,0.00012323523757018506
308,2026-06-03 15:19:00,-0.5834233712675996,-5.0309099285450465,28.139445275171283,0.3986105274953069,2025-09-30 15:36:00,0.5766113338201428,11.01952949232654,55.27903463243431,0.40128154264422516,True,0.0026710151489182654,1.1600347050877424
309,2026-06-04 06:02:00,-1.788322921941754,1.8784277112815495,57.83953417806497,0.44112236061282384,2026-01-02 06:16:00,1.7635694645945499,-0.4808655580046395,61.554621788394144,0.43989318914621395,True,0.0012291714666098907,3.551892386536304
310,2026-06-04 07:05:00,0.02240286398169644,-2.710005856748632,68.72998922494942,0.44229441327059615,2026-06-04 07:58:00,0.02232130401180754,0.55806249630308,32.96398885575314,0.44229441327059615,True,0.0,8.155996988890024e-05
311,2026-06-05 04:16:00,-1.3892016459793322,-1.8148474687929017,54.901036721554014,0.38561629450994345,2026-08-27 10:11:00,-1.3904534507669375,-5.668017073543474,63.339382859643216,0.38614361194585095,False,0.0005273174359075039,0.0012518047876053373
312,2026-06-05 11:55:00,-2.2403516455937744,0.17927150781860135,53.818288549689434,0.3031483120414653,2026-04-28 11:26:00,2.25026640774173,4.2850325759880015,63.67069479672359,0.3021114360549545,True,0.0010368759865108101,4.4906180533355045
313,2026-06-08 05:38:00,-1.1137291480334266,-6.191972003938284,29.98256824986801,0.6995283557117127,2026-04-01 05:40:00,-1.1110814347914388,-5.894457181361279,39.22311698014605,0.6987861393538531,True,0.0007422163578595375,0.002647713241987759
314,2026-06-08 15:18:00,3.353861277357595,3.955481175033082,38.13449021545024,0.5828283942731746,2026-06-08 15:58:00,3.3483547454871143,3.4407549339632304,41.341051588098566,0.5828283942731746,True,0.0,0.005506531870480558
315,2026-06-09 07:32:00,-0.023115160887599018,-8.383788109571633,29.690949181490268,0.3235680477417624,2026-06-17 07:20:00,-0.02308485183566411,4.318741606457177,58.301158222375896,0.3111143061928542,True,0.012453741548908215,3.030905193490696e-05
316,2026-06-10 05:02:00,-2.1003013216391864,-1.1457282833782223,45.956232129239766,0.6591239500437821,2026-03-16 05:13:00,-2.114614077942667,-9.130317338332805,38.05572018181574,0.6676927769874863,True,0.0085688269437042,0.014312756303480612
317,2026-06-11 06:36:00,-4.974221582269012,-6.416631121152205,55.278278707634364,0.9229071520852654,2026-02-13 06:04:00,-5.073459889085585,-8.03894779996539,58.04394043895803,0.9250188408364203,True,0.002111688751154861,0.09923830681657364
318,2026-06-12 05:17:00,-0.33393401702164205,-4.601554276284503,50.76841543663172,0.8681418295188302,2026-06-12 05:59:00,-0.3340089061099061,6.780429864929882,62.32339084916044,0.8681418295188302,True,0.0,7.488908826402962e-05
319,2026-06-12 14:23:00,4.89694428299714,9.155952022812386,56.45161282824598,0.5509592664801036,2026-06-12 14:32:00,-4.92736891591905,-17.497500781562536,33.407572357031896,0.5509592664801036,True,0.0,9.82431319891619
320,2026-06-15 05:44:00,-4.68608429180839,-5.862686195104994,49.884792586498556,0.6293046343643278,2026-01-19 05:24:00,4.680838729003156,0.5794992482610617,40.86734690958575,0.6211357508585683,True,0.008168883505759506,9.366923020811546
321,2026-06-15 13:30:00,-2.328055255584882,-1.1756881521762796,42.64560704866401,0.5150710789622555,2026-06-15 13:13:00,-2.3055897871593345,-2.6743854965305403,48.894062784104285,0.5150710789622555,True,0.0,0.02246546842554764
322,2026-06-16 10:18:00,-1.0861991465249687,-2.0335418869188437,49.472573766599744,0.31938251941975854,2026-04-27 10:18:00,-1.0820547583367812,-8.099114503881122,36.57957241614407,0.31964493932899923,True,0.00026241990924069647,0.00414438818818752
323,2026-06-16 12:06:00,4.925751205828721,-0.4831067907562492,67.91627340217636,0.29350527157618134,2026-07-16 12:52:00,4.934726463650119,3.4959616683916117,54.73421920546028,0.30110292887651496,True,0.007597657300333627,0.00897525782139752
324,2026-06-17 05:49:00,3.969769741816176,-9.565264491087078,25.925925895372643,0.3302761502695835,2025-10-07 05:37:00,3.909092170089057,4.640810124028061,69.06832286124714,0.32944334221712795,True,0.0008328080524555581,0.06067757172711907
325,2026-06-18 15:09:00,4.243146434519396,2.4511565805895863,66.07642116262295,0.4729680692079359,2026-06-18 15:38:00,-4.258147235439713,-4.869516941568008,21.431427417030875,0.4729680692079359,True,0.0,8.501293669959109
326,2026-06-19 05:32:00,-1.2685207014218047,-0.2633043499089549,59.54198464192245,0.45084717121708484,2026-07-16 05:03:00,-1.2881250967644586,-6.239361208256744,27.316602279690144,0.45023272134437753,True,0.0006144498727073122,0.019604395342653902
327,2026-06-22 05:28:00,5.970755240829462,3.438284582515383,67.53569205800768,0.5378518616618277,2026-06-22 05:14:00,-5.9955546903278645,-15.749816550431062,35.41893359652627,0.5378518616618277,True,0.0,11.966309931157326
328,2026-06-23 03:39:00,2.0310414822310996,4.421558563543204,69.1753401946804,0.3570852875027828,2025-11-24 16:57:00,-2.0354137468903133,1.6681856150890795,53.39970853589205,0.357168679434024,False,8.339193124118349e-05,4.066455229121413
329,2026-06-23 18:06:00,-6.624335781457713,-8.172056021054086,49.7306034107626,0.5593482785046431,2026-01-28 11:08:00,-6.62728686239511,-5.683765485192671,57.3234983771051,0.5582862764969385,False,0.0010620020077045655,0.0029510809373967106
330,2026-06-24 07:08:00,1.921951520005294,-2.955406608534661,35.32804610709688,0.5210853324617006,2025-11-21 07:07:00,-1.9217242301095006,13.546908948238734,49.00704672094048,0.5163220498467928,True,0.004763282614907882,3.8436757501147945
331,2026-06-24 13:41:00,4.678322255149414,10.544715877804922,65.68446894293625,0.5008002421024527,2026-06-24 13:23:00,-4.681584494592439,-8.276035335715859,39.56692909750959,0.5008002421024527,True,0.0,9.359906749741853
332,2026-06-25 04:19:00,10.300609891342738,19.39075891115749,46.73617124569021,0.8032156043110753,2026-03-26 11:06:00,10.311953441191068,-1.5931981658023897,52.5187201928088,0.7931656087157478,False,0.010049995595327488,0.011343549848330525
333,2026-06-25 16:46:00,-1.770381517216535,-26.514873575541607,41.5750447307069,0.5764023114414368,2025-12-29 16:38:00,-1.7550644621022737,-10.92709693280014,45.43062480320482,0.5850201033756217,True,0.008617791934184882,0.01531705511426118
334,2026-06-26 11:36:00,1.1903330080587082,-5.402532003186966,50.40599620826492,0.45390544267224914,2026-01-12 11:25:00,1.1784025008321208,2.5535564821588252,43.034281502373005,0.4556589441553625,True,0.0017535014831133733,0.011930507226587395
335,2026-06-29 11:55:00,-4.689256543055631,-8.90582887733582,16.444132099069463,0.437294993240525,2026-09-11 11:50:00,-4.709733387736614,-4.725807804130122,42.144994519174425,0.4366391386112921,True,0.0006558546292328993,0.02047684468098332
336,2026-06-30 04:15:00,-10.182566082452826,-20.898562466635795,32.453341834764615,0.40798179206540014,2026-05-12 16:04:00,-10.168362989285695,-20.12519272475366,28.733593458592154,0.4069514947638484,False,0.0010302973015517414,0.014203093167131087
337,2026-07-01 14:01:00,3.2739727910358063,15.915099450602987,87.26726719388773,0.3656297004587845,2026-04-10 14:17:00,3.3232828565932238,4.122882946935302,45.00792388033932,0.3646841659768121,True,0.0009455344819724321,0.04931006555741746
338,2026-07-02 13:13:00,-2.7069360314113666,-3.3711417958848244,41.49076513318862,0.4226554124896492,2026-01-19 13:15:00,-2.7194424072407575,3.14954893959829,60.62231750550478,0.42368380504773,True,0.0010283925580807929,0.012506375829390848
339,2026-07-03 03:32:00,-1.1369202764899278,-9.740098875296033,50.94462536070188,0.5138377487324555,2025-11-18 11:47:00,-1.139938616783187,-12.351989623339277,54.76584017814207,0.5137452613823383,False,9.248735011713194e-05,0.003018340293259314
340,2026-07-03 05:08:00,-3.5405470384408666,-1.7945095186766569,46.576576517830475,0.6042837347914941,2025-10-13 05:03:00,-3.528403027517335,-5.303999338850396,65.87403593044682,0.6014299232059976,True,0.0028538115854964685,0.012144010923531567
341,2026-07-06 03:37:00,6.244175990066658,6.220237062803946,60.9164420102049,0.331604019821448,2026-04-16 09:19:00,6.243394913394429,3.498245071247297,50.13215852847023,0.3311851891689874,False,0.0004188306524605667,0.0007810766722293749
342,2026-07-07 05:30:00,-4.854656182862183,-15.923009834869495,41.348314574220275,0.3268385856138267,2025-10-01 05:56:00,4.7906796679675345,-7.26788358454078,42.58577901974697,0.3265707029818394,True,0.0002678826319873484,9.645335850829717
343,2026-07-07 07:41:00,0.26631126218035206,2.71219604334183,27.549467216786837,0.31814505816924477,2026-07-07 07:39:00,-0.26631448593383844,0.0,27.349228557800075,0.31814505816924477,True,0.0,0.5326257481141905
344,2026-07-07 08:45:00,1.819361646644424,11.169182767891694,47.583826397130075,0.3199587328706378,2025-09-10 08:49:00,1.812462326185038,1.070921060761787,56.85057843436195,0.3207052708051261,True,0.0007465379344883116,0.006899320459385905
345,2026-07-08 05:08:00,2.0171506410537887,20.037421040266512,66.10878656785025,0.4751253752395846,2026-07-08 05:28:00,-2.0136662433112296,-0.1941236349167763,71.28805615934088,0.4751253752395846,True,0.0,4.030816884365018
346,2026-07-08 11:04:00,-2.1127966263245757,-9.367215473862212,24.8006379308475,0.4033414819787722,2026-05-27 11:23:00,2.1375062204764816,7.440683384440927,70.09463716205956,0.4015201078004759,True,0.0018213741782962534,4.250302846801057
347,2026-07-09 04:39:00,-0.3928959501020568,1.8666774737452485,50.22026427846435,0.5120068786568921,2025-11-20 05:35:00,0.3946587866465734,-9.684036740199575,56.902356857652684,0.514235099354554,False,0.002228220697661931,0.7875547367486302
348,2026-07-09 07:15:00,-2.758420262566341,-6.3027253131975325,41.534810080578346,0.4631456465627466,2026-04-07 07:50:00,2.761300089597629,1.7098095010492642,63.685015222351474,0.46426356026060633,True,0.0011179136978597404,5.51972035216397
349,2026-07-10 05:49:00,3.4432380987015065,0.16968154410212932,57.96425790120219,0.3212164023728229,2025-12-16 05:00:00,-3.435026360346649,-2.2051868315520196,29.658952471668613,0.32132085384277326,True,0.00010445146995036181,6.878264459048156
350,2026-07-13 05:16:00,-3.068904266144701,-0.171908441564117,50.491159089266915,0.499680825254852,2026-07-13 05:41:00,3.0211591671913673,-6.895155601086556,60.62701701941909,0.499680825254852,True,0.0,6.090063433336068
351,2026-07-13 12:43:00,0.41762936376699145,0.1719608076755641,40.16203697195794,0.47250944203668455,2025-11-17 12:29:00,-0.4163100481324733,1.0286793349334467,62.28686049428113,0.47003428302336003,True,0.0024751590133245127,0.8339394118994647
352,2026-07-14 04:51:00,5.674042505328103,8.375848054615886,66.4762992044166,0.4573673573115353,2025-11-17 11:56:00,5.667341759107991,3.532134451678104,53.997127776163055,0.45603107292558714,False,0.0013362843859481832,0.006700746220111853
353,2026-07-14 05:30:00,-4.106914176693621,3.2381282124416266,44.20731702599851,0.44999340130787663,2026-07-14 05:10:00,4.088200431504596,8.878635782647581,75.90887052531689,0.44999340130787663,True,0.0,8.195114608198217
354,2026-07-15 05:31:00,-5.599790875066013,4.365247175921461,54.7711403594422,0.5057697993641769,2026-01-12 05:55:00,-5.592676215725456,-3.146650292431552,51.898734141840386,0.5083345355963912,True,0.0025647362322143152,0.007114659340556884
355,2026-07-15 12:13:00,-0.2977560360728493,-4.613226815745053,46.05146400668051,0.33544315797848917,2026-07-15 12:48:00,0.297939376785461,0.943535601707346,56.59526484866568,0.33544315797848917,True,0.0,0.5956954128583103
356,2026-07-16 05:45:00,3.923092489388491,7.252685294312222,40.94063218402729,0.45023272134437753,2026-07-16 05:08:00,3.91659632905883,-1.6351386337420948,40.11725288428718,0.45023272134437753,True,0.0,0.006496160329660938
357,2026-07-17 06:35:00,2.7014689237292444,-1.0001737801934585,31.978319758933253,0.49799589862498134,2026-03-11 06:29:00,-2.6893571571950936,-8.159652725180377,11.430990672305484,0.49503402449314476,True,0.0029618741318365727,5.390826080924338
358,2026-07-20 08:10:00,-3.834904855761767,-8.587098693143558,28.793103413524264,0.3921995221084818,2025-11-19 08:38:00,-3.8331715832573554,-0.22714239239052247,61.2081513204574,0.3915001264684759,True,0.0006993956400059287,0.001733272504411687
359,2026-07-20 14:51:00,5.36546651613623,-1.3901076464606366,38.94601538912469,0.3702674804894655,2025-09-29 14:37:00,-5.281356419658545,-3.3472496982889233,54.859813012332864,0.3671371226132235,True,0.003130357876241996,10.646822935794775
360,2026-07-21 06:41:00,-0.5193822319338182,-0.12366732993651652,35.20982594749769,0.3526039568702315,2026-07-29 06:14:00,-0.5213770810086338,-4.11987853803808,34.33476389692268,0.3578825365979569,True,0.005278579727725385,0.001994849074815619
361,2026-07-21 16:41:00,-4.072500379482813,-11.616364028732562,43.377063029738316,0.36948714275317823,2026-02-18 16:08:00,4.056316198930432,16.771251246479046,84.88304090092478,0.37015799089833007,True,0.0006708481451518367,8.128816578413245
362,2026-07-22 04:00:00,25.554379940175842,32.45956293161933,81.19057457062188,0.3147836568425775,2026-08-19 15:37:00,24.637630055632798,75.86835308738272,94.30469859230391,0.31190390266536183,False,0.002879754177215643,0.9167498845430444
363,2026-07-22 19:54:00,-0.5787630146314449,-0.9163438363224419,32.638164707303474,0.3799915538350235,2026-02-26 16:55:00,-0.5802040190738822,2.2827892202048616,50.898203545405615,0.38045905497759835,False,0.0004675011425748776,0.0014410044424373325
364,2026-07-23 04:48:00,-4.101867077661581,-17.282690767091992,19.15074308840373,0.38920176909423454,2026-05-11 09:03:00,4.102960683540768,7.02649331784766,44.91574664065047,0.38927986058598313,False,7.809149174858865e-05,8.204827761202349
365,2026-07-23 09:20:00,-3.828739048414853,4.535273880823532,65.06300104113225,0.333264105754339,2025-12-17 09:39:00,-3.811666703242844,-3.696204344657561,34.42857139414099,0.33191224545554443,True,0.0013518602987945827,0.01707234517200895
366,2026-07-24 05:50:00,6.879722824162382,-27.547970719452586,18.966292122896718,0.31607258787522813,2025-11-27 05:03:00,7.010029642067206,2.7209410121642463,60.48652196930758,0.30544607682904895,True,0.010626511046179177,0.1303068179048239
367,2026-07-24 07:35:00,-0.7943215935080072,-3.697486081694068,43.84236438083837,0.2995924415268209,2025-11-06 07:31:00,-0.8026578006425922,2.082494376638433,61.976549268395736,0.29600298518104,True,0.003589456345780895,0.008336207134584939
368,2026-07-27 04:18:00,-6.138503642298954,-14.578802810130131,41.20662458292928,0.3920062977432675,2026-05-22 06:05:00,-6.137416693463571,-5.828184587910457,39.55500615070754,0.39289153138800736,False,0.0008852336447398579,0.0010869488353826284
369,2026-07-27 13:33:00,0.4884344820088593,5.106497345965799,80.29629612975691,0.3680321909582046,2026-04-24 13:17:00,-0.49121945229102515,-0.04271665084432108,42.07870831593601,0.3677145356173675,True,0.00031765534083710856,0.9796539342998845
370,2026-07-28 04:47:00,-0.9142857142852012,-2.371854975892207,54.27018627641416,0.3065473219885849,2025-08-08 10:03:00,0.9127190341673419,7.660227656072216,84.09301452869123,0.30644710031323213,False,0.00010022167535278514,1.8270047484525431
371,2026-07-29 04:20:00,-1.4689863371830647,8.398931815378763,57.670043356918676,0.3329846833794839,2026-09-16 14:07:00,1.4712762056690032,0.6436300736156753,69.45898769874196,0.33351715220514905,False,0.0005324688256651555,2.940262542852068
372,2026-07-29 20:00:00,7.474444724495655,2.5067912947340787,79.86139416559067,0.32490953598313504,2025-11-28 16:56:00,7.44156325041434,7.065267504202666,69.33411209283611,0.32588253545954876,False,0.0009729994764137162,0.032881474081314366
373,2026-07-30 09:32:00,5.280845530308831,11.411631181041937,58.96629209772895,0.7075624981073493,2026-07-30 09:25:00,-5.251053616477375,4.11552731433229,52.424639532506134,0.7075624981073493,True,0.0,10.531899146786206
374,2026-07-31 04:51:00,3.772203027805343,-12.765161380251522,44.25634820921457,0.45610150576562164,2026-08-31 15:30:00,3.7774497492382153,1.5960741072951201,36.8289637737987,0.4554175772746843,False,0.0006839284909373466,0.005246721432872192
375,2026-08-03 05:03:00,2.1431078759204247,13.094670025413091,74.37252304879817,0.4412454821995351,2025-10-15 05:02:00,-2.151563290028191,0.2869450751252778,56.22764006974739,0.4397522865899225,True,0.0014931956096125854,4.294671165948616
376,2026-08-04 05:06:00,-0.9614234984234304,-11.943032964003564,38.850452339334524,0.3461624770646244,2026-08-04 05:34:00,-0.9610823265593371,2.341871303077614,48.3188043989462,0.3461624770646244,True,0.0,0.0003411718640933259
377,2026-08-04 18:47:00,-1.5918555770655374,-5.165561130497931,69.68992240498902,0.40227676368457127,2026-08-18 06:50:00,-1.5932718406286295,-4.232433410285008,11.206896517916647,0.4021572421666535,False,0.00011952151791777554,0.0014162635630921017
378,2026-08-05 04:50:00,-0.3175390237142306,-0.2931136609285456,79.64509382932664,0.40284569582207536,2026-04-27 06:19:00,-0.3180165941052415,-2.0773428664988547,37.13450287330101,0.40267804060298995,False,0.00016765521908540526,0.0004775703910109286
379,2026-08-05 08:44:00,10.13789707265289,12.28369556185216,81.58859465815792,0.370276840091955,2025-09-29 08:05:00,10.110705661601216,21.00583510025178,64.26382170814108,0.3621248094749361,True,0.008152030617018913,0.027191411051674663
380,2026-08-06 04:35:00,-4.225353756656114,-5.7185471155785095,58.683729411815555,0.5507203807124281,2025-10-23 14:30:00,-4.2302469953692245,-7.024136049494922,30.24390239771651,0.5474783805936889,False,0.003242000118739208,0.004893238713110648
381,2026-08-06 17:23:00,1.782825990317427,-2.438626912357744,47.54956974688674,0.5192169359538125,2025-12-29 11:36:00,1.7788389232320512,-1.056723959126371,23.199429502927913,0.5189049218171914,False,0.0003120141366210749,0.003987067085375884
382,2026-08-07 05:08:00,-5.42187974927999,-4.764995358236268,62.29611035933686,0.48534687735618764,2026-05-28 05:11:00,-5.4477135265351695,-6.1963099952599965,38.13620069771063,0.484357811712162,True,0.0009890656440256218,0.02583377725517977
383,2026-08-10 04:10:00,-0.3700821004004595,2.0590817652132998,35.68450310981366,0.4802516580686025,2026-06-24 08:06:00,-0.36927849137446955,-4.429542588206825,46.17676259717247,0.4809843734649221,False,0.0007327153963196387,0.0008036090259899709
384,2026-08-11 04:58:00,2.1667323081220324,3.4536739302937214,83.61581916179779,0.3711617455628249,2026-08-05 08:42:00,-2.1669333198492957,3.1316736266107092,80.21015756904947,0.370276840091955,False,0.00088490547086989,4.333665627971328
385,2026-08-11 08:51:00,-1.2586402794645402,-8.141227427247433,26.484691981897015,0.4367048399136159,2026-01-15 08:52:00,1.261778868901775,17.977714171777404,83.67250349401822,0.4398832681496013,True,0.003178428235985409,2.520419148366315
386,2026-08-12 12:00:00,2.02196214387218,-0.29527436098630844,39.015817175201214,0.32153417270185786,2026-08-12 12:09:00,2.0191913932543493,3.1993211085978857,76.08120025903423,0.32153417270185786,True,0.0,0.0027707506178309416
387,2026-08-13 05:13:00,-3.739457280099723,0.9296324890684105,56.62100452599257,0.5122660114725928,2026-08-13 05:08:00,3.742604103935676,6.897639260272648,39.380911412238206,0.5122660114725928,True,0.0,7.482061384035399
388,2026-08-14 05:00:00,1.7369614985107695,-1.4122838597940834,45.63456342759358,0.4717752854861656,2026-02-26 05:46:00,1.7567788012784469,8.69339273174452,49.97969952498249,0.4716232539765873,True,0.0001520315095783209,0.019817302767677347
389,2026-08-14 05:50:00,2.478765435816044,-5.115805872528689,41.25714282413463,0.4717752854861656,2026-08-21 05:27:00,-2.4730476448087124,7.271658324887742,76.61777385050901,0.46730423318670805,True,0.004471052299457545,4.951813080624756
390,2026-08-17 04:49:00,-1.4104901794620428,-19.21209953502645,32.740879305035335,0.37367294649096405,2026-04-29 06:41:00,-1.4146226276501306,-4.075204826364809,26.70415419166953,0.3742502516330692,False,0.0005773051421051334,0.004132448188087778
391,2026-08-18 03:00:00,-6.869117329720842,-3.096790526987414,53.95752888461174,0.3496858460191199,2026-02-20 12:12:00,6.891148647241163,4.427515320095665,72.55892251616845,0.3503031134629735,False,0.0006172674438535974,13.760265976962005
392,2026-08-19 05:06:00,-7.758121065708501,-5.509964426291258,52.337858183372845,0.4268106022111434,2026-07-01 05:30:00,7.712550480150071,7.586843609277416,76.9348658178463,0.4279021356138039,True,0.001091533402660494,15.470671545858572
393,2026-08-20 05:03:00,4.716870934617923,20.72504220220317,68.77572011507831,0.5508141319333699,2025-11-24 05:13:00,-4.719854401141754,-6.399146121660593,54.52029513253857,0.5470041507525624,True,0.0038099811808075534,9.436725335759677
394,2026-08-21 05:11:00,1.3936742673537061,-7.293857356461819,28.93968869624527,0.46730423318670805,2026-08-14 05:35:00,1.3887908376819524,5.534309826409345,59.45273628389908,0.4717752854861656,True,0.004471052299457545,0.004883429671753703
395,2026-08-24 04:34:00,6.288510349476972,0.1733701311446012,45.64052602830167,0.47119063460895105,2026-05-28 06:37:00,-6.282059921713934,-15.10927405872331,26.915007675096632,0.47239991968502476,False,0.0012092850760737073,12.570570271190906
396,2026-08-25 05:04:00,0.5160263818493327,-14.427148802514944,14.437819412173411,0.49045865237119546,2025-12-31 05:06:00,0.5102828866454523,9.390213290678684,49.01793939684789,0.4919669761919211,True,0.0015083238207256322,0.0057434952038804
397,2026-08-25 17:27:00,-4.192124640077788,9.889174167398984,53.4252297097751,0.4609632707177005,2026-04-10 06:09:00,4.184439143219976,6.477903094355142,83.45155560468234,0.4610454163939658,False,8.214567626529945e-05,8.376563783297764
398,2026-08-26 04:57:00,7.863045512208622,13.84379087707277,87.64591433720318,0.3969995374448624,2026-06-15 16:33:00,-7.88624549377781,10.748971325742485,62.20238091535598,0.39694684824264703,False,5.268920221535023e-05,15.749291005986432
399,2026-08-27 08:17:00,-1.407049752197853,-3.462794973321248,57.6713818490289,0.4193779330433621,2026-05-04 08:08:00,-1.4115904606881724,0.21720314032469545,33.02083328518067,0.4181674906367952,True,0.001210442406566925,0.00454070849031929
400,2026-08-28 05:18:00,1.7469251387969287,-1.3097934346617546,62.71428565157125,0.3841178223582334,2026-08-28 05:40:00,-1.7436696617811887,1.2645408572065087,63.4604105050775,0.3841178223582334,True,0.0,3.4905948005781173
401,2026-08-31 05:03:00,-14.560033047890109,-38.75519485125656,27.342192678311648,0.7679725181225832,2026-08-31 05:00:00,-15.04604472594484,-26.525288454074534,24.589184333902708,0.7679725181225832,True,0.0,0.4860116780547319
402,2026-09-01 06:00:00,-0.4726711660463234,6.41924421845852,89.96095921587711,0.3921241408116351,2025-10-16 06:36:00,0.4726737832450034,-9.79790811120318,26.885395277865683,0.3907135502483286,True,0.001410590563306502,0.9453449492913268
403,2026-09-02 06:04:00,2.2092586541888615,-3.904511453814985,28.479906790987002,0.48444495427388884,2026-04-24 06:10:00,2.2055367537721082,-3.6808647464092736,35.98976532052835,0.4868625022395689,True,0.002417547965680056,0.0037219004167532432
404,2026-09-02 15:21:00,-15.590331231211119,9.904476061297629,56.18906940068907,0.42894026938735086,2026-05-08 15:33:00,15.377909473959228,23.83997707286367,77.07448857279019,0.4265393658589552,True,0.0024009035283956703,30.968240705170345
405,2026-09-03 05:48:00,-2.6052551394317724,-3.4658236937745723,38.54692224625174,0.4211803642876497,2026-05-27 05:36:00,-2.5968001651299755,0.37742509499505417,71.46401972698473,0.4204586023070357,True,0.0007217619806140219,0.00845497430179698
406,2026-09-03 09:36:00,3.6621631855382475,6.6255041205876,55.212550568167906,0.31858659299019243,2026-06-03 09:05:00,-3.671602061022794,9.841537790720167,51.9389770715162,0.3193951129297428,True,0.0008085199395503895,7.3337652465610415
407,2026-09-04 12:43:00,-2.7084832605661635,-3.9614995954584398,48.19182384632964,0.2872741293598196,2026-09-04 12:36:00,2.7305862591076036,3.962075993513281,57.92966152548084,0.2872741293598196,True,0.0,5.439069519673767
408,2026-09-07 07:01:00,-4.904025273892998,0.11357609086992682,39.206534358359676,0.4907746593667355,2025-11-24 07:34:00,4.917860607072111,-5.776629583501558,31.91964282389391,0.4981463489308334,True,0.00737168956409795,9.821885880965109
409,2026-09-08 17:07:00,-2.000029545891069,2.182763219076289,50.80264398139047,0.41072673801162946,2025-09-30 16:31:00,-2.000399555559529,-4.149347139676962,33.76301433872922,0.40993232601343993,False,0.0007944119981895259,0.00037000966846001404
410,2026-09-09 13:01:00,-10.362422893894774,-7.563271205921485,23.466160637031507,0.35339649958180425,2026-06-03 13:05:00,10.409839659240028,23.39060166075546,67.85907853929362,0.36160618327216904,True,0.008209683690364789,20.7722625531348
411,2026-09-10 19:27:00,-0.045850159385851796,0.5960903351986957,60.784443798049224,0.5038881134350363,2025-12-31 08:07:00,-0.04618686976431974,-3.5782181166343907,15.835619111398714,0.5083752783631688,False,0.004487164928132503,0.0003367103784679415
412,2026-09-11 04:57:00,-3.142702978750078,-5.336801869498808,52.19747135877257,0.49928100092980937,2026-02-27 06:26:00,3.1432987474055984,7.871607901319688,79.48688169110662,0.5008031906588719,False,0.0015221897290625397,6.286001726155677
413,2026-09-11 15:20:00,1.6785581854761311,4.87329997470809,57.29636504810544,0.4079354983602002,2026-01-05 15:18:00,1.6755064727758118,-1.4938970908640048,39.769212401046765,0.40990041620270073,True,0.0019649178425005243,0.0030517127003193423
414,2026-09-15 05:52:00,2.088764856078562,2.828503431879792,51.05719773937379,0.43578852098808435,2026-05-15 05:34:00,2.103416533938418,0.17344417861719919,43.84203476480905,0.4352140710634414,True,0.0005744499246429502,0.014651677859855994
415,2026-09-16 06:36:00,-2.3103839049420927,-5.266117958732108,8.53658535613856,0.3963246675862182,2026-05-22 06:36:00,2.2994681374410852,1.768727787265778,66.83673459840024,0.39289153138800736,True,0.00343313619821084,4.609852042383178
416,2026-09-17 03:00:00,-5.875034963478409,-5.453947499317602,38.142292437355295,0.6290667772791653,2026-03-02 12:42:00,5.85788547388999,4.212906544092121,58.21899661942795,0.629895525485237,False,0.0008287482060717055,11.7329204373684
417,2026-09-17 06:20:00,-4.619277083137696,-0.2567385106611031,49.57152269650595,0.7184016265243444,2026-09-17 06:00:00,4.582699607547092,3.64711369526427,35.37540301726116,0.7184016265243444,True,0.0,9.201976690684788
418,2026-09-17 13:21:00,0.7427808088644738,-0.11604953458421718,44.48951990379521,0.5244022383475522,2026-09-17 13:38:00,-0.7412683796925723,8.277234012707968,64.07322647619827,0.5244022383475522,True,0.0,1.4840491885570462
419,2026-09-18 03:25:00,-4.040696239512309,0.6201685710061078,59.54653932973425,0.41030131770099015,2026-08-05 12:09:00,-4.032930800429435,-0.40824216925527956,63.42512901136352,0.41002386626650017,False,0.00027745143448998366,0.007765439082874082
