trade_idx,trade_dt,nn_1_dist,nn_5_dist,nn_10_dist,mean_nn_dist,std_nn_dist,min_nn_dist,is_isolated_outlier
0,2025-09-25 16:32:00,0.6375346082567769,0.7266053832323389,0.7532549081899796,0.70647966015004,0.04159030693325318,0.6375346082567769,False
1,2025-09-25 16:43:00,0.6491356344102654,0.852351570481648,0.9910357883263265,0.8398010926416761,0.11925466867190923,0.6491356344102654,False
2,2025-09-26 15:47:00,0.41968249014455905,0.5340204910484837,0.5622477140363131,0.5170397210350747,0.04252847627201584,0.41968249014455905,False
3,2025-09-29 05:46:00,0.4781704168875934,0.5377424640790559,0.6201822069307938,0.5535601041642939,0.04267963735439807,0.4781704168875934,False
4,2025-09-30 08:20:00,0.23247344152069244,0.4186128297724775,0.4420175185507477,0.3945387496096384,0.059267309367783884,0.23247344152069244,False
5,2025-09-30 08:25:00,0.27129258762455893,0.3691977780824936,0.4337794050316249,0.36688815844506006,0.045948272485942784,0.27129258762455893,False
6,2025-10-01 06:25:00,0.38966243880260726,0.4359778383313218,0.4631425722119177,0.4327382373406491,0.021899568686974093,0.38966243880260726,False
7,2025-10-01 08:28:00,0.29878611285201584,0.38671418587742457,0.3988717111132393,0.36996283586326567,0.032286979067535186,0.29878611285201584,False
8,2025-10-02 05:13:00,0.3916578472495397,0.49366413684390414,0.537375532961807,0.49726040068878313,0.042515060588189164,0.3916578472495397,False
9,2025-10-02 12:17:00,0.42711139650170016,0.4795827563599716,0.49203251178878593,0.4730080980358535,0.020706017218174926,0.42711139650170016,False
10,2025-10-02 12:23:00,0.29805216568114795,0.4230775145604043,0.43728321760169164,0.4022596714149637,0.043667842125376936,0.29805216568114795,False
11,2025-10-02 13:13:00,0.36954279201203843,0.454770653532058,0.4913825755546243,0.4527314585410642,0.03674910672842545,0.36954279201203843,False
12,2025-10-03 07:17:00,0.20322902930539677,0.29838395275045604,0.3535481464120268,0.29741022046533283,0.049020139295564896,0.20322902930539677,False
13,2025-10-03 15:18:00,0.2730706862046606,0.3485222501262031,0.3720520853302853,0.34126068527129555,0.03367965393213574,0.2730706862046606,False
14,2025-10-06 09:14:00,0.3579841629883326,0.4420297044929863,0.47260281100965457,0.43097781077749026,0.04083142022646538,0.3579841629883326,False
15,2025-10-06 11:10:00,0.45717413767452186,0.5926281649666829,0.6257416512902482,0.5819715047525892,0.04815875449507332,0.45717413767452186,False
16,2025-10-07 05:47:00,0.23618940452276538,0.3704877148712672,0.3922769848748716,0.3521343946475979,0.04468309409248009,0.23618940452276538,False
17,2025-10-07 05:53:00,0.17979704066564742,0.3312910940779034,0.3822477033078884,0.316867034606754,0.0601057705434502,0.17979704066564742,False
18,2025-10-07 06:17:00,0.36552249848544904,0.41631970965144505,0.4767097264949872,0.42726841805750604,0.036738506005795785,0.36552249848544904,False
19,2025-10-08 09:19:00,0.4896648572906506,0.6036410274930092,0.6405540377046931,0.5949604863727285,0.04520963378402966,0.4896648572906506,False
20,2025-10-08 09:36:00,0.266729854031781,0.534068716136743,0.5956945402647541,0.5105246995724958,0.09418095618384345,0.266729854031781,False
21,2025-10-08 09:42:00,0.3232013732963702,0.40403820086061587,0.4392123255021828,0.3919742000515066,0.04622593964205783,0.3232013732963702,False
22,2025-10-09 11:04:00,0.39832380491067076,0.4238354435749241,0.4373651285107657,0.4208511093531454,0.014377616323372804,0.39832380491067076,False
23,2025-10-09 11:19:00,0.3983211820752866,0.48336164168087326,0.4984424520915502,0.4604637213997341,0.04123062042753816,0.3983211820752866,False
24,2025-10-09 11:42:00,0.3012102170862055,0.37803502084610824,0.4351986519725659,0.39201900583555405,0.041941937327328475,0.3012102170862055,False
25,2025-10-10 16:29:00,0.36040825255955383,0.40510684475931374,0.46455273188992025,0.413823056773686,0.03628435923691631,0.36040825255955383,False
26,2025-10-13 12:38:00,0.2640409841434137,0.4923502570306689,0.5315683394875348,0.4459557021844402,0.09156450176233652,0.2640409841434137,False
27,2025-10-14 07:42:00,0.3770640438356923,0.4494866019873716,0.5035078645881584,0.45640738279602344,0.04012430303755323,0.3770640438356923,False
28,2025-10-14 07:52:00,0.4056762398691127,0.529348017556176,0.5712943714088912,0.515953249170472,0.0469758176640357,0.4056762398691127,False
29,2025-10-15 06:35:00,0.2501036575284966,0.3686991861020613,0.4015606542549294,0.3566707578528726,0.05544632557859183,0.2501036575284966,False
30,2025-10-16 10:15:00,0.4339213524095957,0.4707701927310675,0.5496003620342702,0.49567920930720166,0.04705291675430814,0.4339213524095957,False
31,2025-10-16 10:23:00,0.4074484626654807,0.5122663995580887,0.5760667206668004,0.5031213795354841,0.06058647127133699,0.4074484626654807,False
32,2025-10-16 10:29:00,0.39002910216427156,0.4660107127702843,0.5338150165297832,0.4824078606079289,0.04291911320259895,0.39002910216427156,False
33,2025-10-17 10:15:00,0.4680801341692808,0.6817336556308251,0.7442566722517553,0.6474184959191422,0.09255437434984008,0.4680801341692808,False
34,2025-10-17 12:37:00,0.5138671334273657,0.9845370799972238,1.0035872634252123,0.8975435616644443,0.15560382070531695,0.5138671334273657,False
35,2025-10-20 08:47:00,0.43340355192978924,0.6617339124247731,0.721966521330039,0.6499705104879203,0.08758730116789004,0.43340355192978924,False
36,2025-10-21 07:23:00,0.37103608373301705,0.4693672888172447,0.5202630529026412,0.47383616455507677,0.04307657953189813,0.37103608373301705,False
37,2025-10-21 07:42:00,0.41188937746963183,0.5616826660721848,0.6238305549085144,0.5521056817242851,0.07108719838730335,0.41188937746963183,False
38,2025-10-21 10:56:00,0.9493939697803319,1.1389572967866801,1.300376405519668,1.1499416602851635,0.1267029632310967,0.9493939697803319,False
39,2025-10-22 07:02:00,0.9235562570283466,1.1055701781092384,1.1757024963282467,1.1028571244084149,0.08155806610522885,0.9235562570283466,False
40,2025-10-23 05:30:00,0.5397815274128791,0.7559601474766047,0.8284816653161887,0.7401727895670122,0.08425802014121216,0.5397815274128791,False
41,2025-10-24 16:34:00,0.963436278886072,1.5261810162112281,1.744581314060743,1.5283925814027437,0.2120354036922081,0.963436278886072,False
42,2025-10-27 06:13:00,0.4463214339396706,0.5120278884930081,0.5321854178526826,0.5011522246119868,0.030621500267743247,0.4463214339396706,False
43,2025-10-28 10:52:00,0.39835738780829943,0.5772727316989912,0.6339036779803271,0.5634607363938688,0.07433447783451419,0.39835738780829943,False
44,2025-10-30 07:44:00,1.027446877904759,1.418550171109521,1.6037892501931776,1.4062724569377008,0.1615395559822213,1.027446877904759,False
45,2025-11-03 16:38:00,0.38255959607327444,0.5126592730148841,0.5878155584196197,0.5090632435579591,0.06357268538264706,0.38255959607327444,False
46,2025-11-04 08:09:00,0.33594456934891215,0.4969170467719907,0.5446948326896145,0.48952779986379025,0.05818476123108107,0.33594456934891215,False
47,2025-11-05 07:55:00,0.3934904691211459,0.5451642465978325,0.5596957702669338,0.5202586207911525,0.0522239031169625,0.3934904691211459,False
48,2025-11-06 10:42:00,0.5099789630274059,0.5968613452479652,0.6453062682545523,0.5891248922076768,0.05256627604101981,0.5099789630274059,False
49,2025-11-07 09:18:00,0.24291214301212455,0.3305823936058489,0.3478293829261458,0.3152939871781234,0.03826625197353092,0.24291214301212455,False
50,2025-11-10 08:42:00,0.3327850273879723,0.48719793126175515,0.521859200697351,0.4706780884461157,0.058265736451866584,0.3327850273879723,False
51,2025-11-10 09:00:00,0.4500560210972996,0.5849376930506974,0.5993144785239639,0.5650350489165171,0.04741779192798063,0.4500560210972996,False
52,2025-11-10 09:22:00,0.29737970805684144,0.4608640803174276,0.4779120962458391,0.42751097085089695,0.06304159950292679,0.29737970805684144,False
53,2025-11-12 08:19:00,0.3041191291641569,0.37860584180556756,0.41074162449068474,0.3598924443152153,0.040559815153595725,0.3041191291641569,False
54,2025-11-14 09:12:00,0.3741710227886625,0.4924933976213932,0.5167393754366791,0.47177143804057475,0.04918297567262165,0.3741710227886625,False
55,2025-11-17 07:17:00,0.4097406323241623,0.48548914281233707,0.5300486486965231,0.48565992129628954,0.04276965501178692,0.4097406323241623,False
56,2025-11-18 06:48:00,0.5482019180460423,0.6269851126752934,0.712063781015389,0.6288174026766067,0.05372972676476308,0.5482019180460423,False
57,2025-11-19 10:12:00,0.31495888219868046,0.4069390406568238,0.48139238261823997,0.41662060715413496,0.048758031427962,0.31495888219868046,False
58,2025-11-20 06:09:00,0.5957636848916137,1.020291491508955,1.0505357452253778,0.9513542243524021,0.1439143514421063,0.5957636848916137,False
59,2025-11-21 11:14:00,0.4233353900461466,0.5281955713043539,0.5654374814183283,0.5131138378699156,0.043709783381972775,0.4233353900461466,False
60,2025-11-24 11:01:00,0.5993992953328829,0.7667086336088168,0.8195700760010641,0.7490768206136046,0.06773644906611423,0.5993992953328829,False
61,2025-11-26 07:36:00,0.24900883207548483,0.33582989074489694,0.3695587522218741,0.33127481000352926,0.03715265814819596,0.24900883207548483,False
62,2025-11-27 06:09:00,0.3415276128877992,0.4473477837656309,0.4840074311846594,0.42316250598436805,0.04890253710849119,0.3415276128877992,False
63,2025-11-27 09:02:00,0.389844516236524,0.3993153115412041,0.44624922294502467,0.41606203242385964,0.022820428805087833,0.389844516236524,False
64,2025-12-01 10:14:00,0.2887039050084872,0.37234804936278504,0.40024387641265424,0.35795383154685484,0.041224848115403286,0.2887039050084872,False
65,2025-12-02 09:32:00,0.6015778867949997,0.800489883478133,0.9186034013519181,0.8053912632679643,0.09786703225433065,0.6015778867949997,False
66,2025-12-03 07:33:00,0.36218583966913775,0.42679358197644146,0.4627162115828637,0.417845912001237,0.03316791854176865,0.36218583966913775,False
67,2025-12-04 11:18:00,0.34098424848105047,0.37042652375490615,0.46360312436557183,0.398926311992844,0.04178886759996914,0.34098424848105047,False
68,2025-12-05 13:06:00,0.24820366815903477,0.34690264095207185,0.3722648257571885,0.3374336338947918,0.03469434714285615,0.24820366815903477,False
69,2025-12-08 14:57:00,0.3950222356145005,0.44520884768144325,0.5054972100207518,0.45702002824898075,0.03998161461212434,0.3950222356145005,False
70,2025-12-09 08:35:00,0.3846633284360349,0.4284253705846375,0.48527052629625445,0.443391230767165,0.03302216482777953,0.3846633284360349,False
71,2025-12-09 18:33:00,0.31628130431421436,0.6097543963411975,0.7424849905999316,0.6116821327946248,0.1247851444521978,0.31628130431421436,False
72,2025-12-10 10:33:00,0.20051294246917278,0.3893382266510067,0.4089019003436034,0.3687248432190069,0.060459020568644564,0.20051294246917278,False
73,2025-12-10 12:17:00,0.49443813782032653,0.5613176240080575,0.5927180657416183,0.5567786498695267,0.03305287906505004,0.49443813782032653,False
74,2025-12-10 14:17:00,0.21784523831577005,0.28914464543997664,0.3104839465846507,0.28459777374229933,0.029653873594687036,0.21784523831577005,False
75,2025-12-10 14:31:00,0.2533186682402906,0.339277557313288,0.38172194590903874,0.3363527592710739,0.04329490254742392,0.2533186682402906,False
76,2025-12-11 07:32:00,0.3613299160097743,0.3727532706387496,0.41228966573124404,0.386335215736705,0.019931226222676176,0.3613299160097743,False
77,2025-12-11 11:09:00,0.27892310854846114,0.3974024053883175,0.4131019643250156,0.3727405415176967,0.04537559243032539,0.27892310854846114,False
78,2025-12-12 09:25:00,0.23972200912724037,0.3021893002622463,0.3462391107371984,0.3060159604531749,0.03709945493995505,0.23972200912724037,False
79,2025-12-15 10:29:00,0.24287179110689985,0.30389528159712226,0.32701641929168307,0.2980245529925812,0.02288243671120165,0.24287179110689985,False
80,2025-12-15 13:00:00,0.35569362512142766,0.45005126563006354,0.4896781660694309,0.4445161986113774,0.0438771289504158,0.35569362512142766,False
81,2025-12-16 06:41:00,0.386905905400939,0.4688170896650175,0.5119987031555918,0.46419605390120805,0.03737026911254514,0.386905905400939,False
82,2025-12-17 06:21:00,0.3449336418313415,0.3750925990881427,0.4013023525984822,0.37676354385491895,0.019907521514556378,0.3449336418313415,False
83,2025-12-17 07:38:00,0.454010449927755,0.49909560886416876,0.6034930985659652,0.5207378145454089,0.048950913989932836,0.454010449927755,False
84,2025-12-18 06:05:00,0.31418366996852065,0.3632336183817634,0.403675668089106,0.36856704840959403,0.02802518257177387,0.31418366996852065,False
85,2025-12-18 08:02:00,0.4272920945408706,0.5118124163501182,0.5357576499279225,0.49683143119805295,0.03461515018985023,0.4272920945408706,False
86,2025-12-19 08:43:00,0.23524026180054186,0.3563328126599773,0.4126652962254914,0.34611080032912606,0.051513053581647046,0.23524026180054186,False
87,2025-12-19 12:42:00,0.24484186119390625,0.4788784524750915,0.5167254377246487,0.4534834317683706,0.07768438374293574,0.24484186119390625,False
88,2025-12-22 06:17:00,0.410138530122273,0.44771140599390924,0.5031261853864964,0.4589200135480628,0.029193409625847735,0.410138530122273,False
89,2025-12-22 10:07:00,0.5224035603494606,0.6718794915345822,0.7302588710702553,0.6519393758596731,0.07634168535589134,0.5224035603494606,False
90,2025-12-23 09:53:00,0.3102371091253929,0.4368619750206046,0.4742935179039709,0.4226377949194823,0.05224112057930393,0.3102371091253929,False
91,2025-12-23 15:38:00,0.2997780000472832,0.3160618894823109,0.3985193787193455,0.3376227854882348,0.03779359650772689,0.2997780000472832,False
92,2025-12-29 04:11:00,0.45039027004062115,0.6466155288343547,0.6743006873899426,0.6176967992844176,0.07696149368836348,0.45039027004062115,False
93,2025-12-30 05:20:00,0.5833725797922008,0.6662537901064026,0.7658635920750505,0.6793844542910585,0.05790807967194179,0.5833725797922008,False
94,2025-12-30 10:12:00,0.4071665410139975,0.5250476847876736,0.5518149271629721,0.5099807821384343,0.04902934657573798,0.4071665410139975,False
95,2026-01-02 07:31:00,0.3969907302376689,0.4663046055523721,0.4915142670201792,0.46111861981946267,0.029031759561852666,0.3969907302376689,False
96,2026-01-05 09:12:00,0.4432912017924543,0.5097311436696413,0.5457625927886519,0.5038596903361989,0.03791410018933896,0.4432912017924543,False
97,2026-01-06 06:52:00,0.2891153787830536,0.34908128988640513,0.3795247914293529,0.3475720914632604,0.024570652969491905,0.2891153787830536,False
98,2026-01-07 14:04:00,0.29009503511498724,0.3543894565780324,0.3888423057879771,0.34899256093290726,0.035982020748042826,0.29009503511498724,False
99,2026-01-08 07:05:00,0.3099197362716763,0.34011554656868326,0.4142661360868896,0.3619085776479406,0.0375859767576493,0.3099197362716763,False
100,2026-01-09 07:03:00,0.21825558560344566,0.31952149577653405,0.343954474236588,0.29961375280907354,0.05028802040613728,0.21825558560344566,False
101,2026-01-12 05:30:00,0.4181851548546777,0.5744673374463516,0.646657343686351,0.5637474818440593,0.07123650461874631,0.4181851548546777,False
102,2026-01-12 09:25:00,0.41560623739913266,0.5846133773115836,0.6273161317926974,0.5715850632120636,0.06833081609507523,0.41560623739913266,False
103,2026-01-12 12:11:00,0.29721610068097415,0.5250099256914157,0.5554198455181278,0.49683788668630974,0.07992037363566987,0.29721610068097415,False
104,2026-01-13 10:44:00,0.3075419886389003,0.46128561225261155,0.5046366468607426,0.4507309824983035,0.05477327203406265,0.3075419886389003,False
105,2026-01-14 04:29:00,0.34434010093583234,0.4745304550595069,0.5142691349235226,0.45962504534384474,0.0505846673086649,0.34434010093583234,False
106,2026-01-15 07:19:00,0.3842628170173753,0.4393255062105374,0.48361080453738153,0.443454874667391,0.03533967140441592,0.3842628170173753,False
107,2026-01-16 07:03:00,0.37108161122925903,0.437545021727177,0.46780403904369666,0.4295646912463035,0.03228785475514686,0.37108161122925903,False
108,2026-01-16 12:48:00,0.3334423544617421,0.39177196672311654,0.43910179838344726,0.39675652456382904,0.03238881960888274,0.3334423544617421,False
109,2026-01-20 07:00:00,0.32703273753532036,0.3783982195501782,0.44505493234417626,0.3928681938168212,0.03932165509963532,0.32703273753532036,False
110,2026-01-22 07:25:00,0.492553357970185,0.6749725765161093,0.7686800734988862,0.6790568577409338,0.09180108777469247,0.492553357970185,False
111,2026-01-23 07:00:00,0.4176102153188315,0.4866235396799297,0.5339963319996403,0.49381489170116444,0.032991212780955424,0.4176102153188315,False
112,2026-01-26 09:00:00,0.6400620750983573,0.7000679310615284,0.724554888225971,0.6942265100394744,0.031972233193531485,0.6400620750983573,False
113,2026-01-28 07:01:00,0.5704530582034262,0.6661838884843942,0.7166159745949832,0.6614179680988321,0.04580824377257876,0.5704530582034262,False
114,2026-01-30 04:37:00,1.8787602341477545,2.2712866870768367,2.351212541486106,2.2095532229508215,0.142156845338708,1.8787602341477545,False
115,2026-02-02 20:25:00,2.637799289318,3.6176884904226383,4.042539016856961,3.6388699026942293,0.40826577119618856,2.637799289318,False
116,2026-02-03 12:00:00,1.181547107268593,1.678337837342209,2.08661134785706,1.6973499325773473,0.29675778685771587,1.181547107268593,False
117,2026-02-04 17:42:00,2.136720906919135,2.784628251366822,3.0659261191974383,2.725858157058835,0.308751058314184,2.136720906919135,False
118,2026-02-05 15:27:00,1.6871289431163574,3.249166752552651,3.425609212190977,3.0558165084033604,0.49155788808693984,1.6871289431163574,False
119,2026-02-06 05:30:00,1.9666853924218046,3.271867246379008,3.4387515003755387,3.0669198025620243,0.4725228570002527,1.9666853924218046,False
120,2026-02-06 07:16:00,0.9701830016265551,1.1421495914533348,1.2553430747014043,1.1368624581883708,0.08581577609406833,0.9701830016265551,False
121,2026-02-06 13:34:00,1.0443146075867744,1.2140330833920967,1.3940328801445312,1.2356894052707155,0.09883644672026179,1.0443146075867744,False
122,2026-02-09 10:04:00,0.4733563218569442,0.6046303006784363,0.6249241867837578,0.5802160286936949,0.046401055570440934,0.4733563218569442,False
123,2026-02-11 15:40:00,0.599756510117622,0.7621096200787417,0.8477085264856794,0.7521529260295223,0.07081720998631494,0.599756510117622,False
124,2026-02-12 05:06:00,0.6422096104154036,0.7894354115657177,0.8287909695107688,0.7750038061361053,0.05435071371329124,0.6422096104154036,False
125,2026-02-12 09:04:00,0.517645693118711,0.702130336614044,0.7791116020490934,0.6975182030268023,0.0810258196536032,0.517645693118711,False
126,2026-02-12 11:12:00,0.3467716004175621,0.5239212357168133,0.5529510341192974,0.5076345755794499,0.055329778506508304,0.3467716004175621,False
127,2026-02-13 07:18:00,0.7627510974803675,0.9296983436491197,1.0664492967496475,0.940912546264898,0.09155032321164837,0.7627510974803675,False
128,2026-02-13 11:12:00,0.4166744011160758,0.5643207736154411,0.5900256326604933,0.5461265718610983,0.049000736031506155,0.4166744011160758,False
129,2026-02-17 10:21:00,0.7495435993146488,0.912692234539098,0.9818407616313343,0.892969960346066,0.07162609881525517,0.7495435993146488,False
130,2026-02-18 03:30:00,0.5167253453109236,0.5862423259352164,0.6492046706956099,0.5841824290874957,0.04739396384588151,0.5167253453109236,False
131,2026-02-19 20:18:00,0.36396724488917037,0.551506601518719,0.5765885639985109,0.5210559574368785,0.06398988958677701,0.36396724488917037,False
132,2026-02-20 03:54:00,0.386586579029361,0.48536622937393487,0.5157535920478165,0.481525196331955,0.03906170628509759,0.386586579029361,False
133,2026-02-23 07:30:00,0.39887332416746274,0.4849760999926114,0.5773326196978352,0.49587878426427945,0.059329672490616485,0.39887332416746274,False
134,2026-02-23 09:21:00,0.3654679610143224,0.4861848289989414,0.5317398048001026,0.4784101554038708,0.04350170800987368,0.3654679610143224,False
135,2026-02-23 13:02:00,0.3498003977889477,0.4382783241273834,0.5106446651926702,0.447758008157062,0.04598079324434459,0.3498003977889477,False
136,2026-02-24 08:04:00,0.3895206909325739,0.47995951423625594,0.5305418134730004,0.4702593243978244,0.04041468606256271,0.3895206909325739,False
137,2026-02-24 13:11:00,0.23540640846706976,0.35555774327450285,0.3812402119058151,0.34773276748801824,0.04026223324988701,0.23540640846706976,False
138,2026-02-24 13:21:00,0.2863096715662753,0.44279833428846954,0.4756505035267615,0.4279192507099602,0.05852654366591981,0.2863096715662753,False
139,2026-02-25 05:59:00,0.33498764225420796,0.4773869458758363,0.5416517429663961,0.4665888785992841,0.0757745924822952,0.33498764225420796,False
140,2026-02-25 09:35:00,0.38597227814970225,0.4308191191180123,0.4737783101929579,0.42698094853665725,0.028290653958410187,0.38597227814970225,False
141,2026-02-25 10:03:00,0.3185139445589221,0.4853931444301492,0.5163880104319549,0.4586641569071627,0.0711661834793857,0.3185139445589221,False
142,2026-02-25 14:23:00,0.5309687876358395,0.5604912950890668,0.6095622844923693,0.5716113375842398,0.02822279951716836,0.5309687876358395,False
143,2026-02-26 06:05:00,0.4745990852524556,0.5262324148470776,0.5562546118550448,0.5266981682768566,0.023245187898817795,0.4745990852524556,False
144,2026-02-26 09:31:00,0.30185952804581523,0.33970300428140365,0.3736417381456769,0.3445850476587082,0.02357658499520273,0.30185952804581523,False
145,2026-02-26 11:27:00,0.4994861823030246,0.6089121342294137,0.6821912815683837,0.6233808689047458,0.057883508381916,0.4994861823030246,False
146,2026-02-26 13:59:00,0.4343754794783033,0.4799091049995706,0.5374564053617231,0.48476646318097094,0.03933724021232504,0.4343754794783033,False
147,2026-02-27 04:54:00,0.3514582241148504,0.594028771948624,0.6194688528814871,0.5542882250746249,0.08012127479074228,0.3514582241148504,False
148,2026-02-27 07:56:00,0.32961881458824144,0.44770863411938017,0.5153923500431101,0.4427038983523907,0.05354213636935293,0.32961881458824144,False
149,2026-02-27 10:46:00,0.3491450795312438,0.5670816129082614,0.5830855242364392,0.5355949490100687,0.0679850501833022,0.3491450795312438,False
150,2026-02-27 15:00:00,0.33652286960310385,0.44232540685016536,0.5040091654387961,0.44226243717678965,0.05470243857972265,0.33652286960310385,False
151,2026-02-27 15:18:00,0.2842442725425726,0.37147285784110934,0.4095923482128041,0.3691091758376139,0.037546896830064964,0.2842442725425726,False
152,2026-02-27 15:27:00,0.21665219640033512,0.3133982910037844,0.3836122348536602,0.3095624494429837,0.04970289376428733,0.21665219640033512,False
153,2026-03-02 07:32:00,0.42406205915156114,0.4725490280984307,0.5461144840012592,0.4830527447228067,0.035124280132996406,0.42406205915156114,False
154,2026-03-02 08:37:00,0.2963400933339996,0.4827303152806394,0.5445878232810801,0.46575259212019765,0.08429383408344009,0.2963400933339996,False
155,2026-03-02 12:46:00,0.45460736433803195,0.5326489315023557,0.5989607334208077,0.5356400256620291,0.047773837347577,0.45460736433803195,False
156,2026-03-03 05:57:00,0.49869043546248876,0.5256453264663097,0.5852145242287682,0.5426190691453171,0.03255101526746388,0.49869043546248876,False
157,2026-03-03 10:45:00,0.38590727711364803,0.5452091044473553,0.5809896460450558,0.5339638727731751,0.05329523549175465,0.38590727711364803,False
158,2026-03-03 14:46:00,3.880119921036625,5.025370332894273,5.603419228909734,4.897215970620926,0.5368748865833882,3.880119921036625,True
159,2026-03-04 07:45:00,0.6904356602478733,1.0278084738773903,1.0840459532305216,0.9899475336134607,0.11193707006856742,0.6904356602478733,False
160,2026-03-04 11:12:00,0.6855586449698392,0.8588944417764357,0.9558806061512481,0.8640131498650584,0.08584652024843424,0.6855586449698392,False
161,2026-03-05 07:02:00,0.36179388028124304,0.4511040028671011,0.474459789379129,0.44260963325916425,0.03131955802217476,0.36179388028124304,False
162,2026-03-05 19:20:00,0.5781879697321807,0.7125991946771386,0.7722685407436811,0.6971017891076927,0.05841337904724831,0.5781879697321807,False
163,2026-03-06 05:23:00,0.6323703155878236,0.9066710222415526,0.9569928377586804,0.8819635887026805,0.09275508141246071,0.6323703155878236,False
164,2026-03-06 08:19:00,0.3869174292101657,0.5582672599417415,0.6332610335687421,0.5631472705363192,0.06679985109095737,0.3869174292101657,False
165,2026-03-09 07:09:00,0.6234798955611262,0.6883495205832445,0.7675887744883299,0.6957366377398483,0.053633721694908265,0.6234798955611262,False
166,2026-03-09 08:55:00,1.5683986867885897,1.8734438505088757,2.0970939799800896,1.8995107468045134,0.1514630414240446,1.5683986867885897,False
167,2026-03-09 12:32:00,0.5369335272085172,1.0353485308419614,1.121903365829062,0.9618049012671837,0.18461817038588108,0.5369335272085172,False
168,2026-03-10 07:45:00,0.30593634740467746,0.37255211048600273,0.41723637664075947,0.369003233433459,0.03362311421433718,0.30593634740467746,False
169,2026-03-10 08:43:00,0.3261837675169902,0.36127916144846534,0.42771887133222475,0.38081090298210307,0.03592447920789582,0.3261837675169902,False
170,2026-03-10 09:14:00,0.39277902018681593,0.48912447678598525,0.5294324141984807,0.483042370669901,0.04439109672633503,0.39277902018681593,False
171,2026-03-11 08:08:00,0.36694834844006874,0.4249148661005866,0.4830470326469346,0.431163474611117,0.04290250254015855,0.36694834844006874,False
172,2026-03-11 10:39:00,0.3801388747210336,0.4276035299244694,0.4660155595282062,0.42922532442255534,0.027074321856360703,0.3801388747210336,False
173,2026-03-12 07:41:00,0.35096242177364845,0.43991596152362983,0.4602442882088647,0.4277286837611373,0.0361994396990925,0.35096242177364845,False
174,2026-03-12 09:02:00,0.331521008284123,0.375803591422967,0.4192919905944719,0.3792949303093562,0.02569862819650956,0.331521008284123,False
175,2026-03-12 11:51:00,0.3435583143654068,0.47252661691205644,0.499247763783515,0.4443247661080516,0.054484949382841874,0.3435583143654068,False
176,2026-03-12 11:54:00,0.28284019881215505,0.34222240966536516,0.3725872921139819,0.33557574786692046,0.027063041414294366,0.28284019881215505,False
177,2026-03-12 16:26:00,0.5064228536635139,0.6033069212943952,0.6566208313651414,0.6021074100106214,0.04323605440335807,0.5064228536635139,False
178,2026-03-13 06:37:00,0.3638286905838226,0.44929594348978624,0.4788042395776676,0.44264057320734185,0.035283803070489825,0.3638286905838226,False
179,2026-03-13 11:14:00,0.6204106896667939,0.693464853661282,0.776429317768529,0.7011532411179806,0.044710366852708766,0.6204106896667939,False
180,2026-03-13 11:36:00,0.761028343356039,0.8200995677396784,0.8389561635842008,0.8119526926539526,0.025390934325210578,0.761028343356039,False
181,2026-03-16 05:46:00,0.5468003834748819,0.6442456550663396,0.6882614394625848,0.6391880947968817,0.0467472795517803,0.5468003834748819,False
182,2026-03-16 09:07:00,0.4433167954538464,0.5147787204268334,0.5625342218831555,0.518125497436262,0.041887134922664215,0.4433167954538464,False
183,2026-03-16 12:10:00,0.34228616296807757,0.6468978532312223,0.7215418203938353,0.6226035698686756,0.10232481747767115,0.34228616296807757,False
184,2026-03-16 12:42:00,0.3930327001232597,0.48955717761121803,0.531912640258707,0.48089475483654864,0.04853679648520243,0.3930327001232597,False
185,2026-03-17 09:20:00,0.6973890238980041,0.7599854101218659,0.8268202259466652,0.7651934278851555,0.049532482251088236,0.6973890238980041,False
186,2026-03-17 14:10:00,0.32253591932903825,0.41984737576313014,0.47922414338487873,0.42658146579875195,0.042944957366979696,0.32253591932903825,False
187,2026-03-18 10:31:00,0.26931567868018513,0.2999107910844399,0.3233003732907277,0.3013985619793488,0.016838275750490888,0.26931567868018513,False
188,2026-03-18 14:30:00,0.7563639865463427,1.2384728659438273,1.366097189997056,1.227146686646911,0.1674889341852981,0.7563639865463427,False
189,2026-03-23 06:13:00,1.6901389037311958,2.3476940304378924,2.582742593501525,2.2770989534011385,0.31758124816610156,1.6901389037311958,False
190,2026-03-23 08:06:00,1.2661558480997044,1.5634529798222856,1.660324868952015,1.5105402664963348,0.14476252579985344,1.2661558480997044,False
191,2026-03-23 14:23:00,4.106494184262588,8.615900762521258,9.899175628242789,8.321449527248648,1.7242019801534059,4.106494184262588,True
192,2026-03-24 09:47:00,1.4438563754853504,1.5608650994905293,1.6059803043397471,1.548842255414815,0.05138527724399232,1.4438563754853504,False
193,2026-03-24 10:52:00,1.3659046750376485,2.0366135699506347,2.2452276773931135,1.9293487440949426,0.3344012083329175,1.3659046750376485,False
194,2026-03-24 13:58:00,0.9822224195471748,1.1893852154586668,1.3741189057258787,1.200305399959777,0.10623970742744632,0.9822224195471748,False
195,2026-03-24 14:11:00,1.0462238728165105,1.5377967742876548,1.5922785428683108,1.4729151302286763,0.1642690621904344,1.0462238728165105,False
196,2026-03-25 06:35:00,0.7767033837427167,0.85425062481549,0.9454593440922467,0.8749609492693236,0.05557452127814947,0.7767033837427167,False
197,2026-03-25 09:00:00,0.685100632348013,0.8499055571659317,0.936947352769983,0.8533389848529179,0.07069542230095108,0.685100632348013,False
198,2026-03-25 09:38:00,0.6863147319817114,0.8096914676630566,0.9308838794854052,0.8414956107562185,0.07242136688750045,0.6863147319817114,False
199,2026-03-26 08:48:00,0.7221843897728578,1.5366835133547008,1.6303007905777398,1.4556143195708355,0.2554699842434703,0.7221843897728578,False
200,2026-03-26 11:49:00,0.9408606260919545,1.1125175992220484,1.311888067745032,1.1615211336430833,0.11885848751073264,0.9408606260919545,False
201,2026-03-27 08:43:00,1.1591353775531406,1.3104915022985255,1.571889024908414,1.3735439277839354,0.1350879202660143,1.1591353775531406,False
202,2026-03-27 15:23:00,0.9367011119496238,1.1050851378280198,1.143407390123714,1.0986747916230732,0.05687144279039587,0.9367011119496238,False
203,2026-03-30 07:30:00,0.5091265227076389,0.6325557056782111,0.7455765231573268,0.6447610570995128,0.06261234510056848,0.5091265227076389,False
204,2026-03-30 11:14:00,0.5467003599745002,0.6524378215067441,0.7796973294011165,0.6703461088173632,0.07678930063581055,0.5467003599745002,False
205,2026-03-30 11:52:00,0.5314307988544438,0.5931921944658488,0.6589301784554764,0.5929351761967009,0.04064634045286451,0.5314307988544438,False
206,2026-03-31 05:16:00,1.109140381474246,1.3507210815901538,1.4373438485117014,1.3370698353370787,0.08328010502780717,1.109140381474246,False
207,2026-03-31 12:00:00,0.4935279170039268,0.5867374650341526,0.6583193228417191,0.5982672790355237,0.046916772825770836,0.4935279170039268,False
208,2026-03-31 17:13:00,0.8782612955906126,1.1005017916478657,1.1838009629078192,1.0679332239940087,0.1195000069565582,0.8782612955906126,False
209,2026-04-01 04:08:00,0.9601029840094607,1.186085667013245,1.238294925415606,1.1636192689502043,0.08231991576446199,0.9601029840094607,False
210,2026-04-01 10:01:00,0.8310703488277914,1.008019059678002,1.0461531534296575,0.9596868811918583,0.0823134630703976,0.8310703488277914,False
211,2026-04-02 11:51:00,0.8538821360550427,1.0428757811638307,1.091651382607465,1.0268159474273695,0.06901177917551511,0.8538821360550427,False
212,2026-04-02 17:40:00,1.520171198227906,2.0372416623398193,2.164444654212028,2.013453463988643,0.17261902228136436,1.520171198227906,False
213,2026-04-02 18:05:00,1.3271547628778586,1.708942285788175,1.8006257707800009,1.689126144778665,0.13189073301363993,1.3271547628778586,False
214,2026-04-06 06:32:00,0.742905743760164,0.8342037073492052,0.8762356633461145,0.8207504716738491,0.0456752058933207,0.742905743760164,False
215,2026-04-06 10:38:00,0.7435359384669213,0.9582698153384984,1.0208144787481888,0.9357541028594506,0.0948306819250841,0.7435359384669213,False
216,2026-04-06 12:20:00,0.6242033323086162,0.7296903762844652,0.7485867443702932,0.7088932360085727,0.042783725271400216,0.6242033323086162,False
217,2026-04-07 06:04:00,0.4625539092842402,0.6046248677942321,0.730652093499048,0.6248612776165505,0.07966383321490987,0.4625539092842402,False
218,2026-04-07 08:02:00,0.4030679712290415,0.4751962774344951,0.5345765634926618,0.4774633663797084,0.04185237067562386,0.4030679712290415,False
219,2026-04-07 13:21:00,0.4669998695578674,0.7134206970353127,0.7853515816213403,0.6866907463124903,0.0981953266520339,0.4669998695578674,False
220,2026-04-08 05:51:00,0.7372288514037324,0.9876301506728021,1.0575534985571542,0.9641559840626825,0.0925242363440911,0.7372288514037324,False
221,2026-04-08 15:32:00,0.9827479008328108,1.2938178405483105,1.3516411719595078,1.2377200280442402,0.1281600639799058,0.9827479008328108,False
222,2026-04-09 05:36:00,0.5029988950490383,0.589456147517955,0.6476859665279362,0.5817150643945534,0.05545056535267468,0.5029988950490383,False
223,2026-04-09 06:07:00,0.44193009287816243,0.5959598565870926,0.6763556806536636,0.5694248101230698,0.07998542134159094,0.44193009287816243,False
224,2026-04-09 08:06:00,0.4361628182595396,0.5683084166903976,0.5956852222482225,0.550471319480635,0.04695602041927951,0.4361628182595396,False
225,2026-04-09 13:53:00,0.2550056053172851,0.3963903780978689,0.49127028180031596,0.4107945153386314,0.07299964984208335,0.2550056053172851,False
226,2026-04-10 05:14:00,0.4390164989261493,0.793904208225594,0.8358280349013706,0.770561813163778,0.11230310140797961,0.4390164989261493,False
227,2026-04-10 05:30:00,0.4567038681922159,0.6091680992072029,0.6855607184206272,0.6038473312260034,0.07078429039089541,0.4567038681922159,False
228,2026-04-10 11:42:00,0.27289945303452295,0.30980832236833084,0.3356354523319618,0.30959827687914093,0.02160871886488167,0.27289945303452295,False
229,2026-04-13 06:00:00,0.4985308093419184,0.5557771621059945,0.5934358720598646,0.5551401760062038,0.030269155233329657,0.4985308093419184,False
230,2026-04-13 08:14:00,0.5418391753823495,0.5813953067199713,0.6243919162075572,0.5831378634410832,0.02476833526230053,0.5418391753823495,False
231,2026-04-13 15:37:00,0.3258508532953922,0.445058481036509,0.535182017632786,0.44729552123032523,0.06499572310663002,0.3258508532953922,False
232,2026-04-14 06:44:00,0.38659603992921254,0.46550196422986073,0.48128131527572154,0.4541639619847305,0.0322194823110726,0.38659603992921254,False
233,2026-04-14 12:20:00,0.41641923428810484,0.45312263144806564,0.4829515190949814,0.4524941820095904,0.021683385121758915,0.41641923428810484,False
234,2026-04-14 17:38:00,0.8284624753608287,0.8895722467064271,0.9828217365742148,0.90129252066759,0.04602392781520319,0.8284624753608287,False
235,2026-04-15 06:13:00,0.47825064151867874,0.5431994588324742,0.6649861714058566,0.5655425144079762,0.06316872085272733,0.47825064151867874,False
236,2026-04-15 13:00:00,0.309078963438178,0.4220923121344189,0.45155592434564457,0.40287736586231393,0.04964846764581405,0.309078963438178,False
237,2026-04-16 06:43:00,0.26011293706345984,0.31091840926774017,0.3430267806857365,0.30401881004458087,0.031232867552498118,0.26011293706345984,False
238,2026-04-16 12:36:00,0.48272467773110195,0.5702079237236493,0.6129678466680539,0.5567052676785984,0.048522000498609365,0.48272467773110195,False
239,2026-04-17 05:14:00,0.5460413625086833,0.6211587561857674,0.6879097999446293,0.6196796880413691,0.05046443198110117,0.5460413625086833,False
240,2026-04-17 10:51:00,0.3951969334644636,0.46547807463342356,0.5246147452508765,0.46805578079337273,0.0430310492582768,0.3951969334644636,False
241,2026-04-20 05:41:00,0.3398683082941071,0.4527792618234116,0.523350666130672,0.4511178882111464,0.06683511274637921,0.3398683082941071,False
242,2026-04-20 15:25:00,0.6491167780198257,0.7759310385048621,0.8170655863247391,0.7587840381699634,0.05311633493122615,0.6491167780198257,False
243,2026-04-21 04:24:00,0.3288513158474484,0.44325512730979055,0.4888259589353819,0.4442400725946151,0.04468413357333529,0.3288513158474484,False
244,2026-04-21 07:42:00,0.2821935173049399,0.3420068871509294,0.38981752312553286,0.3436520166820466,0.0374621585109027,0.2821935173049399,False
245,2026-04-21 14:01:00,0.2096306940523922,0.37037669139521867,0.3859399959869595,0.3370550373903177,0.06052102453937557,0.2096306940523922,False
246,2026-04-22 05:22:00,0.4284679468183155,0.5533340031957139,0.6123050949707918,0.5513930874998525,0.058293028434951634,0.4284679468183155,False
247,2026-04-22 12:29:00,0.363003977120263,0.48753211205070746,0.5471998480192972,0.47799482112001224,0.05886635713636169,0.363003977120263,False
248,2026-04-23 05:30:00,0.8366535342367668,0.9309723673141473,0.9728411585337237,0.9216544560582998,0.050836890383901275,0.8366535342367668,False
249,2026-04-23 17:58:00,0.39792900628066363,0.5850022417517806,0.6120766656080622,0.5549879669416872,0.07359712323416424,0.39792900628066363,False
250,2026-04-24 08:25:00,0.30835274667125967,0.46645886452329305,0.5110926259780564,0.43967049181054607,0.05563011821277695,0.30835274667125967,False
251,2026-04-24 13:32:00,0.46427804597552896,0.5424221996353893,0.6052344435668167,0.5477170843784716,0.043142905543605725,0.46427804597552896,False
252,2026-04-27 03:37:00,0.33669010903806074,0.41802287314546,0.4521562287721907,0.4146073518098832,0.029854475649195033,0.33669010903806074,False
253,2026-04-27 08:51:00,0.3893472414261619,0.40780095348775697,0.4806106912315115,0.4259733469993866,0.031857665789215395,0.3893472414261619,False
254,2026-04-28 06:04:00,0.40010265287349317,0.4610080925689989,0.4805608821282335,0.45355937133483204,0.02337764527805288,0.40010265287349317,False
255,2026-04-28 16:35:00,0.5546614306569385,0.6368536405666194,0.6847217401365504,0.6316003380895137,0.04310234065980735,0.5546614306569385,False
256,2026-04-29 06:00:00,0.31067356972433446,0.37161351264947956,0.4034101575857143,0.37165381939242176,0.030437554873515828,0.31067356972433446,False
257,2026-04-29 10:38:00,0.2572404211531049,0.37958883396400134,0.4254560846099801,0.37059089631167536,0.04844645295686269,0.2572404211531049,False
258,2026-04-30 10:58:00,0.3428029307828523,0.505186109035892,0.5313523650762836,0.4798788597190887,0.06198066878834008,0.3428029307828523,False
259,2026-05-01 06:16:00,0.38996050323906334,0.4336179297131287,0.4646004940353642,0.4313312026002191,0.020825473798982894,0.38996050323906334,False
260,2026-05-04 05:18:00,0.36618044508492376,0.6491087523920688,0.7088401441975177,0.6375073363035699,0.09340838605309137,0.36618044508492376,False
261,2026-05-04 10:52:00,0.5513735092434752,0.6392896696642462,0.709843581643612,0.651080430250673,0.04914337909714005,0.5513735092434752,False
262,2026-05-04 17:24:00,0.5764074457987464,0.9030573820113788,0.9934017482217165,0.8579236357763735,0.12874892751034675,0.5764074457987464,False
263,2026-05-05 03:17:00,0.4185282225043862,0.49406978755877057,0.5258588735926587,0.49081855685001097,0.02894785647096103,0.4185282225043862,False
264,2026-05-05 10:41:00,0.37625820626680134,0.4613188766486967,0.4964770895818368,0.45250711075186534,0.03869464256090549,0.37625820626680134,False
265,2026-05-06 05:30:00,0.3086381116676579,0.5270883219242951,0.5854000560873784,0.5159484447356752,0.07530821778640617,0.3086381116676579,False
266,2026-05-06 09:41:00,0.4126338842647587,0.4903849064491618,0.5376738058849923,0.4810870166153832,0.05097743136702456,0.4126338842647587,False
267,2026-05-07 04:56:00,0.44392658903415905,0.5317242827262082,0.5915795632575491,0.5303096054382723,0.051468997890089366,0.44392658903415905,False
268,2026-05-07 16:37:00,0.41610488776015325,0.4942694258220183,0.5192994201102857,0.478899501011266,0.03851159539676286,0.41610488776015325,False
269,2026-05-08 06:30:00,0.331326757940772,0.5653633404096263,0.5951551314042969,0.540572030980826,0.07416596796014169,0.331326757940772,False
270,2026-05-11 04:03:00,0.6729768085221601,0.8911130741345418,0.9580638502339222,0.874913100439491,0.07916975348185795,0.6729768085221601,False
271,2026-05-11 12:38:00,0.31191599553193206,0.695701969247395,0.7874512945167801,0.6680369097763621,0.1304514485749981,0.31191599553193206,False
272,2026-05-12 02:30:00,0.3116549835588645,0.34965182644882564,0.37863133201125226,0.3505440525032176,0.018976527439506927,0.3116549835588645,False
273,2026-05-12 10:41:00,0.3015390101066114,0.40542912305426443,0.4292495605776943,0.3905379383070502,0.03997458984017828,0.3015390101066114,False
274,2026-05-13 05:32:00,0.39346314344135963,0.4795454838298192,0.5371236529468625,0.482494530672156,0.05051423993781741,0.39346314344135963,False
275,2026-05-13 10:32:00,0.3657986069493437,0.4010179095461674,0.4188509636242135,0.396742684529678,0.01841292546671406,0.3657986069493437,False
276,2026-05-13 13:16:00,0.39105294685456077,0.4799896231307346,0.5262236205479595,0.4749427854561218,0.03829356308685045,0.39105294685456077,False
277,2026-05-13 13:27:00,0.3929060686214801,0.4388076711255393,0.5145505402174935,0.45037664776101927,0.0396408333383784,0.3929060686214801,False
278,2026-05-14 04:37:00,0.4259677571028906,0.4979459203076051,0.5306917048901326,0.5004910412600113,0.02907837732270863,0.4259677571028906,False
279,2026-05-14 11:27:00,0.28163684587991067,0.3305045031343376,0.35832511511587045,0.33060943822804123,0.02339690119171153,0.28163684587991067,False
280,2026-05-15 03:52:00,1.0415974155244279,1.096463815006025,1.1522616074638405,1.0999793911016558,0.04147082900916113,1.0415974155244279,False
281,2026-05-15 11:15:00,0.5185891532255652,0.6611657588253042,0.7186317957788662,0.651792417784846,0.05854169201846764,0.5185891532255652,False
282,2026-05-18 06:44:00,0.9656489445269988,1.0274460290956413,1.105727537737117,1.0306942733191877,0.050068138523053626,0.9656489445269988,False
283,2026-05-18 13:08:00,0.47541499043067276,0.6325039290691222,0.674692900703016,0.6150095886514337,0.061561345041208734,0.47541499043067276,False
284,2026-05-18 14:35:00,0.6344288359062012,0.745076778409345,0.8187603144722896,0.7431582255870156,0.06045390825360498,0.6344288359062012,False
285,2026-05-19 03:40:00,0.6024521216344284,0.7311320294941674,0.7877322384433385,0.7196030367766543,0.05835153257884216,0.6024521216344284,False
286,2026-05-19 07:09:00,0.35976921352234464,0.4313034773287157,0.47365681368615414,0.43670754416150037,0.037712605173039364,0.35976921352234464,False
287,2026-05-20 06:00:00,0.7224115651209049,0.8024989825005147,0.8601044586902787,0.7982710159754534,0.0465920878740451,0.7224115651209049,False
288,2026-05-21 06:39:00,0.3337624824403536,0.390364734328741,0.4081225155432054,0.3835221605669559,0.022090299962118698,0.3337624824403536,False
289,2026-05-22 04:41:00,0.49449795414102515,0.5569565550130277,0.5888830107662474,0.5557442279529303,0.03295316642144496,0.49449795414102515,False
290,2026-05-22 05:36:00,0.28963574493421773,0.45514789626880225,0.4994306500402951,0.432752247866712,0.06197292965475493,0.28963574493421773,False
291,2026-05-22 12:30:00,0.43302043885911123,0.5548545584293237,0.5888575927319987,0.543623442350959,0.04532241296459827,0.43302043885911123,False
292,2026-05-25 06:09:00,0.2635170312118093,0.35462996369471544,0.38031257159325593,0.33809617408632986,0.04222427000764066,0.2635170312118093,False
293,2026-05-25 12:59:00,0.33006294155609806,0.3830131340479197,0.48591504257103285,0.41451935768584625,0.05772340683817722,0.33006294155609806,False
294,2026-05-26 05:40:00,0.2951172543212876,0.33046958897228573,0.3514665657603118,0.3298960357975861,0.017050984275567428,0.2951172543212876,False
295,2026-05-26 10:48:00,0.39525181130441284,0.6513167627151406,0.6774768369611774,0.6243510538885902,0.07980690849175023,0.39525181130441284,False
296,2026-05-26 12:35:00,0.39627738450853567,0.432154260827332,0.45397873597851696,0.4317661523749273,0.019818260486429224,0.39627738450853567,False
297,2026-05-27 06:21:00,0.3302088064478554,0.41770008587427476,0.4545052609670717,0.4202200366988042,0.035664012083594085,0.3302088064478554,False
298,2026-05-27 11:50:00,0.4283852393702974,0.49045847429396283,0.5083939803595021,0.47776510490981383,0.024052604287521023,0.4283852393702974,False
299,2026-05-28 04:11:00,0.303094603724431,0.4746931500024025,0.5004485804733723,0.44349118163449097,0.06596679696458559,0.303094603724431,False
300,2026-05-28 14:04:00,0.4879002742138851,0.9075191274131901,0.9411532382952719,0.8676470641221383,0.1297680487507167,0.4879002742138851,False
301,2026-05-28 17:45:00,1.211233924066136,1.6220525508557113,1.7588169468731767,1.5798712551092247,0.16913073537054082,1.211233924066136,False
302,2026-05-29 06:09:00,0.23481093868156352,0.3820020144439365,0.4164576030039254,0.3625070423187098,0.058541008765133296,0.23481093868156352,False
303,2026-05-29 18:01:00,1.0786940246036316,1.4634041352876437,1.579848269118193,1.4072523221904818,0.16341803538306138,1.0786940246036316,False
304,2026-06-01 08:07:00,0.24982210293427756,0.3406557684644383,0.403851748121958,0.3400817307418935,0.05164403049649144,0.24982210293427756,False
305,2026-06-01 13:40:00,0.180161331948358,0.42220707301676513,0.44616050980694566,0.3967275254747805,0.07511065077624408,0.180161331948358,False
306,2026-06-02 13:27:00,0.2352352197979639,0.3556579469495515,0.3972508621359765,0.34477890806954614,0.04624373075333409,0.2352352197979639,False
307,2026-06-03 04:31:00,0.5848132687201204,0.6745356142232165,0.7213835818693486,0.6769294364579324,0.04216407281151163,0.5848132687201204,False
308,2026-06-03 15:19:00,0.31388515177228055,0.39410794508238584,0.4348357841478452,0.390805247276524,0.035173824795249435,0.31388515177228055,False
309,2026-06-04 06:02:00,0.41124208989501204,0.5702461856205907,0.6022988960914556,0.5362400075370961,0.07487243657156206,0.41124208989501204,False
310,2026-06-04 07:05:00,0.30406544317259065,0.4281341015774262,0.4705476997086746,0.4141586937916436,0.04703186727737985,0.30406544317259065,False
311,2026-06-05 04:16:00,0.38659392646110824,0.42063252068810075,0.4448334690387623,0.4217608984951993,0.01891042696444625,0.38659392646110824,False
312,2026-06-05 11:55:00,0.3297567237339337,0.34862045419387355,0.3944366815404118,0.36466588275366385,0.02443638334278001,0.3297567237339337,False
313,2026-06-08 05:38:00,0.4908601454419437,0.6687632210191718,0.7204286209834586,0.6591302233106351,0.07006286217270735,0.4908601454419437,False
314,2026-06-08 15:18:00,0.5025046924372092,0.6188310872871575,0.6455285318418439,0.6092541060720617,0.04360737487399049,0.5025046924372092,False
315,2026-06-09 07:32:00,0.35943096040818373,0.4469100666289827,0.49296264032321846,0.4456391518080632,0.04026380796557582,0.35943096040818373,False
316,2026-06-10 05:02:00,0.7091274823971704,0.9433478312338776,0.9723823235189384,0.8969295604639484,0.08564682021262698,0.7091274823971704,False
317,2026-06-11 06:36:00,0.6879207385838793,0.863038728589967,0.9201425475707689,0.8548153436151036,0.06590988167843526,0.6879207385838793,False
318,2026-06-12 05:17:00,0.4362819914627712,0.619632512907733,0.6390895887686244,0.58705594674739,0.07075782015473749,0.4362819914627712,False
319,2026-06-12 14:23:00,0.5721075484805138,0.6563883958408913,0.7533587353641158,0.682014216086489,0.05649599248013872,0.5721075484805138,False
320,2026-06-15 05:44:00,0.4620189639365829,0.628220065666629,0.6530774839582425,0.612858378561481,0.05254765757243,0.4620189639365829,False
321,2026-06-15 13:30:00,0.35705884858095666,0.41282348224484383,0.4284561189068585,0.40595977749272033,0.02341398011303003,0.35705884858095666,False
322,2026-06-16 10:18:00,0.37937917619428535,0.46342648761909616,0.5119153032589404,0.4689978007024336,0.03659774003042057,0.37937917619428535,False
323,2026-06-16 12:06:00,0.32923151895652897,0.4821222596832753,0.5499659324276879,0.47014437448759977,0.07012159828654985,0.32923151895652897,False
324,2026-06-17 05:49:00,0.3912321473837954,0.4994106681126625,0.5572747838358426,0.49815808465287337,0.044597750992863366,0.3912321473837954,False
325,2026-06-18 15:09:00,0.5233867944591032,0.5751825101227095,0.6196767069271008,0.5740546363941971,0.025496343257253758,0.5233867944591032,False
326,2026-06-19 05:32:00,0.37719962683007335,0.5317246710566611,0.5913374086586719,0.521159295195824,0.05421364603080107,0.37719962683007335,False
327,2026-06-22 05:28:00,0.5423768416251574,0.6563754690413024,0.7517939524096747,0.6743367239398868,0.06240726748416949,0.5423768416251574,False
328,2026-06-23 03:39:00,0.2829375104149871,0.35773836739513276,0.38553709467252467,0.34583652761609834,0.036664108805388264,0.2829375104149871,False
329,2026-06-23 18:06:00,0.4423221155747803,0.603177571164483,0.6853206308230094,0.6025514429175879,0.0752705930977885,0.4423221155747803,False
330,2026-06-24 07:08:00,0.37720338791515445,0.448075701065519,0.5008527938922859,0.43638160174165375,0.04035332156008286,0.37720338791515445,False
331,2026-06-24 13:41:00,0.48599132957385716,0.5364053002315743,0.5899726808286949,0.5355766430427554,0.033022304887403035,0.48599132957385716,False
332,2026-06-25 04:19:00,1.0158941129126358,1.3142175281606112,1.4226544922712774,1.3024470969959137,0.11757054477479205,1.0158941129126358,False
333,2026-06-25 16:46:00,0.7709043145901904,1.0482733229265075,1.1297470667944318,0.9939330674938599,0.12373695768084755,0.7709043145901904,False
334,2026-06-26 11:36:00,0.4175289688609361,0.4484773174928483,0.4643147401812037,0.44466008975020027,0.01416814586009336,0.4175289688609361,False
335,2026-06-29 11:55:00,0.4008964106613766,0.4933348716319247,0.6119355297494979,0.5076976551932642,0.07647025003060699,0.4008964106613766,False
336,2026-06-30 04:15:00,0.7922640677654695,1.6330651953292692,1.8335490929682854,1.550797281793558,0.29034747650712606,0.7922640677654695,False
337,2026-07-01 14:01:00,0.4456541331134976,0.6736107994712978,0.7791707082575422,0.6531024965706697,0.11069250408506424,0.4456541331134976,False
338,2026-07-02 13:13:00,0.33368953153564057,0.3866103217066979,0.46801672709037084,0.406121830993203,0.046305985388995566,0.33368953153564057,False
339,2026-07-03 03:32:00,0.5277499185169342,0.5809933808085894,0.627947119625098,0.5790454679093242,0.03552016345046886,0.5277499185169342,False
340,2026-07-03 05:08:00,0.6201953260490283,0.684503225798524,0.7505017254721956,0.6824871317449681,0.042493859901136195,0.6201953260490283,False
341,2026-07-06 03:37:00,0.5270869357687389,0.6738784087731681,0.7199523852518204,0.6504043241624243,0.06298773297863478,0.5270869357687389,False
342,2026-07-07 05:30:00,0.5575987837805423,0.6568713765504572,0.7933396457190822,0.6961177732567658,0.09192386736741895,0.5575987837805423,False
343,2026-07-07 07:41:00,0.3164745343594005,0.5062971856483067,0.6054420856755349,0.499854705173429,0.10440550756780986,0.3164745343594005,False
344,2026-07-07 08:45:00,0.4550414631741574,0.5345409411967674,0.5931990917603295,0.5342511737794372,0.04423049736453316,0.4550414631741574,False
345,2026-07-08 05:08:00,0.6550137466652398,0.7624231516543366,0.9032623001060931,0.7911989234317659,0.0733659417986824,0.6550137466652398,False
346,2026-07-08 11:04:00,0.37185107840193393,0.43145115421945707,0.4948893018261099,0.4385226405949295,0.03805327866863785,0.37185107840193393,False
347,2026-07-09 04:39:00,0.33780978354857205,0.35233590053174896,0.4094450121734822,0.36987847197249,0.027456545442750554,0.33780978354857205,False
348,2026-07-09 07:15:00,0.3598800517412233,0.4355928986384876,0.4829300710740822,0.4384859616426261,0.0394686551435969,0.3598800517412233,False
349,2026-07-10 05:49:00,0.4102234969985815,0.4377756056020245,0.4971959375648895,0.4469244773167502,0.026958013257847767,0.4102234969985815,False
350,2026-07-13 05:16:00,0.5779710833876683,0.6243545228687644,0.6995779376617067,0.6413424068890331,0.04185378330676072,0.5779710833876683,False
351,2026-07-13 12:43:00,0.30286084563104276,0.3180700999659478,0.34936184129734527,0.32715806419012916,0.017246169150325143,0.30286084563104276,False
352,2026-07-14 04:51:00,0.49014164418935324,0.5476065486895729,0.5986766012921058,0.5487120310660623,0.0339117272268386,0.49014164418935324,False
353,2026-07-14 05:30:00,0.3922430156890557,0.6890701196259554,0.7465758737791145,0.646928008475226,0.10718335493439994,0.3922430156890557,False
354,2026-07-15 05:31:00,0.5982811309381401,0.6707338212572466,0.7274610827374803,0.6750207019201719,0.05163539119741088,0.5982811309381401,False
355,2026-07-15 12:13:00,0.28112219532206534,0.3533049830342999,0.4123862422119885,0.3536154191168703,0.03902192079108679,0.28112219532206534,False
356,2026-07-16 05:45:00,0.4336557695122838,0.6051881604497777,0.674640989677075,0.6033580612993588,0.06740211420750268,0.4336557695122838,False
357,2026-07-17 06:35:00,0.7491110124751037,1.0450818534049104,1.1128400443160276,0.993084533617482,0.10818441935237184,0.7491110124751037,False
358,2026-07-20 08:10:00,0.4388240050632161,0.5663834725014357,0.6238937575753047,0.5462173046071248,0.06110456694293614,0.4388240050632161,False
359,2026-07-20 14:51:00,0.49642677067764035,0.6293094231894817,0.6881123132649782,0.6174204686592747,0.04765628701412829,0.49642677067764035,False
360,2026-07-21 06:41:00,0.47955024981366257,0.5347854125787574,0.5684616182624137,0.530685620336107,0.03024738659500291,0.47955024981366257,False
361,2026-07-21 16:41:00,0.4782731813157149,0.513884475172141,0.5847279365826239,0.5326891754200356,0.0411275324305856,0.4782731813157149,False
362,2026-07-22 04:00:00,1.061843908799125,1.5137766530554275,1.8301609313128837,1.515615560012447,0.21130718144170269,1.061843908799125,False
363,2026-07-22 19:54:00,0.37863477388199573,0.4782395243856053,0.5179270222595522,0.4675094443257706,0.0409846596230471,0.37863477388199573,False
364,2026-07-23 04:48:00,0.37918302286047345,0.7388645480665574,0.8174715024985694,0.6952726946486567,0.12593132863749723,0.37918302286047345,False
365,2026-07-23 09:20:00,0.40125967538700436,0.436838100558926,0.47004394978784675,0.44302421229556377,0.01943031625760242,0.40125967538700436,False
366,2026-07-24 05:50:00,0.4053486068822445,0.9423832301552376,1.053878481090473,0.9021779615024981,0.18814052758829594,0.4053486068822445,False
367,2026-07-24 07:35:00,0.28850288187542067,0.3450674910465531,0.35841469864804215,0.3343014065269424,0.021379969010094667,0.28850288187542067,False
368,2026-07-27 04:18:00,0.4630557008021379,0.6223366091019182,0.6390997390683217,0.5973524526668335,0.05362530277231859,0.4630557008021379,False
369,2026-07-27 13:33:00,0.3716685340622131,0.4164221834926189,0.48666609298426305,0.432196889627818,0.04046628625598414,0.3716685340622131,False
370,2026-07-28 04:47:00,0.472817434926712,0.6188713088373126,0.6605954206267607,0.5969409264339401,0.06353809311640941,0.472817434926712,False
371,2026-07-29 04:20:00,0.5029328543308595,0.5344104481302919,0.6407687152117756,0.5700183700613884,0.05156735649610792,0.5029328543308595,False
372,2026-07-29 20:00:00,0.5861251163984688,0.8007838058412442,0.95577878512374,0.8195559382409284,0.11392793591813503,0.5861251163984688,False
373,2026-07-30 09:32:00,0.5842038177164215,0.6466873346559796,0.7045359273623538,0.6461480510838756,0.04185400477593915,0.5842038177164215,False
374,2026-07-31 04:51:00,0.5441840053852233,0.6296218207791665,0.7230061655326087,0.6453020460844948,0.06566470342994625,0.5441840053852233,False
375,2026-08-03 05:03:00,0.4019820409970339,0.4928269702841037,0.5169062099502403,0.48470380610381814,0.03279472210338356,0.4019820409970339,False
376,2026-08-04 05:06:00,0.3936721082703917,0.46794777414791533,0.5458264451277896,0.48516338720206276,0.05041110426205072,0.3936721082703917,False
377,2026-08-04 18:47:00,0.2868887678359356,0.45639605040273007,0.508506755594871,0.43401912555539973,0.07426624690854998,0.2868887678359356,False
378,2026-08-05 04:50:00,0.380566433757803,0.4806362110952913,0.5157670500912401,0.47431078780446817,0.03996723802070352,0.380566433757803,False
379,2026-08-05 08:44:00,0.8278470910887037,1.0051197220715822,1.107578804838467,0.9911168513947212,0.10663697003858119,0.8278470910887037,False
380,2026-08-06 04:35:00,0.4586773392887034,0.5593314185119587,0.623737457756691,0.5619599974094343,0.05009250461719563,0.4586773392887034,False
381,2026-08-06 17:23:00,0.6675756962273387,0.7244532568841233,0.7497005834652288,0.719859402034775,0.029060074449167198,0.6675756962273387,False
382,2026-08-07 05:08:00,0.5303899772860543,0.6333496624287178,0.729681856882893,0.6402169929242338,0.06510252745360672,0.5303899772860543,False
383,2026-08-10 04:10:00,0.4634889836939117,0.6830598975037818,0.7913841144718778,0.6824251507418261,0.09630738026178753,0.4634889836939117,False
384,2026-08-11 04:58:00,0.4767914245212649,0.5871165016305065,0.6924750096017188,0.6095987363720667,0.07508429034195346,0.4767914245212649,False
385,2026-08-11 08:51:00,0.663991350962109,0.8700645550786296,0.9197092563724973,0.840389743952455,0.07845210657861698,0.663991350962109,False
386,2026-08-12 12:00:00,0.24438307316236108,0.32949425511709485,0.3595819568833509,0.31898994204148384,0.035140991512119156,0.24438307316236108,False
387,2026-08-13 05:13:00,0.42698284093981775,0.5621371439195986,0.6714365840291456,0.5838940581136013,0.06982096919679416,0.42698284093981775,False
388,2026-08-14 05:00:00,0.5520397839231123,0.5973954861599055,0.653974128000546,0.5983870881852996,0.030061128984410056,0.5520397839231123,False
389,2026-08-14 05:50:00,0.31243888481973786,0.42966950733340437,0.4759673155290666,0.4242309817197728,0.04838974763271393,0.31243888481973786,False
390,2026-08-17 04:49:00,0.5200587947100456,0.642791712209747,0.6960760195434073,0.6357200144730989,0.054356608529068026,0.5200587947100456,False
391,2026-08-18 03:00:00,0.6000073237458259,0.7886983697322939,0.8549976636317413,0.7889520202184533,0.0713169431743613,0.6000073237458259,False
392,2026-08-19 05:06:00,0.3654506180187413,0.541795699668373,0.629021134407903,0.5311207159148926,0.07301029666427412,0.3654506180187413,False
393,2026-08-20 05:03:00,0.6003692295886142,0.843121563211101,0.9056531438788701,0.8284756883759152,0.0869656802651523,0.6003692295886142,False
394,2026-08-21 05:11:00,0.4258832785389893,0.4772687722741361,0.5243335861926058,0.4799112569181358,0.02943569905194355,0.4258832785389893,False
395,2026-08-24 04:34:00,0.5499182937431549,0.6695996617227024,0.7164956781101989,0.6537000593736269,0.048467541655137836,0.5499182937431549,False
396,2026-08-25 05:04:00,0.6775036377941264,0.9228684346285853,1.0205221449095663,0.9199891544880583,0.09483709176567286,0.6775036377941264,False
397,2026-08-25 17:27:00,0.728798525194621,0.9182097241190551,0.9961585041400969,0.9095675848602551,0.08274769041543226,0.728798525194621,False
398,2026-08-26 04:57:00,0.4597819787838214,0.6682531562983383,0.6943073874383345,0.637230377116037,0.0769057670524916,0.4597819787838214,False
399,2026-08-27 08:17:00,0.31458256270419693,0.3685141178775892,0.39748493267472956,0.3703901515204039,0.02342365703360643,0.31458256270419693,False
400,2026-08-28 05:18:00,0.3529009477608501,0.4664666987649059,0.48847153752429184,0.45135438568091163,0.044325753733311414,0.3529009477608501,False
401,2026-08-31 05:03:00,1.5489802630352694,1.6888251248464654,1.7984931635184758,1.6938703276737344,0.08912571185301721,1.5489802630352694,False
402,2026-09-01 06:00:00,0.6384246580955077,0.7301051081080397,0.7652286299109492,0.7227114778286404,0.041220995810071805,0.6384246580955077,False
403,2026-09-02 06:04:00,0.5089355139961076,0.5635580750366399,0.6090290692610688,0.5654652998639252,0.03416309931887133,0.5089355139961076,False
404,2026-09-02 15:21:00,1.308727563885134,1.607232712070456,1.7047409434253629,1.5488519572472135,0.14018537188984562,1.308727563885134,False
405,2026-09-03 05:48:00,0.3702387755170758,0.43944549953214723,0.46949229548286575,0.43530636634113185,0.031093509741540012,0.3702387755170758,False
406,2026-09-03 09:36:00,0.4175038901940816,0.6042999531762433,0.6216811576335715,0.5657187480130077,0.06545352509132708,0.4175038901940816,False
407,2026-09-04 12:43:00,0.3809937462109244,0.5140378710177047,0.5503263884837958,0.4966361969560906,0.05946260635048065,0.3809937462109244,False
408,2026-09-07 07:01:00,0.4352081923122297,0.5106814759701473,0.5584999612586644,0.5038163327016654,0.043722060078091075,0.4352081923122297,False
409,2026-09-08 17:07:00,0.35910299665120526,0.45338203083014694,0.48580363441396857,0.44934566623674765,0.03750955937289267,0.35910299665120526,False
410,2026-09-09 13:01:00,0.6827374426973404,0.7382788766103945,0.7672906809016456,0.7379124726853947,0.022982911200047095,0.6827374426973404,False
411,2026-09-10 19:27:00,0.41594064795723606,0.4576798501119413,0.5106062645986787,0.46477793824351876,0.032740256613129,0.41594064795723606,False
412,2026-09-11 04:57:00,0.48462887276290756,0.5520996020858292,0.5900427915270746,0.5495671817371058,0.027099258340921875,0.48462887276290756,False
413,2026-09-11 15:20:00,0.3837001984841719,0.4343165200497258,0.46380100481966885,0.4262197640434976,0.029325589613160362,0.3837001984841719,False
414,2026-09-15 05:52:00,0.36002713100357564,0.42339833121921466,0.49012335482958225,0.440721857381727,0.047198052186904794,0.36002713100357564,False
415,2026-09-16 06:36:00,0.8383749070767322,0.9503475408677274,1.071376058830721,0.9681059566566136,0.07998537062290804,0.8383749070767322,False
416,2026-09-17 03:00:00,0.7541279396160465,0.8061956786842547,0.8766142233405718,0.8131977025331356,0.04001211075863068,0.7541279396160465,False
417,2026-09-17 06:20:00,0.47872579806392457,0.6221604262553504,0.6916620006542582,0.6267961135285793,0.05987451856644452,0.47872579806392457,False
418,2026-09-17 13:21:00,0.2578710146548231,0.4198519956855355,0.4561488007634321,0.3949668811371575,0.06696410097434269,0.2578710146548231,False
419,2026-09-18 03:25:00,0.45452047242226873,0.49424994943694756,0.5466876236381796,0.5016584743767571,0.026830693469734573,0.45452047242226873,False
