timestamp_utc,epoch_id,is_case,partition,feat_raw_jump_z,feat_raw_disp30,feat_raw_tick_rate_30,feat_raw_tick_rate_ratio,feat_raw_spread_now,feat_raw_spread_ratio,feat_raw_ret5,feat_raw_n_ticks_300,feat_raw_tick_coverage,feat_raw_utc_hour,feat_raw_raw_abs_move_30,feat_raw_raw_mean_spread_300,feat_raw_utc_minute,feat_raw_day_of_week,feat_raw_is_monday,feat_raw_is_friday,eta,R1
2025-09-25 16:32:56+00:00,0,True,discovery,0.2292961365299195,4.834499999995387,5.5,1.207022677395757,0.6770000000001346,1.0263242428878951,0.12149999999928696,1367.0,0.99972,16,0.301499999999578,0.5714718361375389,32,3,0,0,-0.3221904365415906,0
2025-09-25 16:43:46+00:00,1,True,discovery,0.5703883993289564,3.902000000000953,4.866666666666666,1.4484126984126984,0.6170000000001892,0.935364930372082,-0.21349999999983993,1008.0,0.9981666666666666,16,0.75,0.5417261904762085,43,3,0,0,-0.13077675863825977,0
2025-09-26 15:47:57+00:00,2,True,discovery,0.4251007732966253,5.75,3.8333333333333335,1.0258697591436217,0.5199999999999818,0.7532316058675371,-0.3734999999996944,1121.0,0.9984033333333333,15,0.5599999999994907,0.5087671721677236,47,4,0,1,-0.09169255549663635,0
2025-09-29 05:46:42+00:00,3,True,discovery,0.29264181440257436,3.711500000002161,2.7666666666666666,0.5608108108108107,0.5869999999999891,0.8120442811179207,-0.0999999999994543,1480.0,0.9995333333333334,5,0.25650000000041473,0.6272898648648698,46,0,1,0,0.33186806976299454,0
2025-09-30 08:20:52+00:00,4,True,discovery,0.7623602645657279,11.25050000000374,6.233333333333333,1.0922897196261683,0.5799999999999272,0.9172316594663144,-0.14649999999983265,1712.0,0.9998133333333333,8,0.7635000000000218,0.6312914719626411,20,1,0,0,-0.19446621088021865,0
2025-09-30 08:25:56+00:00,5,True,discovery,0.44733123578956613,8.843999999998687,7.2,0.8404669260700389,0.5799999999999272,0.9172316594663144,-0.11000000000012733,2570.0,0.99933,8,0.4479999999998654,0.5941221789883411,25,1,0,0,-0.6692944678452338,0
2025-10-01 06:25:14+00:00,6,True,discovery,1.2693473813239913,5.564999999998236,3.533333333333333,0.7851851851851852,0.5099999999997635,0.7549655287319549,0.1750000000001819,1350.0,0.9990833333333333,6,1.205000000000382,0.5709407407407417,25,2,0,0,0.4072961995741986,0
2025-10-01 08:28:02+00:00,7,True,discovery,0.42586333050117264,2.5825000000022555,2.6,0.5203468979319547,0.6069999999999709,0.9599303746484413,0.09349999999994907,1499.0,0.9998333333333334,8,0.4265000000004875,0.6018839226150807,28,2,0,0,-0.490435128020829,0
2025-10-02 05:13:35+00:00,8,True,discovery,0.5019976543350507,1.1630000000009204,0.9333333333333333,0.492091388400703,0.7899999999999636,1.0928704975862686,0.06999999999970896,569.0,0.9973633333333334,5,0.44000000000005457,0.711787346221446,13,3,0,0,1.1614312114230847,0
2025-10-02 12:17:55+00:00,9,True,discovery,0.591647294847432,11.93000000000211,6.966666666666667,1.1902050113895217,0.5270000000000437,0.7932866310276772,0.10850000000027649,1756.0,0.9998833333333333,12,0.8320000000003347,0.5965911161731288,17,3,0,0,-0.06009657390347778,0
2025-10-02 12:23:08+00:00,10,True,discovery,0.7253368278171369,5.584000000002561,3.466666666666667,0.7207207207207208,0.6399999999998727,0.9633841439422586,-0.6999999999998181,1443.0,0.9999,12,1.019999999999527,0.6225495495495612,23,3,0,0,-0.11344171202618136,0
2025-10-02 13:13:13+00:00,11,True,discovery,0.037492119245167835,6.637999999994463,5.9,1.352177234530176,0.5969999999997526,0.910312017191862,0.36850000000004,1309.0,0.99994,13,0.05500000000029104,0.6166401833460631,13,3,0,0,-0.09854245910035186,0
2025-10-03 07:17:25+00:00,12,True,discovery,1.4341879314295285,5.921500000000378,3.1,1.3381294964028776,0.5270000000000437,0.8247538539101763,0.5784999999996217,695.0,0.99855,7,1.5635000000002037,0.5429625899280679,17,4,0,1,0.45346486746651204,0
2025-10-03 15:18:08+00:00,13,True,discovery,0.3453943783041122,3.8839999999968313,3.3666666666666667,0.657124268054652,0.5869999999999891,0.8502826012389453,-0.09650000000056025,1537.0,0.9998933333333333,15,0.455000000000382,0.5850156148341065,18,4,0,1,-0.14865129719554848,0
2025-10-06 09:14:39+00:00,14,True,discovery,0.20385420312627245,2.4504999999958272,2.6,0.8562019758507136,0.6169999999997344,0.9302199760579997,0.003499999999803549,911.0,0.99963,9,0.18650000000025102,0.589457738748627,14,0,1,0,0.16225909720533238,0
2025-10-06 11:10:55+00:00,15,True,discovery,0.1523989265480071,3.3239999999977954,2.6,0.7235621521335808,0.6399999999998727,1.0068779777942718,-0.11000000000012733,1078.0,0.9980133333333333,11,0.15999999999985448,0.6176372912801629,10,0,1,0,-0.31616383863912767,0
2025-10-07 05:47:44+00:00,16,True,discovery,0.3251575715577242,2.4650000000019645,1.9,0.7640750670241286,0.5500000000001819,0.7608592071806003,-0.1000000000003638,746.0,0.9985633333333334,5,0.2849999999998545,0.579223860589818,47,1,0,0,0.6518868688571025,0
2025-10-07 05:53:49+00:00,17,True,discovery,1.584144870554869,4.856499999992593,4.8,1.263157894736842,0.6669999999999163,0.9227147112531434,0.09999999999990905,1140.0,0.99985,5,1.3885000000000218,0.6336710526315851,53,1,0,0,1.0876882469654612,0
2025-10-07 06:17:36+00:00,18,True,discovery,0.7494943251553258,4.631499999999505,2.6666666666666665,0.89086859688196,0.6470000000003893,0.9577699942943043,-0.4515000000001237,898.0,0.9998233333333333,6,0.711500000000342,0.5634298440979835,17,1,0,0,0.5539098513679519,0
2025-10-08 09:19:47+00:00,19,True,discovery,0.602818193157651,1.5994999999975335,1.9666666666666666,0.9291338582677164,0.5700000000001637,0.8593604316911513,0.4214999999999236,635.0,0.9924666666666667,9,0.551499999999578,0.5746913385827024,19,2,0,0,0.323803225552481,0
2025-10-08 09:36:16+00:00,20,True,discovery,0.3934987298948271,4.710999999995238,4.666666666666667,1.215277777777778,0.6700000000000728,1.0101254197069622,0.5549999999998363,1152.0,0.99984,9,0.36000000000012733,0.5638576388888935,36,2,0,0,0.06848417629079573,0
2025-10-08 09:42:32+00:00,21,True,discovery,0.4481513312687911,6.340999999997621,5.1,1.3155631986242475,0.599999999999909,0.9045899280955517,-0.2600000000002183,1163.0,0.9973566666666667,9,0.4099999999998545,0.5604797936371463,42,2,0,0,0.09593078333697203,0
2025-10-09 11:04:35+00:00,22,True,discovery,0.9048686263794419,6.835000000000036,5.733333333333333,1.2591508052708638,0.5900000000001455,0.9282156357795079,0.2300000000000182,1366.0,0.91634,11,0.9499999999998181,0.5993191800878498,4,3,0,0,0.05228728342439315,0
2025-10-09 11:19:30+00:00,23,True,discovery,0.6919863758574454,4.080500000000939,2.7,0.7043478260869566,0.5670000000000073,0.8920309584523015,-0.18150000000014188,1150.0,0.99993,11,0.7264999999997599,0.5522095652173974,19,3,0,0,-0.23302666495088453,0
2025-10-09 11:42:13+00:00,24,True,discovery,0.16192385945747412,3.006999999999607,2.433333333333333,0.9287531806615775,0.5700000000001637,0.8967506989734593,-0.015000000000327418,786.0,0.9974566666666667,11,0.17000000000007276,0.5826908396946662,42,3,0,0,-0.35975794053211896,0
2025-10-10 16:29:10+00:00,25,True,discovery,0.48292884476534903,9.82600000000275,6.666666666666667,0.7923930269413629,0.6200000000003456,0.9399128959981139,-0.14500000000043656,2524.0,0.99988,16,0.6350000000002183,0.6993232963549999,29,4,0,1,-0.8317708074080685,0
2025-10-13 12:38:45+00:00,26,True,discovery,1.0524495148721018,7.99000000000251,4.766666666666667,0.7277353689567431,0.5300000000002001,0.7978024942026428,0.4915000000000873,1965.0,0.999,12,1.4799999999995634,0.5874615776081502,38,0,1,0,-0.38820600109679204,0
2025-10-14 07:42:54+00:00,27,True,discovery,1.2319247789626366,13.99699999999757,7.3,0.9132610508757297,0.7969999999995707,1.2473032667286565,-0.024999999999636202,2398.0,0.99966,7,1.3429999999989377,0.8884291075896836,42,1,0,0,-0.5378043480642987,0
2025-10-14 07:52:46+00:00,28,True,discovery,0.09906766651398742,11.97500000000764,7.966666666666667,1.25,0.7229999999999563,1.1314934276602886,0.054500000000189175,1912.0,0.9999566666666667,7,0.10800000000017462,0.7242102510460482,52,1,0,0,-0.5155101530218451,0
2025-10-15 06:35:08+00:00,29,True,discovery,0.8269192484139689,6.365000000008877,3.6666666666666665,1.0869565217391304,0.5799999999999272,0.8585882483621214,0.31999999999970896,1012.0,0.9998433333333333,6,0.7849999999998545,0.5637124505928915,35,2,0,0,0.40815351130216615,0
2025-10-16 10:15:47+00:00,30,True,discovery,1.6863131244302216,6.268000000003667,4.266666666666667,1.0578512396694215,0.48700000000008004,0.7568539814894816,0.49499999999898137,1210.0,0.99994,10,1.5799999999999272,0.6433140495868038,15,3,0,0,0.28583800530521764,0
2025-10-16 10:23:12+00:00,31,True,discovery,0.2705572006599681,2.030499999998028,1.5666666666666667,0.8047945205479452,0.680000000000291,1.05679816717245,-0.019999999999527063,584.0,0.9950733333333334,10,0.25349999999980355,0.6549760273972577,23,3,0,0,-0.06933970599549943,0
2025-10-16 10:29:09+00:00,32,True,discovery,0.1584920879609521,2.7315000000025975,2.6666666666666665,0.8196721311475409,0.6700000000000728,1.0412570176548757,0.043500000000676664,976.0,0.9971666666666666,10,0.1485000000002401,0.6364497950819674,29,3,0,0,-0.2633948167603972,0
2025-10-17 10:15:10+00:00,33,True,discovery,1.5491667722220177,6.982500000002801,4.866666666666666,1.3891531874405327,0.6499999999996362,1.0101747186197265,0.3000000000001819,1051.0,0.99997,10,1.4515000000001237,0.5846879162702366,15,4,0,1,0.33795696359561467,0
2025-10-17 12:37:18+00:00,34,True,discovery,0.33209048881486386,15.562999999991007,10.0,0.929944203347799,0.7299999999995634,1.0988600391837002,0.36999999999989086,3226.0,0.9997,12,0.467000000000553,0.8130424674519653,37,4,0,1,-0.87602973597053,0
2025-10-20 08:47:26+00:00,35,True,discovery,0.03994028890975836,6.3160000000052605,5.466666666666667,1.064243997404283,0.6700000000000728,1.0595607100734041,-0.13000000000010914,1541.0,0.99983,8,0.03999999999996362,0.6307949383517022,47,0,1,0,-0.5442700337462257,0
2025-10-21 07:23:43+00:00,36,True,discovery,0.10548871897285657,7.04500000000553,4.866666666666666,1.1035525321239605,0.5700000000006185,0.8920487603970999,-0.04500000000007276,1323.0,0.99916,7,0.11499999999978172,0.6179765684051609,23,1,0,0,-0.13954335260666428,0
2025-10-21 07:42:21+00:00,37,True,discovery,3.727420952582937,30.66150000000016,11.233333333333333,0.9871118922085529,0.6499999999996362,1.0172485864160725,-0.23999999999978172,3414.0,0.9997333333333334,7,4.063500000000204,0.8095720562390563,42,1,0,0,-0.2060502799574535,0
2025-10-21 10:56:35+00:00,38,True,discovery,0.3607429342132908,11.456000000003769,5.966666666666667,1.2404712404712406,0.4070000000001528,0.6325247853517125,-0.06500000000050932,1443.0,0.99942,10,0.33799999999973807,0.5547685377685566,56,1,0,0,-0.3632934283789937,0
2025-10-22 07:02:29+00:00,39,True,discovery,0.9769172670109849,16.434999999996762,8.3,2.122762148337596,0.6499999999996362,1.0172485864160725,0.10499999999956344,1173.0,0.49645,7,1.0649999999995998,0.593461210571158,2,2,0,0,0.5018514064266572,0
2025-10-23 05:30:44+00:00,40,True,discovery,0.8328597446921606,10.041000000002441,6.0,1.8672199170124482,0.7100000000000364,0.9822000674510459,-0.6150000000002365,964.0,0.99878,5,0.7300000000000182,0.7201390041493884,30,3,0,0,1.2543624834944906,0
2025-10-24 16:34:45+00:00,41,True,discovery,1.0190939401345127,6.9209999999984575,3.7333333333333334,0.9850483729111698,0.5799999999999272,0.8792733543202158,-0.1750000000001819,1137.0,0.9993266666666667,16,1.3400000000001455,0.5726068601583066,34,4,0,1,-0.18045028555264864,0
2025-10-27 06:13:05+00:00,42,True,discovery,0.4334742302198008,3.2145000000000437,2.3,0.5058651026392962,0.6970000000001164,1.031786222600989,-0.1999999999998181,1364.0,0.99926,6,0.41150000000016007,0.7134567448680427,13,0,1,0,0.20856953295457437,0
2025-10-28 10:52:18+00:00,43,True,discovery,0.9338759391623492,4.974999999997635,2.8666666666666667,0.5405405405405405,0.7100000000000364,1.10342161572376,0.46499999999969077,1591.0,0.9990833333333333,10,0.875,0.7009006913890587,52,1,0,0,-0.6162997298322109,0
2025-10-30 07:44:53+00:00,44,True,discovery,2.6505187258493166,9.0024999999996,5.3,1.0699865410497982,0.6669999999999163,1.0438535494458692,0.3400000000001455,1486.0,0.9962766666666667,7,2.8895000000002256,0.749493943472411,44,3,0,0,0.27752459753349007,0
2025-11-03 16:38:37+00:00,45,True,discovery,2.7237947362620405,8.394499999997151,7.033333333333333,1.0242718446601942,0.7469999999998436,1.1324434408226656,0.9514999999996689,2060.0,0.99996,16,3.581499999999778,0.7089305825242715,38,0,1,0,-0.009786319797987941,0
2025-11-04 08:09:22+00:00,46,True,discovery,0.9336042532668505,7.77299999999741,4.233333333333333,1.0350448247758761,0.5199999999999818,0.8223456257284941,-0.205000000000382,1227.0,0.9990333333333333,8,0.9350000000004002,0.5035028524857296,9,1,0,0,0.09350437117475541,0
2025-11-05 07:55:47+00:00,47,True,discovery,0.7934586253188791,2.3549999999995634,1.5,0.974025974025974,0.6399999999998727,1.0015986081638788,0.03999999999996362,462.0,0.9998966666666667,7,0.8649999999997817,0.6722489177489063,55,2,0,0,0.0011347836466841787,0
2025-11-06 10:42:44+00:00,48,True,discovery,0.4039680491122176,3.0724999999997635,2.3,0.8089097303634232,0.6870000000003529,1.0676769718346109,-0.016499999999723514,853.0,0.99771,10,0.3785000000002583,0.7413434935521731,42,3,0,0,-0.2659318109162209,0
2025-11-07 09:18:04+00:00,49,True,discovery,0.9618857841871342,3.734000000001288,3.1666666666666665,1.1176470588235292,0.5199999999999818,0.7839779376829029,-0.06500000000050932,850.0,0.9902666666666666,9,0.8800000000001091,0.5443176470588327,18,4,0,1,0.42512902910039685,0
2025-11-10 08:42:17+00:00,50,True,discovery,0.7224199756555155,4.0634999999952015,2.6,0.7654563297350344,0.5199999999999818,0.8223456257284941,-0.13499999999930878,1019.0,0.9960533333333333,8,0.7234999999996035,0.557821393523057,42,0,1,0,-0.1983633480079401,0
2025-11-10 09:00:16+00:00,51,True,discovery,1.3827108147686948,5.444999999991069,3.2666666666666666,1.1382113821138211,0.4899999999997817,0.7387484412778168,0.07999999999992724,861.0,0.99902,9,1.2649999999998727,0.525130081300818,0,0,1,0,0.6426164803284165,0
2025-11-10 09:22:51+00:00,52,True,discovery,0.7432753786897872,3.026999999999589,2.1666666666666665,0.6673511293634496,0.5199999999999818,0.7839779376829029,-0.11500000000023647,974.0,0.9971033333333333,9,0.6799999999998363,0.57182854209445,22,0,1,0,0.1745108074299857,0
2025-11-12 08:19:02+00:00,53,True,discovery,0.09685520060600511,8.700000000004366,6.133333333333334,1.3256484149855907,0.5159999999996217,0.8160198901453976,0.12299999999959255,1388.0,0.9997666666666667,8,0.09699999999975262,0.5200396253602315,19,2,0,0,-0.1339899984369144,0
2025-11-14 09:12:06+00:00,54,True,discovery,0.5137344529193373,7.471999999988839,5.933333333333334,1.115987460815047,0.6199999999998909,0.934742925698714,-0.8250000000007276,1595.0,0.9954533333333333,9,0.47000000000116415,0.5701561128526677,12,4,0,1,0.18094316455154313,0
2025-11-17 07:17:27+00:00,55,True,discovery,1.1466165105767043,6.080000000008113,4.0,1.3259668508287292,0.5499999999997272,0.8607488038905775,-0.47000000000025466,905.0,0.99995,7,1.25,0.5107226519337104,17,0,1,0,0.38730225276286845,0
2025-11-18 06:48:04+00:00,56,True,discovery,0.9849292958812523,5.594999999997526,4.033333333333333,0.8391123439667129,0.6399999999998727,0.9474077223305472,0.18999999999959982,1442.0,0.9992866666666667,6,0.9349999999994907,0.6002822468793408,48,1,0,0,0.1800857121293089,0
2025-11-19 10:12:16+00:00,57,True,discovery,1.595593747482983,11.907999999991262,5.633333333333334,1.217579250720461,0.5,0.777057475861763,0.9249999999992724,1388.0,0.9986566666666666,10,1.4949999999998909,0.5250554755043227,12,2,0,0,0.2046753478183707,0
2025-11-20 06:09:10+00:00,58,True,discovery,2.5702967721412473,10.7770000000055,5.433333333333334,1.212797619047619,0.6100000000001273,0.9029979853466709,-0.1799999999998363,1344.0,0.9994666666666666,6,2.4400000000005093,0.6081168154761988,9,3,0,0,1.035599706376556,0
2025-11-21 11:14:11+00:00,59,True,discovery,1.971661112216791,5.84000000000151,3.1666666666666665,0.7274119448698315,0.7699999999999818,1.2114000670339455,-0.25500000000010914,1306.0,0.9998933333333333,11,2.0700000000001637,0.7435390505360033,14,4,0,1,-0.007924715499603163,0
2025-11-24 11:01:04+00:00,60,True,discovery,0.2285983898224438,3.9599999999995816,3.566666666666667,2.00750469043152,0.75,1.179935130227897,-0.1799999999998363,533.0,0.99846,11,0.24000000000023647,0.7470431519699846,1,0,1,0,0.11519252307713918,0
2025-11-26 07:36:48+00:00,61,True,discovery,0.22015037003136126,2.3979999999965003,2.033333333333333,0.9667194928684626,0.75,1.173748368942279,0.44350000000122236,631.0,0.9996666666666667,7,0.24000000000069122,0.7346545166402652,36,2,0,0,-0.13219837600095358,0
2025-11-27 06:09:07+00:00,62,True,discovery,0.010534003163782984,3.383999999993648,2.3333333333333335,0.9333333333333333,0.6100000000005821,0.9029979853473441,0.09000000000014552,750.0,0.9997233333333333,6,0.009999999999308784,0.599694666666716,9,3,0,0,0.44281184955951214,0
2025-11-27 09:02:26+00:00,63,True,discovery,1.3553845140824585,5.28500000000804,4.7,1.3796477495107633,0.5199999999995271,0.7839779376822174,-0.2415000000000873,1022.0,0.99606,9,1.2400000000006912,0.5168542074364245,2,3,0,0,0.6963323294137438,0
2025-12-01 10:14:10+00:00,64,True,discovery,1.2487255415085905,4.036000000005515,3.533333333333333,0.881863560732113,0.75,1.1655862137926445,-0.4849999999996726,1202.0,0.998,10,1.1700000000000728,0.6978028286189866,14,0,1,0,0.08633065383971827,0
2025-12-02 09:32:10+00:00,65,True,discovery,0.5809571526074688,7.6085000000020955,3.433333333333333,0.7646622123236821,0.589999999999236,0.8895134292929423,0.23499999999967258,1347.0,0.9994433333333334,9,0.5314999999991414,0.5964929472902745,32,1,0,0,-0.11955915924621263,0
2025-12-03 07:33:51+00:00,66,True,discovery,0.6191729157124214,5.6749999999919964,3.0,1.0044642857142856,0.5700000000006185,0.8920487603970999,-0.9499999999989086,896.0,0.9969766666666666,7,0.6750000000010914,0.5700245535714531,33,2,0,0,0.04669861411626952,0
2025-12-04 11:18:01+00:00,67,True,discovery,0.6524579042837637,3.3519999999971333,2.433333333333333,0.7635983263598326,0.5600000000004002,0.8810182305707926,-0.125,956.0,0.99588,11,0.6849999999994907,0.555316945606702,18,3,0,0,-0.1412553025317862,0
2025-12-05 13:06:32+00:00,68,True,discovery,0.8998108618790681,7.982999999992899,5.4,0.8337622233659291,0.5399999999999636,0.8233978044954374,-0.14499999999952706,1943.0,0.9996666666666667,13,1.319999999999709,0.5593088008234685,6,4,0,1,-0.20899307362740194,0
2025-12-08 14:57:55+00:00,69,True,discovery,1.8729396552017215,28.231999999989966,9.966666666666667,1.3091068301225919,0.5900000000001455,0.8439445616481068,0.08500000000003638,2284.0,0.9999366666666667,14,3.0549999999993815,0.5666703152364327,57,0,1,0,-0.02484468006294449,0
2025-12-09 08:35:42+00:00,70,True,discovery,1.48627800105612,6.033500000011372,3.466666666666667,1.0473313192346425,0.5700000000006185,0.9014173205110897,0.07999999999992724,993.0,0.9994066666666667,8,1.4885000000003856,0.6176586102718896,35,1,0,0,0.09947207318120621,0
2025-12-09 18:33:05+00:00,71,True,discovery,0.02105302037280287,4.269999999999527,3.9,0.8041237113402062,0.46999999999934516,0.5918647965566424,0.15999999999985448,1455.0,0.9973133333333334,18,0.019999999999527063,0.5107628865979399,33,1,0,0,0.1853573361924581,0
2025-12-10 10:33:15+00:00,72,True,discovery,,,,,,,,,0.0,10,,,33,2,0,0,,0
2025-12-10 12:17:30+00:00,73,True,discovery,0.7608925546717108,3.8010000000022046,3.033333333333333,0.9333333333333333,0.5299999999997453,0.7978024942019583,-0.07000000000061846,975.0,0.9992466666666666,12,1.0700000000006185,0.5482297435897505,17,2,0,0,0.16258842896529524,0
2025-12-10 14:17:48+00:00,74,True,discovery,0.3801055928729301,6.535999999989144,4.833333333333333,1.0020732550103661,0.5299999999997453,0.7581196909714769,0.08500000000003638,1447.0,0.9983233333333333,14,0.6200000000008004,0.5581762266758821,17,2,0,0,0.11293693003385918,0
2025-12-10 14:31:07+00:00,75,True,discovery,0.06130735368932617,15.090000000005602,8.8,1.4308943089430894,0.5599999999994907,0.8010321263091414,-0.49499999999989086,1845.0,0.99783,14,0.1000000000003638,0.5619821138211505,31,2,0,0,0.015607286934021136,0
2025-12-11 07:32:30+00:00,76,True,discovery,0.4036090117226328,2.5799999999935608,2.3333333333333335,0.85995085995086,0.5200000000004366,0.8137988691339966,-0.024999999999636202,814.0,0.9973933333333334,7,0.4399999999995998,0.5592788697788873,32,3,0,0,-0.001308398833362201,0
2025-12-11 11:09:27+00:00,77,True,discovery,0.004762466455599796,0.6349999999983993,0.6666666666666666,0.4424778761061947,0.5099999999993088,0.8023558885538825,0.005000000001018634,452.0,0.9916633333333333,11,0.005000000001018634,0.5304668141592793,9,3,0,0,-0.08950738214374221,0
2025-12-12 09:25:01+00:00,78,True,discovery,0.27326300687131105,4.210000000002765,3.1333333333333333,0.7993197278911565,0.5599999999994907,0.8442839328885418,0.11000000000058208,1176.0,0.9997066666666666,9,0.25,0.5972372448979589,25,4,0,1,-0.02501365981223791,0
2025-12-15 10:29:18+00:00,79,True,discovery,0.898121831777758,4.381499999999505,3.533333333333333,1.4804469273743015,0.5399999999999636,0.8392220739306475,-0.2500000000009095,716.0,0.9992866666666667,10,0.8415000000004511,0.5749748603352016,29,0,1,0,0.21619284762922786,0
2025-12-15 13:00:14+00:00,80,True,discovery,0.5794236610588666,11.672999999997046,6.9,1.7206982543640899,0.6000000000003638,0.9148864494399912,-0.35500000000047294,1203.0,0.9991266666666667,13,0.8500000000003638,0.5566899418121412,0,0,1,0,0.2636769440899225,0
2025-12-16 06:41:45+00:00,81,True,discovery,0.6478411946172034,3.845000000004802,2.6,0.5309734513274337,0.6000000000003638,0.8881947396856033,-0.06999999999970896,1469.0,0.9994466666666667,6,0.6149999999997817,0.616281143635134,41,1,0,0,0.006149853843800734,0
2025-12-17 06:21:41+00:00,82,True,discovery,3.281341985744981,19.078999999992448,8.666666666666666,1.8439716312056735,0.6499999999996362,0.9622109679916149,0.17000000000007276,1410.0,0.9998066666666666,6,3.1149999999997817,0.63916808510637,21,2,0,0,1.300947100222817,0
2025-12-17 07:38:06+00:00,83,True,discovery,0.5962405855003867,4.42000000000462,2.466666666666667,1.0802919708029197,0.5599999999994907,0.8763987821427712,-0.0999999999994543,685.0,0.9994833333333333,7,0.6500000000005457,0.586402919708046,38,2,0,0,0.051391035089467074,0
2025-12-18 06:05:45+00:00,84,True,discovery,0.0,5.63999999999578,4.766666666666667,1.058475203552924,0.6100000000005821,0.9029979853473441,0.32999999999992724,1351.0,0.9994866666666666,6,0.0,0.6130688378978436,5,3,0,0,0.33220633167433056,0
2025-12-18 08:02:33+00:00,85,True,discovery,2.4862829846345016,5.3069999999970605,2.7666666666666666,0.9031556039173013,0.5799999999999272,0.9172316594663144,-1.050000000000182,919.0,0.99953,8,2.4899999999997817,0.5601980413492889,2,3,0,0,0.6485208772700176,0
2025-12-19 08:43:53+00:00,86,True,discovery,0.29955216682364183,4.010000000001128,3.466666666666667,0.8475957620211899,0.6270000000004075,0.9915590525617672,,1227.0,0.9998433333333333,8,0.3000000000001819,0.5910391198044017,43,4,0,1,,0
2025-12-19 12:42:44+00:00,87,True,discovery,0.19200092501081809,4.977000000000771,3.2666666666666666,1.4223512336719883,0.5299999999997453,0.7978024942019583,0.3249999999989086,689.0,0.99622,12,0.27000000000043656,0.5186952104499767,42,4,0,1,-0.029877256043603584,0
2025-12-22 06:17:51+00:00,88,True,discovery,1.6975546099619006,5.1524999999965075,4.333333333333333,1.0023130300693908,0.8299999999999272,1.2286693898975651,-0.07200000000011642,1297.0,0.9995966666666667,6,1.6115000000008877,0.7906715497301473,17,0,1,0,0.7662903796929932,0
2025-12-22 10:07:54+00:00,89,True,discovery,0.8949199714142633,3.4424999999973807,2.9,1.4009661835748792,0.7870000000002619,1.223088467006822,0.32549999999991996,621.0,0.9998633333333333,10,0.8384999999998399,0.8205555555555447,7,0,1,0,0.25719412934923536,0
2025-12-23 09:53:01+00:00,90,True,discovery,1.2881618143903504,6.058500000000095,3.933333333333333,1.1090225563909772,0.8299999999999272,1.2513494005322598,-0.6399999999994179,1064.0,0.9997133333333333,9,1.178499999999076,0.7846513157894853,53,1,0,0,0.19894082818040437,0
2025-12-23 15:38:24+00:00,91,True,discovery,1.2992142383892522,16.401499999993575,8.1,1.051948051948052,0.6700000000000728,0.9705099537140814,-0.4600000000000364,2310.0,0.9998,15,1.711500000000342,0.647310822510864,38,1,0,0,-0.12786036610603563,0
2025-12-29 04:11:17+00:00,92,True,discovery,1.2227413148526514,7.692000000002736,6.166666666666667,0.9458077709611453,0.5560000000004948,0.6836795964284559,0.48699999999917054,1956.0,0.9996533333333333,4,1.4320000000006985,0.7474095092024559,11,0,1,0,1.4596519974706912,0
2025-12-30 05:20:44+00:00,93,True,discovery,0.958359158276053,1.827000000002954,1.6333333333333333,0.5450500556173526,0.6369999999997162,0.8812132999521204,0.020000000000436557,899.0,0.9999,5,0.8400000000001455,0.7905038932146946,20,1,0,0,0.9862743047377454,0
2025-12-30 10:12:46+00:00,94,True,discovery,0.4359866527398839,3.9584999999970023,3.9,1.1770623742454727,0.6270000000004075,0.9744300747312841,0.04500000000007276,994.0,0.9970333333333333,10,0.4084999999995489,0.7194527162978787,12,1,0,0,0.05111508626238381,0
2026-01-02 07:31:50+00:00,95,True,discovery,1.5777443185529443,4.789999999999054,2.966666666666667,1.0709987966305656,0.8299999999999272,1.2989481949626749,0.125,831.0,0.99804,7,1.7199999999993452,0.8231829121540232,31,4,0,1,0.20719495159085333,0
2026-01-05 09:12:23+00:00,96,True,discovery,,,,,,,,,0.0,9,,,12,0,1,0,,0
2026-01-06 06:52:50+00:00,97,True,discovery,0.11218713370190536,7.385500000003958,7.3,1.5134761575673807,0.7770000000000437,1.1502121878922233,0.25500000000010914,1447.0,0.99822,6,0.10649999999986903,0.7767180373186016,52,1,0,0,0.2357236141428528,0
2026-01-07 14:04:17+00:00,98,True,discovery,0.8889566284918838,8.9350000000004,5.066666666666666,0.9825468648998061,0.6700000000000728,0.9583777225494128,-0.45500000000083674,1547.0,0.8563933333333333,14,1.449999999999818,0.6610446024563769,4,2,0,0,0.37400078559944033,0
2026-01-08 07:05:21+00:00,99,True,discovery,0.3027067587921832,7.834999999997308,4.2,0.9312638580931265,0.8299999999999272,1.2989481949626749,0.03999999999996362,1353.0,0.9998366666666667,7,0.32999999999992724,0.8207597930525004,5,3,0,0,-0.17546365096487038,0
2026-01-09 07:03:58+00:00,100,True,discovery,0.362330817342639,1.9750000000003638,1.5333333333333334,0.4708290685772774,0.6599999999998545,1.0328985646689777,0.14500000000043656,977.0,0.99831,7,0.39500000000043656,0.6806438075742258,3,4,0,1,-0.04096105315675769,0
2026-01-12 09:25:57+00:00,102,True,discovery,0.8728020439458383,3.7184999999972206,3.533333333333333,0.9878844361602982,0.626999999999498,0.945296474859238,-0.49349999999958527,1073.0,0.99968,9,0.7984999999989668,0.5652861136998903,25,0,1,0,0.27828934665908067,0
2026-01-12 12:11:18+00:00,103,True,discovery,,,,,,,,,0.0,12,,,11,0,1,0,,0
2026-01-13 10:44:06+00:00,104,True,discovery,0.2294666593371897,4.37199999999757,3.466666666666667,1.3214739517153749,0.5600000000004002,0.8703043729657965,-0.06999999999970896,787.0,0.99995,10,0.21500000000014552,0.6244587039390038,44,1,0,0,-0.14202508183057416,0
2026-01-15 07:19:50+00:00,106,True,discovery,0.9127067424181222,3.8849999999965803,2.3666666666666667,0.7304526748971193,0.7100000000000364,1.111148455932081,-0.625,972.0,0.99986,7,0.9949999999989814,0.6979248971193358,19,3,0,0,0.07126089202908246,0
2026-01-16 07:03:56+00:00,107,True,discovery,0.36691728338421165,4.780000000007931,3.1333333333333333,1.0942956926658907,0.6999999999998181,1.0954984776791756,0.0,859.0,0.9992166666666666,7,0.3999999999996362,0.6993236321303757,3,4,0,1,0.13723040452289195,0
2026-01-16 12:48:59+00:00,108,True,discovery,0.24177894260592792,3.469999999995707,2.0,0.8849557522123894,0.7269999999998618,1.094344176009419,-0.4135000000005675,678.0,0.9999033333333334,12,0.3400000000001455,0.6900752212389905,48,4,0,1,-0.12786484769140866,0
2026-01-20 07:00:31+00:00,109,True,discovery,1.1833082389159597,6.066999999993641,3.2333333333333334,1.1945812807881775,0.6099999999996726,0.9546486734058744,0.39500000000043656,812.0,0.99952,7,1.2900000000008731,0.6615812807881815,0,1,0,0,0.4234653108397394,0
2026-01-22 07:25:06+00:00,110,True,discovery,,,,,,,,,0.0,7,,,25,3,0,0,,0
2026-01-23 07:00:21+00:00,111,True,discovery,0.0917293208448015,10.830000000001746,4.866666666666666,1.4512922465208746,0.6300000000001091,0.9859486299116851,0.465000000001055,1006.0,0.9922433333333334,7,0.09999999999854481,0.5522067594433413,0,4,0,1,0.08778824561058352,0
2026-01-26 09:00:40+00:00,112,True,discovery,4.208250305818588,18.659999999996217,8.066666666666666,1.3804905875641755,0.4899999999997817,0.7387484412778168,1.1099999999996726,1753.0,0.9998466666666667,9,3.850000000000364,0.5569731888191602,0,0,1,0,1.1586914658827276,0
2026-01-28 07:01:54+00:00,113,True,discovery,1.1695488407887389,16.88199999999142,7.533333333333333,1.303344867358708,0.7599999999993088,1.189398347193761,-0.12000000000080036,1734.0,0.9996666666666667,7,1.2750000000005457,0.656455017301042,1,2,0,0,0.11844769666153865,0
2026-02-03 12:00:26+00:00,116,True,discovery,0.24533451529073855,51.470999999988635,10.1,1.5287588294651866,0.8999999999996362,1.354758952418523,2.175000000000182,1982.0,0.99991,12,0.34499999999934516,0.8540706357215035,0,1,0,0,-0.6001007502975373,0
2026-02-06 07:16:42+00:00,120,True,discovery,0.25684209836978245,15.793999999992593,5.3,1.1095603628750872,1.5270000000000437,2.3897516791665483,1.35149999999976,1433.0,0.99912,7,0.28000000000065484,1.4009016050244327,16,4,0,1,-0.7071778948659055,0
2026-02-06 13:34:06+00:00,121,True,discovery,3.483358715305119,21.66700000000219,5.966666666666667,0.8447380840018877,0.8070000000006985,1.2305222744971072,-3.3749999999990905,2119.0,0.9996866666666666,13,5.109999999999673,0.9447177914110468,34,4,0,1,0.15911374085868335,0
2026-02-09 10:04:32+00:00,122,True,discovery,4.642697526121782,20.80399999999463,6.733333333333333,1.3333333333333335,0.9099999999998545,1.4142446060681826,0.36999999999989086,1515.0,0.9981566666666667,10,4.350000000000364,0.8111683168316982,4,0,1,0,0.8849505331397074,0
2026-02-11 15:40:50+00:00,123,True,discovery,0.015182170474534273,13.275000000000546,6.833333333333333,0.6989430617115581,0.8900000000003274,1.2891848638891887,0.6514999999999418,2933.0,0.9999466666666667,15,0.019999999999527063,0.8624670985339339,40,2,0,0,-0.9124970819964542,0
2026-02-12 09:04:59+00:00,125,True,discovery,1.0056078652865044,4.1599999999980355,1.9333333333333333,0.9586776859504132,0.6599999999998545,0.9950489209050384,-0.05999999999949068,605.0,0.99649,9,0.9200000000000728,0.6456181818181715,4,3,0,0,0.5357485815120546,0
2026-02-12 11:12:51+00:00,126,True,discovery,0.6572203707393635,2.672000000002299,1.8666666666666667,1.6666666666666665,0.9899999999997817,1.5575143719004807,-0.019999999999527063,336.0,0.9879166666666667,11,0.6900000000005093,0.9846547619047756,12,3,0,0,-0.01821422218238533,0
2026-02-13 07:18:26+00:00,127,True,discovery,1.3259473328307272,11.140500000006796,5.466666666666667,1.3257881972514147,0.9859999999998763,1.543087855702589,0.44499999999970896,1237.0,0.9958033333333334,7,1.4454999999998108,0.9566879547291884,18,4,0,1,0.07076627584133144,0
2026-02-13 11:12:08+00:00,128,True,discovery,4.502435786206648,17.799999999998363,7.2,1.5595667870036103,0.8099999999994907,1.2743299406453275,1.8215000000000146,1385.0,0.9997333333333334,11,4.726999999999862,0.775701083032467,12,4,0,1,0.7708958034426183,0
2026-02-17 10:21:33+00:00,129,True,discovery,1.3234356166412677,2.350000000000364,0.9,0.6585365853658537,0.8400000000001455,1.305456559447988,-0.0500000000001819,410.0,0.9995333333333334,10,1.2399999999997817,0.8366317073170582,21,1,0,0,0.20607422682158583,0
2026-02-19 20:18:35+00:00,131,True,discovery,,,,,,,,,0.0,20,,,18,3,0,0,,0
2026-02-20 03:54:53+00:00,132,True,discovery,0.19966848230484013,1.750000000005457,1.4,0.7581227436823104,0.8299999999999272,1.1203090589678457,0.020000000000436557,554.0,0.9977133333333333,3,0.11000000000058208,0.8523790613718507,54,4,0,1,1.1519298910979776,0
2026-02-23 07:30:45+00:00,133,True,discovery,0.7705262951076788,5.630000000001019,2.433333333333333,0.5798252581413821,0.7799999999997453,1.2206983036995716,0.024999999999636202,1259.0,0.9985366666666666,7,0.8400000000001455,0.7550293884034901,30,0,1,0,-0.29737282833899337,0
2026-02-23 09:21:20+00:00,134,True,discovery,0.4426860711312456,3.7979999999997744,1.6,0.809443507588533,0.680000000000291,1.025201918508886,0.13000000000010914,593.0,0.99747,9,0.40499999999974534,0.6775278246205831,21,0,1,0,0.22381667001298255,0
2026-02-23 13:02:41+00:00,135,True,discovery,1.3691440273373081,7.858500000010281,3.7,1.318289786223278,0.7199999999993452,1.0978637393263253,0.2835000000004584,842.0,0.9990733333333334,13,2.008500000000822,0.7077268408550895,2,0,1,0,0.35121634713559086,0
2026-02-24 08:04:42+00:00,136,True,discovery,1.7074473508946675,17.37900000000809,5.866666666666666,1.7221135029354206,0.7899999999999636,1.2493327775490446,-0.005000000001018634,1022.0,0.9986233333333333,8,1.7100000000009459,0.697679060665356,4,1,0,0,0.3115298147523049,0
2026-02-24 13:11:40+00:00,137,True,discovery,1.2927964390559685,8.400500000006105,5.133333333333334,0.9216038300418911,0.7870000000002619,1.2000260595151269,0.323500000000422,1671.0,0.99985,13,1.8964999999998327,0.821371633752244,11,1,0,0,-0.07850747303011363,0
2026-02-24 13:21:50+00:00,138,True,discovery,2.240324543610874,13.209500000004482,4.7,1.2900274473924978,0.7670000000007349,1.1695298445345335,-1.0300000000006548,1093.0,0.9981433333333334,13,3.28650000000016,0.8437063129002698,21,1,0,0,0.38843730743989435,0
2026-02-25 05:59:03+00:00,139,True,discovery,1.2835167298337773,5.999000000016167,3.6333333333333333,0.8214016578749059,0.8669999999992797,1.1993907865905713,-0.2235000000000582,1327.0,0.9992,5,1.125,0.8493202712886112,59,2,0,0,0.8959066428934989,0
2026-02-25 09:35:37+00:00,140,True,discovery,1.9456326089234564,4.96299999999701,2.966666666666667,1.5696649029982366,0.6899999999995998,1.0402784173094388,0.10999999999967258,567.0,0.9999033333333334,9,1.7799999999997453,0.6822557319223809,35,2,0,0,0.679395493814517,0
2026-02-25 10:03:39+00:00,141,True,discovery,0.0213457357527482,2.537000000007538,1.7666666666666666,0.7114093959731543,0.6999999999998181,1.0878804662061856,0.035000000000763976,745.0,0.99984,10,0.020000000000436557,0.6796187919462865,3,2,0,0,-0.08375583780048806,0
2026-02-25 14:23:24+00:00,142,True,discovery,1.1617743524082145,9.73500000000331,3.7666666666666666,1.205976520811099,0.6899999999995998,0.9869860127740888,-0.47999999999956344,937.0,0.99982,14,1.894999999999527,0.6971003201707539,23,2,0,0,0.5219200483922063,0
2026-02-26 06:05:35+00:00,143,True,discovery,0.43716113132813084,6.428999999998268,4.333333333333333,1.2633624878522836,1.0739999999996144,1.589868584035695,-0.5949999999993452,1029.0,0.9993566666666667,6,0.4150000000008731,0.7865675413022136,5,3,0,0,0.6947167117625463,0
2026-02-26 09:31:35+00:00,144,True,discovery,1.1258435883105173,2.6900000000023283,1.6333333333333333,0.7153284671532847,0.6899999999995998,1.0402784173094388,0.07999999999992724,685.0,0.9995366666666666,9,1.0300000000006548,0.7326321167883213,31,3,0,0,0.31416593203868176,0
2026-02-26 11:27:11+00:00,145,True,discovery,2.2574090994951708,5.139999999997599,2.3333333333333335,1.1686143572621037,0.7300000000004729,1.1484701934225638,-1.0400000000008731,599.0,0.99727,11,2.3700000000008004,0.6896544240400335,27,3,0,0,0.3636998941467684,0
2026-02-26 13:59:18+00:00,146,True,discovery,0.12610985564182275,5.641999999994368,2.466666666666667,0.7931404072883174,0.680000000000291,1.0368713093651385,0.5349999999998545,933.0,0.9993666666666666,13,0.18499999999949068,0.691623794212237,59,3,0,0,-0.557108160191828,0
2026-02-27 07:56:14+00:00,148,True,discovery,0.17887217565053318,2.965000000001055,1.3333333333333333,0.71301247771836,0.6900000000005093,1.0798484994276938,0.2849999999998545,561.0,0.9981366666666667,7,0.19500000000061846,0.7084688057040837,56,4,0,1,-0.2954352573031609,0
2026-02-27 10:46:26+00:00,149,True,discovery,0.5496526956225886,4.505000000001019,4.466666666666667,2.189542483660131,0.8170000000000073,1.2697119155581322,-0.029999999998835847,612.0,0.9986133333333334,10,0.5150000000012369,0.8247385620915207,46,4,0,1,0.034776440234381534,0
2026-02-27 15:00:40+00:00,150,True,discovery,4.205461221546102,41.76499999999214,10.633333333333333,1.324750830564784,0.839999999999236,1.2167587479388036,0.3024999999997817,2408.0,0.99889,15,5.540000000000873,0.798031146179411,0,4,0,1,0.7758912619281428,0
2026-02-27 15:18:57+00:00,151,True,discovery,3.703310933088195,28.6225000000004,9.4,1.1430887717875964,0.7870000000002619,1.1399870650345572,-4.353500000000167,2467.0,0.9999866666666667,15,4.8784999999998035,0.8216980137819291,18,4,0,1,0.7701392193086001,0
2026-02-27 15:27:11+00:00,152,True,discovery,0.13018711182249712,17.172499999998763,7.866666666666666,1.026086956521739,0.839999999999236,1.2167587479388036,1.485000000000582,2300.0,0.9998266666666666,15,0.17150000000037835,0.8221495652173773,27,4,0,1,-0.43924989531518466,0
2026-03-02 07:32:11+00:00,153,True,discovery,1.0122330555364338,13.96250000001055,5.666666666666667,1.1303191489361701,0.8100000000004002,1.2676482384582874,0.3899999999994179,1504.0,0.9999966666666666,7,1.1034999999992579,0.7100352393616961,32,0,1,0,-0.21408298991206953,0
2026-03-02 08:37:17+00:00,154,True,discovery,0.7673528006795612,7.988500000004933,2.6666666666666665,0.7597340930674265,0.7399999999997817,1.1702610827671682,-0.44499999999970896,1053.0,0.99762,8,0.768500000000131,0.7032649572649491,37,0,1,0,-0.33605632767246213,0
2026-03-02 12:46:12+00:00,155,True,discovery,1.4151179287809936,10.599000000001979,3.2333333333333334,1.0777777777777777,0.7299999999995634,1.0988600391837002,-0.8899999999994179,900.0,0.9983666666666666,12,1.9899999999997817,0.7859088888889063,46,0,1,0,0.12218883318232274,0
2026-03-03 10:45:26+00:00,157,True,discovery,3.6181022100121942,21.71299999999519,6.8,1.0828025477707006,0.8999999999996362,1.398703456550608,0.5349999999998545,1884.0,0.9998333333333334,10,3.3900000000003274,0.8962876857749535,45,1,0,0,0.07961084196499213,0
2026-03-03 14:46:45+00:00,158,True,discovery,3.023372147177929,71.933499999991,14.3,0.9995340167753961,1.7299999999995634,2.4746171044923666,-1.3234999999995125,4292.0,0.9998433333333333,14,4.931499999999687,1.418773066169666,46,1,0,0,-0.395346333472796,0
2026-03-04 07:45:10+00:00,159,True,discovery,0.9631578688837642,4.67000000000553,2.433333333333333,0.751028806584362,0.7300000000004729,1.1424484124378917,-0.2999999999992724,972.0,0.9993466666666667,7,1.0499999999992724,0.7835041152263466,45,2,0,0,-0.13352157969527945,0
2026-03-04 11:12:36+00:00,160,True,discovery,2.014523310308093,6.955000000003565,1.9333333333333333,1.0357142857142858,0.680000000000291,1.0698078514070846,-0.025000000000545697,560.0,0.9981333333333333,11,2.1149999999997817,0.677833928571418,12,2,0,0,0.3298202284080417,0
2026-03-05 07:02:29+00:00,161,True,discovery,5.288195346780061,15.395000000006803,5.4,1.2000000000000002,0.6899999999995998,1.0798484994262703,0.7700000000004366,1350.0,0.99219,7,5.765000000000327,0.7143488888888843,2,3,0,0,1.2682233671454846,0
2026-03-06 08:19:20+00:00,164,True,discovery,,,,,,,,,0.0,8,,,19,4,0,1,,0
2026-03-09 07:09:59+00:00,165,True,discovery,,,,,,,,,0.0,7,,,9,0,1,0,,0
2026-03-09 08:55:33+00:00,166,True,discovery,0.4992536113724336,6.820000000003347,3.4,0.9074733096085409,0.6599999999998545,1.0437463711167414,0.16499999999996362,1124.0,0.9979333333333333,8,0.5,0.6704661921708147,55,0,1,0,-0.47032336837498323,0
2026-03-09 12:32:49+00:00,167,True,discovery,0.1635563435278058,6.660000000013497,4.866666666666666,1.2499999999999998,0.8400000000001455,1.264441688924685,-0.1414999999997235,1168.0,0.9999733333333334,12,0.23000000000047294,0.8070573630137065,32,0,1,0,-0.08231322525112073,0
2026-03-10 07:45:41+00:00,168,True,discovery,1.0319548595190338,4.517999999996391,2.966666666666667,1.0265282583621684,0.6700000000000728,1.048548542921883,0.020000000000436557,867.0,0.9998,7,1.125,0.675664359861589,45,1,0,0,0.014639853031016503,0
2026-03-10 08:43:46+00:00,169,True,discovery,0.05142312197093929,4.052499999996144,2.6333333333333333,0.7424812030075187,0.6599999999998545,1.0437463711167414,-0.07150000000001455,1064.0,0.99724,8,0.051499999999577994,0.6753721804511248,43,1,0,0,-0.49726130794430107,0
2026-03-10 09:14:56+00:00,170,True,discovery,0.10930520274792795,3.809999999998581,1.7666666666666666,0.889261744966443,0.6599999999998545,0.9950489209050384,-0.125,596.0,0.9987533333333334,9,0.0999999999994543,0.6618288590604009,14,1,0,0,0.21000490413414952,0
2026-03-11 08:08:12+00:00,171,True,discovery,1.3379996784782675,5.200000000000728,2.2666666666666666,0.8489388264669163,0.6300000000001091,0.9963033542481908,-0.2000000000007276,801.0,0.99877,8,1.3400000000001455,0.6384681647940115,8,2,0,0,0.23073989114483018,0
2026-03-11 10:39:31+00:00,172,True,discovery,0.025081239510158622,4.547499999998763,3.4,1.2862547288776796,0.7899999999999636,1.227750811861529,-0.6264999999993961,793.0,0.9956266666666667,10,0.0235000000011496,0.6951551071879145,39,2,0,0,-0.2340970679364205,0
2026-03-12 07:41:54+00:00,173,True,discovery,1.8850375433883688,6.93000000000211,3.6,1.6143497757847534,0.6300000000001091,0.9859486299116851,0.1235000000006039,669.0,0.99849,7,2.055000000000291,0.6061898355755051,41,3,0,0,0.4321412418752335,0
2026-03-12 09:02:44+00:00,174,True,discovery,0.7667759972810341,2.818499999998494,2.033333333333333,0.9697933227344991,0.6069999999999709,0.9151434772567614,-0.07849999999962165,629.0,0.99532,9,0.7015000000001237,0.6291558028617062,2,3,0,0,0.5056504648807876,0
2026-03-12 11:51:53+00:00,175,True,discovery,0.5048214441913564,4.429999999996653,2.066666666666667,1.1481481481481481,0.6300000000001091,0.9911455093916052,1.1700000000000728,540.0,0.9988233333333333,11,0.5300000000006548,0.628372222222217,51,3,0,0,-0.3406886510691227,0
2026-03-12 11:54:26+00:00,176,True,discovery,1.5525640642102048,4.216999999998734,1.2666666666666666,0.6822262118491921,0.6400000000003274,1.0068779777949872,-1.1150000000006912,557.0,0.9976333333333334,11,1.6300000000010186,0.6294757630161424,54,3,0,0,-0.049842499424488484,0
2026-03-12 16:26:23+00:00,177,True,discovery,1.6643933492413578,12.741499999997359,5.7,1.0607940446650126,0.9170000000003711,1.3901614929518367,-0.12849999999889405,1612.0,0.9985866666666666,16,2.1884999999992942,0.6129317617865939,26,3,0,0,-0.13959057701732958,0
2026-03-13 06:37:52+00:00,178,True,discovery,3.7185031170731118,8.169999999996435,3.4,0.9444444444444444,0.7099999999991269,1.0510304419593675,-0.5,1080.0,0.9969566666666667,6,3.530000000000655,0.7051555555555524,37,4,0,1,1.1653723611512061,0
2026-03-13 11:14:10+00:00,179,True,discovery,1.247766211112458,6.187000000005355,2.533333333333333,0.8501118568232662,0.6300000000001091,0.9911455093916052,0.38000000000010914,894.0,0.9994966666666667,11,1.3099999999994907,0.6285480984340112,14,4,0,1,-0.007793515471526624,0
2026-03-13 11:36:51+00:00,180,True,discovery,0.1809737252746756,3.23599999999351,2.0,0.9917355371900827,0.6300000000001091,0.9911455093916052,0.13649999999961437,605.0,0.9998433333333333,11,0.18999999999869033,0.6256347107437912,36,4,0,1,-0.29529846438836493,0
2026-03-16 05:46:16+00:00,181,True,discovery,0.0399316315946626,5.757999999994354,3.6,1.2646370023419204,0.7599999999993088,1.0513690862846166,0.35499999999956344,854.0,0.9994366666666666,5,0.03499999999985448,0.7157763466042188,46,0,1,0,0.7936541744461219,0
2026-03-16 09:07:53+00:00,182,True,discovery,1.1367741085856085,5.465999999996711,2.6,0.6604572396274344,0.6300000000001091,0.9498194245006378,-0.029999999998835847,1181.0,0.9997433333333333,9,1.0400000000008731,0.6284419983065241,7,0,1,0,0.2706111541240479,0
2026-03-16 12:10:40+00:00,183,True,discovery,0.04977801759510983,7.569000000003143,3.7,1.179596174282678,0.6300000000001091,0.9483312666935138,-0.7100000000009459,941.0,0.9971766666666667,12,0.06999999999970896,0.622717321997859,10,0,1,0,0.07003819551040902,0
2026-03-16 12:42:45+00:00,184,True,discovery,0.6044473565148197,6.717000000011467,2.9,0.702746365105008,0.6300000000001091,0.9483312666935138,-0.12000000000080036,1238.0,0.9992033333333333,12,0.8500000000003638,0.6215961227786547,42,0,1,0,-0.2740383773941173,0
2026-03-17 09:20:44+00:00,185,True,discovery,0.9400247436369522,7.416999999998552,2.933333333333333,1.2239221140472878,0.6300000000001091,0.9498194245006378,0.06999999999970896,719.0,0.9919766666666666,9,0.8599999999996726,0.6285187760778869,20,1,0,0,0.3819244368460366,0
2026-03-17 14:10:39+00:00,186,True,discovery,0.6130735368910313,12.713999999990847,6.266666666666667,0.8580556823368325,0.6300000000001091,0.9011611420987599,0.8065000000005966,2191.0,0.9995033333333333,14,1.0,0.6282478320401792,10,1,0,0,-0.13342568603645,0
2026-03-18 10:31:31+00:00,187,True,discovery,0.7775184247770602,7.3014999999986685,3.1666666666666665,0.9824198552223371,0.6700000000000728,1.0412570176548757,1.0,967.0,0.99704,10,0.7285000000001673,0.6674622543950284,31,2,0,0,-0.17067178035171843,0
2026-03-18 14:30:56+00:00,188,True,discovery,2.2827793146137907,24.339500000014596,8.933333333333334,0.9809663250366032,0.7899999999999636,1.1300274639013717,-1.5200000000004366,2732.0,0.9999133333333333,14,3.723500000000058,0.7519169106881386,30,2,0,0,0.16394835525245988,0
2026-03-23 06:13:59+00:00,189,True,discovery,0.20699316218265865,49.68050000000949,10.533333333333333,1.0408432147562583,0.819999999999709,1.2138661442358243,-2.449999999999818,3036.0,0.9998433333333333,6,0.19650000000001455,0.8282677865612612,13,0,1,0,-0.5830954378144395,0
2026-03-23 08:06:57+00:00,190,True,discovery,5.610112830991623,47.82750000001306,12.533333333333333,0.9265648102513553,0.7970000000004802,1.260402814819284,-2.2200000000002547,4058.0,0.99991,8,5.618499999999585,1.119161902414981,6,0,1,0,-0.042041531546217925,0
2026-03-23 14:23:44+00:00,191,True,discovery,1.4805725915912606,46.17100000000028,12.966666666666667,1.014606155451226,0.7799999999997453,1.1157233187883833,-4.779999999999745,3834.0,0.9999033333333334,14,2.414999999999054,0.7459355764215098,23,0,1,0,-0.4194358926257724,0
2026-03-24 09:47:16+00:00,192,True,discovery,1.6089725844590033,6.1949999999915235,5.233333333333333,1.0515740120562627,0.9769999999998618,1.472973932915605,0.16350000000056752,1493.0,0.9999733333333334,9,1.4720000000006621,0.7463342263898319,47,1,0,0,0.175718684289774,0
2026-03-24 10:52:17+00:00,193,True,discovery,,,,,,,,,0.0,10,,,52,1,0,0,,0
2026-03-24 13:58:26+00:00,194,True,discovery,4.277509968403703,43.67099999999209,13.633333333333333,0.9939246658566221,1.126999999999498,1.7184617141963094,-1.480000000000473,4115.0,0.9999766666666666,13,6.275000000000546,1.1084857837181223,58,1,0,0,-0.6356826309174606,0
2026-03-24 14:11:15+00:00,195,True,discovery,0.06437272137329064,34.11500000000524,12.966666666666667,0.9941221569128547,0.7770000000000437,1.111432075255007,-0.5985000000000582,3913.0,0.9998866666666667,14,0.10499999999956344,1.0682645029389237,11,1,0,0,-0.7825811648500942,0
2026-03-25 06:35:47+00:00,196,True,discovery,0.23543497072688463,4.999500000001717,3.2333333333333334,0.6717451523545707,0.9899999999997817,1.4655213204800337,-0.22999999999956344,1444.0,0.9983466666666667,6,0.2235000000000582,0.9441385041551456,35,2,0,0,0.06274258925940623,0
2026-03-25 09:00:18+00:00,197,True,discovery,0.9509552639110491,7.617000000003827,2.1,10.0,0.6099999999996726,0.91966642689679,-2.0049999999991996,63.0,0.05957333333333333,9,0.8699999999989814,0.6132380952380089,0,2,0,0,0.8601429450391497,0
2026-03-25 09:38:04+00:00,198,True,discovery,4.847685741897496,19.726000000001477,6.166666666666667,1.5213815789473684,0.6100000000005821,0.9196664268981612,-0.6300000000001091,1216.0,0.9978133333333333,9,4.4350000000004,0.6470008223684118,38,2,0,0,1.2318593747030806,0
2026-03-26 08:48:11+00:00,199,True,discovery,3.8342677353404357,24.291999999995824,7.566666666666666,0.829981718464351,0.9899999999997817,1.5656195566751119,-0.21000000000003638,2735.0,0.9998466666666667,8,3.8400000000001455,0.964663619744064,48,3,0,0,-0.4274877982380829,0
2026-03-26 11:49:34+00:00,200,True,discovery,5.281575298184244,23.9159999999938,7.966666666666667,1.3518099547511313,0.9900000000006912,1.5575143719019116,-0.8650000000006912,1768.0,0.99969,11,5.545000000000073,0.9810514705882357,49,3,0,0,0.5246697695355187,0
2026-03-27 08:43:56+00:00,201,True,discovery,0.35946260018873344,2.86000000000422,1.6333333333333333,0.5320304017372421,0.7900000000008731,1.249332777550483,0.020000000000436557,921.0,0.9997433333333333,8,0.3600000000005821,0.7976590662323663,43,4,0,1,-0.49225452323016833,0
2026-03-27 15:23:51+00:00,202,True,discovery,9.282758582611063,56.73150000001078,12.033333333333333,1.1660206718346253,0.9900000000006912,1.434037095787324,3.5299999999997453,3096.0,0.9996,15,12.228499999999258,0.923647286821726,23,4,0,1,1.4312918852584602,0
2026-03-30 07:30:21+00:00,203,True,discovery,2.972029995414617,9.947000000009211,3.8333333333333335,0.9372453137734312,0.7899999999999636,1.236348281952477,0.43000000000029104,1227.0,0.9999933333333333,7,3.2399999999997817,0.7886903015484907,30,0,1,0,0.38678782843434756,0
2026-03-30 11:14:39+00:00,204,True,discovery,0.31432278600548125,9.12699999999495,3.533333333333333,1.1817168338907469,0.7899999999999636,1.2428650038399942,0.21849999999994907,897.0,0.99772,11,0.32999999999992724,0.8168506131549652,14,0,1,0,-0.287824213669682,0
2026-03-30 11:52:48+00:00,205,True,discovery,3.2051399239672143,15.044999999990978,5.033333333333333,0.9079975947083584,0.8000000000001819,1.2585974722433764,-0.6400000000012369,1663.0,0.9992933333333334,11,3.3650000000016007,0.7864714371617498,52,0,1,0,-0.09409779730787204,0
2026-03-31 05:16:35+00:00,206,True,discovery,1.5630381509974531,8.291000000000167,4.5,1.1739130434782608,0.9099999999998545,1.2588761427891029,-0.10999999999967258,1150.0,0.9999566666666667,5,1.3699999999998909,0.8784313043478458,16,1,0,0,1.468665653495824,0
2026-03-31 12:00:37+00:00,207,True,discovery,0.49920240502748026,14.54300000000967,6.766666666666667,7.024221453287197,0.6970000000001164,1.0491855442625,2.0164999999997235,289.0,0.12306333333333333,12,0.7020000000002256,0.7582941176470491,0,1,0,0,0.6783165658469339,0
2026-03-31 17:13:28+00:00,208,True,discovery,0.8935062647785025,24.956499999982043,8.366666666666667,1.0622090562843842,0.7899999999999636,0.9653546474036008,-0.3899999999994179,2363.0,0.9996866666666666,17,1.71349999999984,0.7883656369022315,13,1,0,0,1.012550561962727,0
2026-04-01 10:01:41+00:00,210,True,discovery,2.0812092358463565,7.842999999978929,3.7,3.208092485549133,0.7899999999999636,1.227750811861529,-0.049999999999272404,346.0,0.33632666666666666,10,1.9499999999989086,0.767936416184982,1,2,0,0,0.8079181115476011,0
2026-04-02 11:51:54+00:00,211,True,discovery,1.7168691568937462,18.005499999995664,6.066666666666666,1.346153846153846,1.094000000000051,1.721132043292506,-0.9414999999999054,1352.0,0.9993166666666666,11,1.8024999999997817,0.7691301775148127,51,3,0,0,-0.3998160529485091,0
2026-04-06 06:32:16+00:00,214,True,discovery,0.18434505537913604,6.614999999995234,3.7666666666666666,1.0834132310642377,0.6170000000001892,0.9133602573097549,-0.7250000000003638,1043.0,0.9986566666666666,6,0.1750000000001819,0.6873125599233036,32,0,1,0,0.296333701708846,0
2026-04-06 10:38:30+00:00,215,True,discovery,0.5320424636253094,5.381499999994048,2.566666666666667,1.3275862068965518,0.7899999999999636,1.227750811861529,-0.2000000000007276,580.0,0.9941533333333333,10,0.4984999999996944,0.7867224137931066,38,0,1,0,-0.0867307970918042,0
2026-04-06 12:20:14+00:00,216,True,discovery,0.9244488981982231,11.96000000001186,4.6,1.6065192083818391,0.8699999999998909,1.309600320671604,-1.6899999999995998,859.0,0.99741,12,1.2999999999992724,0.812664726426068,20,0,1,0,0.3519573789104655,0
2026-04-07 06:04:07+00:00,217,True,discovery,0.9901962974645808,12.86700000000019,6.4,1.1247803163444638,0.9369999999998981,1.387064118474692,-0.00650000000041473,1707.0,0.8232366666666666,6,0.9400000000005093,0.8891675454013193,4,1,0,0,0.5310674375536273,0
2026-04-07 08:02:14+00:00,218,True,discovery,1.3879250396156924,32.31000000001495,10.633333333333333,2.1266666666666665,0.98700000000008,1.5608752549886884,0.43000000000029104,1500.0,0.9994833333333333,8,1.3900000000003274,0.9356246666666593,2,1,0,0,0.08654436306415025,0
2026-04-07 13:21:19+00:00,219,True,discovery,0.006816748953779602,9.364000000005035,6.966666666666667,1.1922418710781517,0.9669999999996435,1.4744919943460149,-0.39500000000043656,1753.0,0.9998966666666667,13,0.010000000000218279,0.9672338847689689,21,1,0,0,-0.3735967584410509,0
2026-04-08 05:51:27+00:00,220,True,discovery,1.6314923765890443,9.767000000003463,5.066666666666666,1.0059563203176702,0.7100000000000364,0.9822000674510459,0.4899999999997817,1511.0,0.99988,5,1.430000000000291,0.7033606882859047,51,2,0,0,0.8673615739731867,0
2026-04-08 15:32:24+00:00,221,True,discovery,0.018977713094030846,13.518000000002758,7.8,0.9574468085106383,0.6669999999994616,0.9661643867562679,0.25,2444.0,0.9998366666666667,15,0.025000000000545697,0.7130298690671167,32,2,0,0,-0.5391292953117617,0
2026-04-09 05:36:36+00:00,222,True,discovery,1.7798098653689234,5.460000000000946,2.3333333333333335,0.7352941176470589,0.7899999999999636,1.0928704975862686,-0.2899999999990541,952.0,0.99781,5,1.5599999999994907,0.7872394957983176,36,3,0,0,1.2262232543425537,0
2026-04-09 06:07:52+00:00,223,True,discovery,1.6396175925548666,7.935499999995955,4.366666666666666,0.9009628610729022,0.7770000000000437,1.1502121878922233,0.3649999999997817,1454.0,0.9979066666666667,6,1.5564999999987776,0.7673019257221465,7,3,0,0,0.6604724900336519,0
2026-04-09 08:06:30+00:00,224,True,discovery,0.8751915807352731,5.257500000011532,2.2333333333333334,0.7188841201716739,0.7899999999999636,1.2493327775490446,-0.09000000000014552,932.0,0.99968,8,0.8764999999993961,0.7829667381974272,6,3,0,0,-0.05890684067830598,0
2026-04-09 13:53:03+00:00,225,True,discovery,0.8715213537219367,16.11949999999706,7.3,0.7963636363636364,0.7899999999999636,1.2046004917618693,0.12999999999919964,2750.0,0.9992,13,1.2785000000003492,0.7254312727272703,53,3,0,0,-1.007288496060609,0
2026-04-10 05:14:46+00:00,226,True,discovery,0.3764982407511583,2.6900000000005093,1.2666666666666666,0.8695652173913042,0.7100000000000364,0.9822000674510459,0.7399999999997817,437.0,0.99752,5,0.32999999999992724,0.7036544622425761,14,4,0,1,1.1026143537959099,0
2026-04-10 05:30:33+00:00,227,True,discovery,0.4107253535474728,12.810000000004948,5.0,2.4875621890547266,0.7100000000000364,0.9822000674510459,-0.22999999999956344,603.0,0.9942033333333333,5,0.3600000000005821,0.7118623548922127,30,4,0,1,1.1684149505459112,0
2026-04-10 11:42:46+00:00,228,True,discovery,0.3714723834605507,3.1019999999989523,2.1333333333333333,1.1657559198542804,0.7899999999999636,1.2428650038399942,0.10150000000066939,549.0,0.99665,11,0.3899999999994179,0.7798488160291384,42,4,0,1,-0.3172706174395785,0
2026-04-13 08:14:05+00:00,230,True,discovery,1.3964123510089366,3.4744999999975335,2.4,0.851063829787234,0.7799999999997453,1.2335184385923816,0.32150000000001455,846.0,0.99926,8,1.39850000000024,0.6255165484633547,14,0,1,0,0.11010735845476505,0
2026-04-13 15:37:59+00:00,231,True,discovery,1.198252804730665,10.895500000005995,4.833333333333333,0.7052529182879377,0.7669999999998254,1.1110166186544033,-0.3415000000004511,2056.0,0.9995433333333333,15,1.5784999999996217,0.7382334630350181,37,0,1,0,-0.22658321451908103,0
2026-04-14 06:44:43+00:00,232,True,discovery,0.4950981487322904,2.560999999998785,1.9,0.7671601615074024,0.75,1.1102434246063309,0.10499999999956344,743.0,0.9961366666666667,6,0.47000000000025466,0.6545356662180383,44,1,0,0,0.31842280622659,0
2026-04-14 12:20:42+00:00,233,True,discovery,1.5100517194805714,8.731499999990774,4.4,1.104602510460251,0.7899999999999636,1.1891773026789072,-1.128499999998894,1195.0,0.9998866666666667,12,2.1234999999996944,0.76522175732218,20,1,0,0,0.332143302445735,0
2026-04-14 17:38:32+00:00,234,True,discovery,0.24508196349400385,5.02299999999741,2.9,0.7243963363863447,0.7899999999999636,0.9653546474036008,-0.31999999999970896,1201.0,0.9986733333333333,17,0.47000000000116415,0.7402597835137671,38,1,0,0,1.06601263049417,0
2026-04-15 06:13:14+00:00,235,True,discovery,3.6869011075788887,7.7299999999977445,3.4,1.1971830985915493,0.5999999999994543,0.8881947396842569,1.1549999999988358,852.0,0.99805,6,3.5,0.6499624413145626,13,2,0,0,1.368020969431882,0
2026-04-15 13:00:14+00:00,236,True,discovery,2.3108778952810667,13.71000000001095,4.333333333333333,9.999999999999998,0.6399999999994179,0.975878879401178,0.7599999999993088,130.0,0.046323333333333334,13,3.3900000000003274,0.6212999999999808,0,2,0,0,0.9407426466099521,0
2026-04-16 06:43:59+00:00,237,True,discovery,3.84491115504713,20.00700000000961,7.033333333333333,1.3817943680419122,0.6099999999996726,0.9029979853459977,-0.4349999999994907,1527.0,0.9999333333333333,6,3.6500000000005457,0.645265225933198,43,3,0,0,1.069889998617946,0
2026-04-16 12:36:23+00:00,238,True,discovery,1.6640080167578364,11.297999999987951,4.866666666666666,1.2446717817561805,0.7899999999999636,1.1891773026789072,0.2899999999990541,1173.0,0.9999666666666667,12,2.3400000000001455,0.7854211423699861,36,3,0,0,0.2082217679649474,0
2026-04-17 05:14:54+00:00,239,True,discovery,0.6200811934794302,1.8734999999960564,1.3333333333333333,0.718132854578097,0.6570000000001528,0.9088809074865551,-0.5434999999997672,557.0,0.9961333333333333,5,0.5434999999997672,0.7038868940753885,14,4,0,1,1.142545758398166,0
2026-04-17 10:51:42+00:00,240,True,discovery,2.935038665938812,8.817000000002736,4.266666666666667,1.5292712066905614,0.6000000000003638,0.9324689710346811,-0.43000000000029104,837.0,0.99972,10,2.75,0.6383811230585107,51,4,0,1,0.5477547927141565,0
2026-04-20 05:41:45+00:00,241,True,discovery,2.110671955727071,9.929999999980282,3.8333333333333335,0.9965337954939342,0.7100000000000364,0.9822000674510459,-0.3500000000003638,1154.0,0.9984066666666667,5,1.8500000000003638,0.7080225303292831,41,0,1,0,1.186371609213583,0
2026-04-20 15:25:31+00:00,242,True,discovery,,,,,,,,,0.0,15,,,25,0,1,0,,0
2026-04-21 07:42:50+00:00,244,True,discovery,1.2126616215851949,4.177999999998974,2.9,1.0163551401869158,0.7669999999998254,1.200353331971364,-0.010000000000218279,856.0,0.99997,7,1.321999999999207,0.9448457943925632,42,1,0,0,0.04971709501727806,0
2026-04-21 14:01:47+00:00,245,True,discovery,0.26454123116884576,13.855499999988751,6.633333333333334,2.2062084257206207,0.6100000000005821,0.8725528518740838,0.05999999999949068,902.0,0.3564833333333333,14,0.43150000000059663,0.6472472283813677,1,1,0,0,0.6135843326319024,0
2026-04-22 05:22:08+00:00,246,True,discovery,0.022818075197543,11.356000000007043,4.9,0.8930741190765493,0.7100000000000364,0.9822000674510459,-0.11999999999898137,1646.0,0.9998433333333333,5,0.020000000000436557,0.7135309842041366,22,2,0,0,0.5365488936855023,0
2026-04-22 12:29:56+00:00,247,True,discovery,2.2979666265608527,15.912500000004002,7.8,1.626129256428075,0.6199999999998909,0.9332783894440844,-0.7800000000006548,1439.0,0.9927133333333333,12,3.231499999999869,0.6153370396108385,29,2,0,0,0.5737742313743304,0
2026-04-23 17:58:13+00:00,249,True,discovery,0.6492064777643665,28.007999999995263,11.8,0.9546925566343043,0.47000000000025466,0.5743249168100748,-0.9050000000006548,3708.0,0.9998966666666667,17,1.2449999999998909,0.694161003236251,58,3,0,0,-0.4460560717137301,0
2026-04-24 08:25:06+00:00,250,True,discovery,2.011992053830326,5.375,4.233333333333333,0.8172458172458174,0.6100000000005821,0.9646746763363032,-0.45499999999992724,1554.0,0.99833,8,2.014999999999418,0.5492329472329524,25,4,0,1,0.09397691076354009,0
2026-04-24 13:32:20+00:00,251,True,discovery,0.3544709455890996,19.15700000000834,10.866666666666667,1.1889132020423048,0.5600000000004002,0.8538940194774176,0.1999999999998181,2742.0,0.9996533333333333,13,0.5200000000004366,0.6094427425237154,32,4,0,1,-0.6342825708100086,0
2026-04-27 08:51:00+00:00,253,True,discovery,0.26959695014155005,4.899999999995998,4.666666666666667,1.33587786259542,0.43000000000029104,0.6800165751221234,0.015000000000327418,1048.0,0.99988,8,0.27000000000043656,0.41423091603056605,51,0,1,0,-0.16067070742326717,0
2026-04-28 06:04:14+00:00,254,True,discovery,2.127868639230746,10.530999999996311,6.8,0.9700427960057061,0.5869999999995343,0.8689505203245322,0.38000000000010914,2103.0,0.8463666666666667,6,2.019999999999527,0.6411944840703686,4,1,0,0,0.6316504547185963,0
2026-04-28 16:35:59+00:00,255,True,discovery,1.5921441519928297,8.799499999988257,7.733333333333333,1.3004484304932735,0.5399999999999636,0.818633812643007,1.2034999999996217,1784.0,0.9998533333333334,16,2.0934999999990396,0.601928811659249,35,1,0,0,-0.07102328177719208,0
2026-04-29 06:00:38+00:00,256,True,discovery,2.886316867075814,12.520000000005894,6.5,1.3247282608695654,0.6199999999998909,0.9178012310077386,0.05999999999949068,1472.0,0.9978033333333334,6,2.7399999999997817,0.6611657608695534,0,2,0,0,1.1888816581383481,0
2026-04-29 10:38:23+00:00,257,True,discovery,0.1440837163281383,5.692000000006374,5.0,1.0721944245889923,0.5200000000004366,0.808139774896912,-0.15999999999985448,1399.0,0.9999033333333334,10,0.13500000000021828,0.5418691922802039,38,2,0,0,-0.31209357722971465,0
2026-04-30 10:58:53+00:00,258,True,discovery,2.758936345983493,5.741000000001804,5.033333333333333,0.9224190592547342,0.5600000000004002,0.8703043729657965,0.25,1637.0,0.9998333333333334,10,2.585000000000946,0.6254502138057384,58,3,0,0,0.10577428821438928,0
2026-05-01 06:16:51+00:00,259,True,discovery,0.7426472230979566,6.474999999993088,3.033333333333333,1.4967105263157894,0.5900000000001455,0.8733914940238623,0.22999999999956344,608.0,0.99637,6,0.7049999999999272,0.5917286184210462,16,4,0,1,0.688119229175367,0
2026-05-04 05:18:10+00:00,260,True,discovery,0.4546501483013941,8.695500000006177,3.1,1.0556186152099887,0.7200000000002547,0.9960338712182633,0.7049999999999272,881.0,0.9997766666666666,5,0.3985000000002401,0.6780170261066966,18,0,1,0,0.9448207761701888,0
2026-05-04 10:52:28+00:00,261,True,discovery,0.1158006164564264,11.976500000022497,7.1,1.303549571603427,0.7169999999996435,1.114300420385214,-0.15850000000045839,1634.0,0.99903,10,0.10850000000027649,0.618366585067305,52,0,1,0,-0.511505469024261,0
2026-05-04 17:24:33+00:00,262,True,discovery,0.18772235501652235,10.75400000000991,9.466666666666667,1.2049215103945694,0.5999999999994543,0.7331807448628612,-0.35499999999956344,2357.0,0.9999566666666667,17,0.3600000000005821,0.5313563852354639,24,0,1,0,0.7133211750872093,0
2026-05-05 03:17:31+00:00,263,True,discovery,0.2904268833506938,1.5200000000004366,0.8666666666666667,0.7365439093484419,0.6999999999998181,0.944838965394406,-0.11999999999898137,353.0,0.99341,3,0.15999999999985448,0.6854079320113123,17,1,0,0,1.3744664178008306,0
2026-05-05 10:41:28+00:00,264,True,discovery,0.485615488364344,4.475000000004002,5.633333333333334,1.2290909090909092,0.5199999999995271,0.8081397748954986,-0.5849999999991269,1375.0,0.9997,10,0.45499999999992724,0.526626181818144,41,1,0,0,-0.11687424250937273,0
2026-05-06 05:30:50+00:00,265,True,discovery,0.8368529078519382,11.129500000010012,4.366666666666666,1.7057291666666665,0.6700000000000728,0.9268648523834345,-0.1999999999998181,768.0,0.9996833333333334,5,0.7335000000002765,0.6867942708333494,30,2,0,0,1.1232064038052119,0
2026-05-06 09:41:15+00:00,266,True,discovery,0.5028039326432522,8.012999999998101,5.733333333333333,1.0380205190102596,0.5799999999999272,0.8744369304923896,-0.019999999999527063,1657.0,0.9997366666666667,9,0.4600000000000364,0.5941502715751404,41,2,0,0,-0.13512730164117714,0
2026-05-07 16:37:09+00:00,268,True,discovery,0.17111651979896356,11.374999999994543,10.433333333333334,1.1507352941176472,0.5499999999992724,0.8337936980612751,-0.8800000000001091,2720.0,0.9999,16,0.2250000000003638,0.5412860294117716,37,3,0,0,-0.6726850089803134,0
2026-05-08 06:30:27+00:00,269,True,discovery,1.5906344778404495,9.566999999998188,5.3,1.1220889202540578,0.5999999999994543,0.8881947396842569,-0.37999999999919964,1417.0,0.9985066666666667,6,1.5099999999993088,0.5938503881439698,30,4,0,1,0.5831005646860384,0
2026-05-11 12:38:02+00:00,271,True,discovery,0.1600007708423484,9.435999999994237,5.9,0.7603092783505155,0.5100000000002183,0.7676967397044686,-0.4899999999997817,2328.0,0.9999266666666666,12,0.2250000000003638,0.5372723367697534,38,0,1,0,-0.700638729954034,0
2026-05-12 02:30:04+00:00,272,True,discovery,1.8099999999994907,6.5569999999952415,2.6666666666666665,0.6796941376380629,0.680000000000291,1.0319422991136438,1.180000000000291,1177.0,0.99896,2,1.8099999999994907,0.6589515717926835,30,1,0,0,0.4920790829542968,0
2026-05-12 10:41:21+00:00,273,True,discovery,3.4259905882403725,9.836999999999534,6.833333333333333,1.0846560846560847,0.5600000000004002,0.8703043729657965,1.2100000000000364,1890.0,0.99953,10,3.209999999999127,0.5295280423280486,41,1,0,0,0.3446173098953481,0
2026-05-13 05:32:18+00:00,274,True,discovery,2.7324645048466283,13.004999999986467,8.2,1.5018315018315016,0.5500000000001819,0.7608592071806003,-0.7950000000009823,1638.0,0.99895,5,2.3950000000004366,0.6238565323565459,32,2,0,0,1.445737922515399,0
2026-05-13 10:32:46+00:00,275,True,discovery,0.5122976580552793,6.070000000007894,4.233333333333333,1.329842931937173,0.5499999999992724,0.8547632234468086,-0.5700000000006185,955.0,0.9990933333333334,10,0.48000000000047294,0.5561560209424082,32,2,0,0,0.008989492360716334,0
2026-05-13 13:16:14+00:00,276,True,discovery,0.2590364602374251,8.216999999995096,6.533333333333333,1.136890951276102,0.38000000000010914,0.5794280846451428,0.015000000000327418,1724.0,0.99997,13,0.37999999999919964,0.41712064965196,16,2,0,0,-0.20114987014310826,0
2026-05-13 13:27:45+00:00,277,True,discovery,0.34765419663531993,7.140000000012151,6.133333333333334,1.035453010692178,0.3899999999994179,0.5946761921347462,-0.03499999999985448,1777.0,0.9982566666666667,13,0.5100000000002183,0.39457118739449853,27,2,0,0,-0.3095503929385863,0
2026-05-14 11:27:21+00:00,279,True,discovery,0.9191560257436424,5.952000000006592,3.533333333333333,1.0557768924302788,0.6300000000001091,0.9911455093916052,0.4350000000004002,1004.0,0.99982,11,0.9650000000001455,0.5643715139442339,27,3,0,0,-0.150420082585754,0
2026-05-15 03:52:48+00:00,280,True,discovery,,,,,,,,,0.0,3,,,52,4,0,1,,0
2026-05-15 11:15:09+00:00,281,True,discovery,0.17144879236694113,8.703999999997905,5.366666666666666,0.8054027013506753,0.6199999999998909,0.9754130409882231,0.26999999999952706,1999.0,0.9997633333333333,11,0.18000000000029104,0.5367198599299633,15,4,0,1,-0.6803232243243744,0
2026-05-18 06:44:22+00:00,282,True,discovery,2.3475026052114774,8.358500000003005,4.566666666666666,0.9607293127629734,0.7470000000002983,1.105802450908347,0.08350000000064028,1426.0,0.99947,6,2.2285000000001673,0.7360848527349267,44,0,1,0,0.6304844805891039,0
2026-05-18 13:08:58+00:00,283,True,discovery,1.2338315606074488,16.180000000010295,10.166666666666666,1.057925771765522,0.4600000000000364,0.7014129445702901,0.45499999999992724,2883.0,0.9996833333333334,13,1.8100000000004002,0.5143184183142537,8,0,1,0,-0.31692735091534163,0
2026-05-18 14:35:04+00:00,284,True,discovery,1.897462596677898,22.202000000003864,10.0,0.8756567425569177,0.6100000000005821,0.8725528518740838,0.16499999999996362,3426.0,0.99973,14,3.0950000000002547,0.5443715703444332,35,0,1,0,-0.4033625116763441,0
2026-05-19 07:09:51+00:00,286,True,discovery,0.9952631311806126,13.705000000002656,7.433333333333334,1.3071512309495898,0.680000000000291,1.0641985211747884,0.0999999999994543,1706.0,0.99999,7,1.0850000000000364,0.5878757327081228,9,1,0,0,0.09504413402507911,0
2026-05-20 06:00:09+00:00,287,True,discovery,0.34920220490378856,10.389499999995678,3.5,10.0,0.7169999999996435,1.0613927139231245,0.6934999999994034,105.0,0.029803333333333334,6,0.33150000000023283,0.8223333333333704,0,2,0,0,0.9077063268466111,0
2026-05-21 06:39:49+00:00,288,True,discovery,1.3046362919251073,6.680500000001302,3.8333333333333335,0.8499630450849964,0.589999999999236,0.873391494022516,-0.42000000000007276,1353.0,0.99984,6,1.2385000000003856,0.5890517368810052,39,3,0,0,0.3689027860866052,0
2026-05-22 05:36:56+00:00,290,True,discovery,1.374789030621874,11.942000000002736,6.4,1.2990527740189446,0.7600000000002183,1.0513690862858747,-0.35499999999956344,1478.0,0.99938,5,1.2049999999999272,0.7435886332882343,36,4,0,1,1.110667311516564,0
2026-05-22 12:30:46+00:00,291,True,discovery,0.09600046250540904,7.479999999999563,4.766666666666667,0.7988826815642458,0.6100000000005821,0.9182255121960241,0.4149999999999636,1790.0,0.99993,12,0.13500000000021828,0.6010184357542018,30,4,0,1,-0.4873280005505247,0
2026-05-25 06:09:03+00:00,292,True,discovery,0.6267731882886793,4.1949999999933425,2.066666666666667,0.6553911205073997,0.5799999999999272,0.8585882483621214,-0.21000000000003638,946.0,0.9967266666666666,6,0.5950000000002547,0.5896331923889704,9,0,1,0,0.4726067742889968,0
2026-05-25 12:59:41+00:00,293,True,discovery,0.04728911671548369,2.5845000000017535,1.8333333333333333,0.9499136442141624,0.5370000000002619,0.8083395082771064,0.006499999999505235,579.0,0.99734,12,0.06649999999990541,0.5733005181347178,59,0,1,0,-0.22410571443808713,0
2026-05-26 05:40:30+00:00,294,True,discovery,,,,,,,,,0.0,5,,,40,1,0,0,,0
2026-05-26 10:48:28+00:00,295,True,discovery,0.9803029144233147,7.033500000008644,4.866666666666666,1.021693491952414,0.6169999999992797,0.9588889252122962,0.1584999999995489,1429.0,0.99991,10,0.9184999999997672,0.5674436668999163,48,1,0,0,-0.25582772442627866,0
2026-05-26 12:35:27+00:00,296,True,discovery,1.8773423778807519,10.45900000000347,8.066666666666666,1.1157215306592898,0.5370000000002619,0.8083395082771064,-0.301499999999578,2169.0,0.9997266666666667,12,2.6400000000003274,0.5489893960350463,35,1,0,0,0.0937428230013162,0
2026-05-27 06:21:22+00:00,297,True,discovery,1.3852214161337475,11.194000000004962,7.5,1.1532547411583804,0.7100000000000364,1.0510304419607137,-0.47000000000025466,1951.0,0.9992866666666667,6,1.3150000000005093,0.7193065094823252,21,2,0,0,0.5118118607417568,0
2026-05-27 11:50:40+00:00,298,True,discovery,0.9634469637711913,13.024499999994987,7.0,1.4112903225806452,0.6300000000001091,0.9911455093916052,-0.2014999999992142,1488.0,0.99491,11,1.0114999999996144,0.546662634408606,50,2,0,0,-0.3012834883749633,0
2026-05-28 14:04:21+00:00,300,True,discovery,0.6274807650081178,15.545500000004722,7.333333333333333,0.9747452370403189,0.7200000000002547,1.0298984481130542,0.788499999999658,2257.0,0.9999,14,1.02350000000024,0.8254740806380293,4,3,0,0,-0.011874841295009875,0
2026-05-28 17:45:24+00:00,301,True,discovery,0.7143878510343612,5.322999999996682,4.533333333333333,1.2285456187895212,0.7470000000002983,0.9128100273554569,1.6850000000004002,1107.0,0.9997033333333334,17,1.3700000000008004,0.7075889792231153,45,3,0,0,1.181889392158185,0
2026-05-29 06:09:04+00:00,302,True,discovery,0.3844911155044256,4.394999999996799,2.933333333333333,0.8073394495412843,0.589999999999236,0.873391494022516,0.4600000000009459,1090.0,0.9997233333333333,6,0.3649999999997817,0.5970119266054891,9,4,0,1,0.3784076344396452,0
2026-06-01 08:07:05+00:00,304,True,discovery,3.088882093562104,8.150499999997919,4.133333333333334,1.1665098777046097,0.5870000000004438,0.9283016967365537,0.19350000000031287,1063.0,0.99979,8,3.0935000000008586,0.6309633113828769,7,0,1,0,0.7291027571734834,0
2026-06-01 13:40:02+00:00,305,True,discovery,2.6755739642995957,23.92500000000655,9.6,0.9752793769048425,0.7300000000004729,1.1131118468187022,-0.5849999999991269,2953.0,0.9997166666666667,13,3.9249999999992724,0.6306244497121498,40,0,1,0,-0.36641300401802135,0
2026-06-02 13:27:01+00:00,306,True,discovery,0.3534484332458466,4.959500000006301,3.933333333333333,0.7788778877887789,0.5600000000004002,0.8538940194774176,0.13500000000021828,1515.0,0.9995666666666667,13,0.518500000000131,0.5384059405940771,27,1,0,0,-0.39006008951937887,0
2026-06-03 15:19:30+00:00,308,True,discovery,1.4070076487615524,11.911500000005617,7.966666666666667,1.084884248751702,0.6469999999999345,0.9371939403774313,-0.31850000000122236,2203.0,0.9995333333333334,15,1.8535000000010768,0.6384475714934367,19,2,0,0,0.14536379354681092,0
2026-06-04 06:02:48+00:00,309,True,discovery,0.8743222626543455,7.419999999998254,5.466666666666667,1.6994818652849741,0.680000000000291,1.0066207049768374,0.6700000000000728,965.0,0.55971,6,0.8299999999999272,0.5578559585492465,2,3,0,0,0.8546641793461207,0
2026-06-04 07:05:50+00:00,310,True,discovery,1.2612781616343747,6.222000000001572,3.4,0.8600337268128162,0.5399999999999636,0.8450988256383839,0.04500000000007276,1186.0,0.99994,7,1.375,0.5598819561551384,5,3,0,0,0.2601867229900414,0
2026-06-05 11:55:49+00:00,312,True,discovery,1.3334906072967947,5.519999999995889,3.1,0.7334384858044164,0.5299999999997453,0.8338208253606466,-0.660000000000764,1268.0,0.9999933333333333,11,1.4000000000005457,0.5365804416403814,55,4,0,1,-0.32061471677150677,0
2026-06-08 15:18:03+00:00,314,True,discovery,0.2543013554544901,11.875000000002728,7.1,1.140256959314775,0.6100000000005821,0.8835986145762542,0.6850000000004002,1868.0,0.99902,15,0.3350000000000364,0.5337719486081455,18,0,1,0,-0.1325354136016279,0
2026-06-09 07:32:19+00:00,315,True,discovery,1.6190225129346068,5.511999999996078,3.8666666666666667,1.0953729933899907,0.5799999999999272,0.9076987386485819,0.2650000000003274,1059.0,0.9998733333333333,7,1.7650000000003274,0.5265325779036741,32,1,0,0,0.2692833434896873,0
2026-06-11 06:36:08+00:00,317,True,buffer,2.6124327847982953,8.036000000000058,5.033333333333333,1.1861743912018854,0.5899999999996908,0.8733914940231892,0.26499999999987267,1273.0,0.9997233333333333,6,2.4799999999995634,0.6211005498821678,36,3,0,0,0.8711691290348238,0
2026-06-12 05:17:41+00:00,318,True,lockbox,2.2989210761016126,8.812000000003536,4.133333333333334,1.0316139767054908,0.75,1.0375352825186572,-0.3350000000000364,1202.0,0.9990033333333334,5,2.014999999999418,0.7527920133111645,17,4,0,1,1.4676674362550655,0
2026-06-12 14:23:16+00:00,319,True,lockbox,0.4260861081396459,17.85199999998713,8.9,0.9751643535427319,0.5600000000004002,0.8010321263104424,-0.4000000000005457,2738.0,0.9997033333333334,14,0.6950000000006185,0.5280306793279781,23,4,0,1,-0.375076252103399,0
2026-06-15 05:44:57+00:00,320,True,lockbox,1.5801517073956104,11.65400000002046,5.533333333333333,1.3206046141607,0.6999999999998181,0.9683662636838285,-0.6464999999998327,1257.0,0.99948,5,1.3850000000002183,0.6744303898170217,44,0,1,0,1.1139212727113152,0
2026-06-15 13:30:46+00:00,321,True,lockbox,3.002777914073577,19.24099999999453,8.2,1.5638906547997455,0.6199999999998909,0.9453826644205846,2.399999999999636,1573.0,0.9994433333333334,13,4.404999999998836,0.5821538461538369,30,0,1,0,0.3856242069281334,0
2026-06-16 10:18:40+00:00,322,True,lockbox,0.11740154663720304,1.520000000004984,1.2666666666666666,0.7156308851224105,0.4099999999998545,0.6371871302064196,0.06500000000050932,531.0,0.9991766666666667,10,0.10999999999967258,0.4068173258003586,18,1,0,0,0.0276125570573309,0
2026-06-16 12:06:09+00:00,323,True,lockbox,0.37333513196461726,5.555000000007567,4.466666666666667,1.0841423948220066,0.5,0.7526438624550392,0.45499999999992724,1236.0,0.99951,12,0.5249999999996362,0.5015776699029022,6,1,0,0,0.08100888824436936,0
2026-06-17 05:49:19+00:00,324,True,lockbox,1.443243256214503,7.631999999995969,4.233333333333333,1.1462093862815885,0.5500000000001819,0.7608592071806003,-0.13999999999941792,1108.0,0.99944,5,1.265000000001237,0.5312996389891633,49,2,0,0,0.9040007134409369,0
2026-06-18 15:09:38+00:00,325,True,lockbox,1.0779341037174783,9.360000000007858,5.2,0.936936936936937,0.6300000000001091,0.9125690609550908,0.660000000000764,1665.0,0.99928,15,1.4200000000000728,0.6146108108108055,9,3,0,0,0.12873751872444428,0
2026-06-19 05:32:37+00:00,326,True,lockbox,0.013120393238898518,7.808499999999185,4.133333333333334,0.8516483516483517,0.7169999999996435,0.9918837300873431,0.038500000000567525,1456.0,0.9997,5,0.011500000000523869,0.6548619505494538,32,4,0,1,0.5463152831801306,0
2026-06-22 05:28:11+00:00,327,True,lockbox,1.08956309065985,4.824999999999818,2.1,0.6723585912486659,0.6499999999996362,0.8991972448489997,0.5450000000000728,937.0,0.9992,5,0.9550000000008367,0.6649861259338398,28,0,1,0,0.9273391906975198,0
2026-06-23 03:39:04+00:00,328,True,lockbox,2.40509762774979,9.844999999994798,4.8,1.1197511664074649,0.6700000000000728,0.9043458668778361,0.35499999999956344,1286.0,0.9978666666666667,3,1.324999999999818,0.6551547433903778,39,1,0,0,1.492545782177371,0
2026-06-23 18:06:17+00:00,329,True,lockbox,0.1947404384534528,4.395999999986998,3.8,0.9947643979057592,0.6599999999998545,0.8311292887826427,0.06349999999929423,1146.0,0.9998833333333333,18,0.18500000000040018,0.749103839441546,6,1,0,0,0.9231636616132181,0
2026-06-24 07:08:33+00:00,330,True,lockbox,0.8072180234460999,5.62000000000171,3.0,0.9443861490031479,0.4899999999997817,0.7668489343752807,-0.21000000000003638,953.0,0.9985466666666667,7,0.8800000000001091,0.5264658971668384,8,2,0,0,0.24751615987125408,0
2026-06-24 13:41:19+00:00,331,True,lockbox,0.8759522405414595,26.841000000003078,10.433333333333334,0.913068844807468,0.7699999999999818,1.1741042767805825,-0.03500000000030923,3428.0,0.9998166666666667,13,1.2849999999998545,0.7148556009335013,41,2,0,0,-1.1426006080977338,0
2026-06-25 16:46:01+00:00,333,True,lockbox,3.507128138007293,16.649499999994987,8.233333333333333,1.3563975837451947,0.7700000000004366,1.1673111772879914,-1.2965000000003783,1821.0,0.9996233333333333,16,4.611499999999978,0.7169044481054324,46,3,0,0,0.3865639179675442,0
2026-06-26 11:36:53+00:00,334,True,lockbox,0.7762820321051024,4.416000000001986,2.9,0.925531914893617,0.6169999999997344,0.9706933004670655,-0.12000000000034561,940.0,0.9987966666666667,11,0.8150000000005093,0.7355202127659518,36,4,0,1,-0.2255795506882574,0
2026-06-29 11:55:16+00:00,335,True,lockbox,0.7000825688306657,2.8449999999988904,2.1666666666666665,0.9180790960451978,0.4499999999998181,0.707961078136452,-0.44000000000005457,708.0,0.9992966666666667,11,0.7350000000001273,0.4689463276836057,55,0,1,0,-0.20219875233301865,0
2026-07-01 14:01:51+00:00,337,True,lockbox,2.9826027569750124,36.00500000000147,8.266666666666667,2.4054316197866155,0.7200000000002547,1.0298984481130542,0.13499999999976353,1031.0,0.36995333333333336,14,4.8650000000002365,0.7338098933074781,1,2,0,0,1.1560197052945869,0
2026-07-02 13:13:42+00:00,338,True,lockbox,0.606690656873365,16.769999999999527,6.866666666666666,0.9440879926672776,0.6699999999991633,1.0216232018727616,0.805000000000291,2182.0,0.9992966666666667,13,0.8900000000003274,0.6846241979835003,13,3,0,0,-0.5374542881196731,0
2026-07-03 03:32:03+00:00,339,True,lockbox,0.571777926596472,5.445000000006075,3.033333333333333,0.922920892494929,0.7199999999993452,0.9718343644050433,-0.30500000000029104,986.0,0.99965,3,0.3149999999995998,0.7149594320486804,32,4,0,1,1.175871047836847,0
2026-07-03 05:08:26+00:00,340,True,lockbox,0.245294308368399,4.505000000004657,3.2333333333333334,1.1136624569460392,0.7300000000004729,1.0098676749854807,-0.020000000000436557,871.0,0.9964866666666666,5,0.21500000000014552,0.6862686567164125,8,4,0,1,1.0918685140133046,0
2026-07-06 03:37:10+00:00,341,True,lockbox,1.1526316932995104,4.184999999999491,3.566666666666667,0.9990662931839404,0.7600000000002183,1.0258251624287733,-0.4499999999998181,1071.0,0.99927,3,0.6350000000002183,0.6832679738562378,37,0,1,0,1.3805369170248456,0
2026-07-07 05:30:02+00:00,342,True,lockbox,1.9053092789533346,14.290000000009968,4.933333333333334,1.2937062937062938,0.8800000000001091,1.217374731488709,-1.930000000000291,1144.0,0.9977533333333334,5,1.6700000000000728,0.7782167832168021,30,1,0,0,1.4776273458061384,0
2026-07-07 07:41:18+00:00,343,True,lockbox,0.37609021546985977,2.160000000000764,1.8,0.994475138121547,0.5999999999994543,0.9389986951529692,-0.019999999999527063,543.0,0.99763,7,0.410000000000764,0.5911233885819597,41,1,0,0,-0.004999677139799319,0
2026-07-07 08:45:26+00:00,344,True,lockbox,0.7189252003765587,3.339999999999236,2.7,1.0150375939849625,0.5399999999999636,0.8539743036411009,0.3249999999998181,798.0,0.9990833333333333,8,0.7200000000002547,0.5709561403508687,45,1,0,0,-0.10700063269525506,0
2026-07-08 05:08:25+00:00,345,True,lockbox,0.6617241807142199,7.570000000010623,5.7,1.0136336692353292,0.7199999999993452,0.996033871217005,0.13000000000010914,1687.0,0.9999533333333334,5,0.5799999999999272,0.6951037344398261,8,2,0,0,0.9357511686749236,0
2026-07-08 11:04:59+00:00,346,True,lockbox,,,,,,,,,0.0,11,,,4,2,0,0,,0
2026-07-09 07:15:32+00:00,348,True,lockbox,0.18804510773451275,6.514999999997599,3.6666666666666665,0.8957654723127034,0.680000000000291,1.0641985211747884,0.04500000000007276,1228.0,0.9995333333333334,7,0.20499999999992724,0.6651710097719921,15,3,0,0,-0.17551321019697497,0
2026-07-10 05:49:00+00:00,349,True,lockbox,0.5191112107326891,8.225000000002183,4.766666666666667,0.9273670557717251,0.8900000000003274,1.2312085352559263,-0.049999999999272404,1542.0,0.99973,5,0.45499999999992724,0.7988326848249164,49,4,0,1,0.7246650917212474,0
2026-07-13 05:16:27+00:00,350,True,lockbox,1.4204251810159223,8.464999999997417,4.733333333333333,0.8706315144083385,0.7899999999999636,1.0928704975862686,0.10500000000001819,1631.0,0.99984,5,1.2449999999998909,0.7833844267320648,16,0,1,0,1.0651201655577105,0
2026-07-13 12:43:27+00:00,351,True,lockbox,0.7360035458735091,6.954999999999018,3.933333333333333,0.9800664451827241,0.8899999999998727,1.3397060751697782,0.2849999999998545,1204.0,0.9995266666666667,12,1.0349999999998545,0.8837873754152971,43,0,1,0,-0.14745384580785692,0
2026-07-14 04:51:04+00:00,352,True,lockbox,,,,,,,,,0.0,4,,,51,1,0,0,,0
2026-07-14 05:30:53+00:00,353,True,lockbox,1.5174020006039235,14.920000000004165,6.766666666666667,1.7606244579358197,0.7900000000004184,1.0928704975868977,-0.2800000000002001,1153.0,0.9999333333333333,5,1.330000000000382,0.7935385949696454,30,1,0,0,1.388763622344422,0
2026-07-15 05:31:12+00:00,354,True,lockbox,0.0399316315946626,14.625,6.6,1.6150081566068513,0.6400000000003274,0.8853634410830404,-0.955000000000382,1226.0,0.9993333333333333,5,0.03499999999985448,0.7786460032626545,31,2,0,0,0.8227788663033928,0
2026-07-15 12:13:35+00:00,355,True,lockbox,0.12800061667323195,9.410000000004402,5.833333333333333,1.4250814332247554,0.6100000000001273,0.9182255121953395,-0.1999999999998181,1228.0,0.9993933333333334,12,0.17999999999938154,0.6291368078175873,13,2,0,0,0.07552561558564497,0
2026-07-16 05:45:23+00:00,356,True,lockbox,0.0399316315946626,8.805000000009386,6.966666666666667,1.0230053842388644,0.5799999999999272,0.8023606184809943,-0.1950000000001637,2043.0,0.9999633333333333,5,0.03499999999985448,0.7204552129221772,45,3,0,0,0.3034373990319452,0
2026-07-17 06:35:22+00:00,357,True,lockbox,2.180538655053493,7.670000000000073,4.133333333333334,0.8469945355191257,0.6599999999998545,0.9770142136533557,-0.2300000000000182,1464.0,0.9998866666666667,6,2.069999999999709,0.6654234972677594,35,4,0,1,0.5953988484818191,0
2026-07-20 08:10:48+00:00,358,True,lockbox,0.3344999196195669,3.9649999999965075,3.3333333333333335,0.8741258741258742,0.5599999999999454,0.8856029815537076,-0.005000000000109139,1144.0,0.9998966666666667,8,0.3350000000000364,0.5400699300699262,10,0,1,0,-0.0975468927747769,0
2026-07-20 14:51:46+00:00,359,True,lockbox,0.23603331170318087,6.6049999999959255,5.3,0.7175090252707581,0.599999999999909,0.8582487067604448,-0.24000000000023647,2216.0,0.99983,14,0.3850000000002183,0.6261146209386258,51,0,1,0,-0.5132650999540371,0
2026-07-21 06:41:33+00:00,360,True,lockbox,1.5379644620181814,4.5900000000006,2.6666666666666665,0.9019165727170236,0.9200000000000728,1.3618986008505403,0.6399999999998727,887.0,0.9993266666666667,6,1.4599999999995816,0.9055242390078987,41,1,0,0,0.5949180711686424,0
2026-07-21 16:41:05+00:00,361,True,lockbox,0.003802589328942711,3.115000000004329,3.533333333333333,0.9363957597173145,0.6700000000000728,1.0157123230942802,0.3350000000000364,1132.0,0.9999633333333333,16,0.005000000000109139,0.6531802120141343,41,1,0,0,-0.5041005474200164,0
2026-07-22 19:54:35+00:00,363,True,lockbox,2.2349999999996726,15.202999999985877,8.366666666666667,1.5314215985356927,0.6100000000005821,0.7353599442224232,-0.07000000000061846,1639.0,0.9999733333333334,19,2.2349999999996726,0.5725784014643065,54,2,0,0,1.2743633387618094,0
2026-07-23 09:20:23+00:00,365,True,lockbox,0.6612964766280957,4.0349999999980355,2.933333333333333,0.7726075504828797,0.3100000000004002,0.4673714628500426,-0.11999999999989086,1139.0,0.9982666666666666,9,0.6049999999995634,0.5332309043020325,20,3,0,0,0.1446081802120407,0
2026-07-24 05:50:08+00:00,366,True,lockbox,0.8328597446926794,4.920000000002801,2.5,0.6830601092896175,0.7699999999999818,1.065202890052463,0.25500000000010914,1098.0,0.9973466666666667,5,0.7300000000004729,0.74811475409837,50,4,0,1,0.7598899471996785,0
2026-07-24 07:35:14+00:00,367,True,lockbox,0.0045864660424069295,7.085000000001855,3.966666666666667,0.8893871449925262,0.569999999999709,0.8920487603956765,0.27500000000009095,1338.0,0.9999633333333333,7,0.005000000000109139,0.5152092675635302,35,4,0,1,-0.3739879499405596,0
2026-07-27 13:33:09+00:00,369,True,lockbox,0.6544078995482723,20.609999999999218,7.9,1.0281995661605206,0.6199999999998909,0.9453826644205846,0.27500000000009095,2305.0,0.9998,13,0.9599999999995816,0.6245856832971783,33,0,1,0,-0.6589765704158789,0
2026-07-30 09:32:41+00:00,373,True,lockbox,0.3060545676960871,7.130000000004202,3.7333333333333334,1.1475409836065573,0.4699999999997999,0.7085954436746547,-0.05500000000029104,976.0,0.9982233333333334,9,0.2800000000002001,0.5400614754098406,32,3,0,0,0.07382002521321152,0
2026-08-03 05:03:06+00:00,375,True,lockbox,0.7358829251046782,4.604999999999109,1.7333333333333334,1.0743801652892562,0.75,1.0375352825186572,-0.03499999999985448,484.0,0.6196866666666667,5,0.6449999999999818,0.6950826446280984,3,0,1,0,1.343908833851392,0
2026-08-04 05:06:17+00:00,376,True,lockbox,0.31945305275833846,4.519999999999527,1.2666666666666666,0.8296943231441047,0.75,1.0375352825186572,-0.5850000000000364,458.0,0.9941866666666667,5,0.27999999999974534,0.7023580786026337,6,1,0,0,1.2014122725316727,0
2026-08-04 18:47:35+00:00,377,True,lockbox,0.35790134634626525,7.3200000000024374,3.1,0.8985507246376812,0.5799999999999272,0.7303863446878464,0.05499999999983629,1035.0,0.9998766666666666,18,0.3400000000001455,0.5195516908212598,47,1,0,0,0.47733642108975927,0
2026-08-05 08:44:22+00:00,379,True,lockbox,2.576148634681685,14.360000000000582,5.133333333333334,1.619348054679285,0.6099999999996726,0.9646746763348649,-1.1499999999996362,951.0,0.9985666666666667,8,2.5799999999999272,0.5377497371188497,44,2,0,0,0.43720670925116234,0
2026-08-06 17:23:51+00:00,381,True,lockbox,0.08343215778491025,4.069999999986976,2.6666666666666665,0.8724100327153762,0.4499999999998181,0.5498855586474237,0.14000000000032742,917.0,0.9997733333333333,17,0.15999999999985448,0.505376226826588,23,3,0,0,0.5868470235328807,0
2026-08-07 05:08:00+00:00,382,True,lockbox,0.017113556397119603,11.794999999990978,3.1666666666666665,1.2666666666666666,0.6199999999998909,0.8576958335486057,0.29500000000007276,750.0,0.99964,5,0.014999999999417923,0.7121600000000022,8,4,0,1,0.8610807222331066,0
2026-08-11 08:51:13+00:00,385,True,lockbox,0.47928346691800855,5.580000000002656,2.7,1.0371318822023048,0.5200000000004366,0.8223456257292133,0.8299999999999272,781.0,0.9971566666666667,8,0.48000000000047294,0.5443277848911592,51,1,0,0,-0.25851892576871904,0
2026-08-12 12:00:05+00:00,386,True,lockbox,0.284445814830123,2.1600000000016735,1.1,10.0,0.5799999999999272,0.8730668804477361,-0.3999999999996362,33.0,0.016286666666666668,12,0.3999999999996362,0.6154545454544749,0,2,0,0,0.4702656566635375,0
2026-08-14 05:00:52+00:00,388,True,lockbox,0.3650892031523868,6.250000000007276,1.9,4.253731343283582,0.7700000000004366,1.065202890053092,0.25,134.0,0.17332,5,0.31999999999970896,0.7417910447761439,0,4,0,1,1.4353005029325274,0
2026-08-14 05:50:02+00:00,389,True,lockbox,2.293216557303264,12.349999999996726,3.933333333333333,1.4303030303030302,0.75,1.0375352825186572,-0.20999999999912689,825.0,0.9994466666666667,5,2.0100000000002183,0.7304606060606106,50,4,0,1,1.3557787069433997,0
2026-08-18 03:00:51+00:00,391,True,lockbox,,,,,,,,,0.0,3,,,0,1,0,0,,0
2026-08-19 05:06:43+00:00,392,True,lockbox,1.3234483614274022,4.909999999998945,2.6333333333333333,0.9564164648910412,0.42000000000007276,0.5810197582105487,0.0,826.0,0.9990266666666666,5,1.159999999998945,0.42997336561743493,6,2,0,0,1.1034696415318064,0
2026-08-20 05:03:17+00:00,393,True,lockbox,0.7187693687070398,6.279999999994288,1.5666666666666667,1.4156626506024097,0.7600000000002183,1.0513690862858747,0.015000000000327418,332.0,0.6544566666666667,5,0.6300000000001091,0.7551204819277377,3,3,0,0,1.3846489987984616,0
2026-08-21 05:11:26+00:00,394,True,lockbox,0.5134066919333033,6.730000000000473,2.066666666666667,1.2525252525252528,0.75,1.0375352825186572,-0.11999999999989086,495.0,0.9950566666666667,5,0.4499999999998181,0.7232121212121134,11,4,0,1,1.2209585278249175,0
2026-08-25 05:04:19+00:00,396,True,lockbox,0.10838585718625394,7.564999999994143,2.2666666666666666,0.8173076923076923,0.8400000000001455,1.1620395164210975,0.010000000000218279,832.0,0.8619466666666666,5,0.09500000000025466,0.7977644230769337,4,1,0,0,1.04374806343923,0
2026-08-25 17:27:24+00:00,397,True,lockbox,0.07821764792370905,5.440000000008695,3.2333333333333334,0.8347676419965576,0.5199999999995271,0.6354233122144797,-0.46999999999934516,1162.0,0.99967,17,0.1500000000005457,0.5067383820998177,27,1,0,0,0.6222499444293805,0
2026-08-27 08:17:10+00:00,399,True,lockbox,0.14478354729753354,4.505000000003747,2.3,0.9636871508379887,0.5600000000004002,0.8856029815544267,0.589999999999236,716.0,0.9987466666666667,8,0.14499999999952706,0.5696787709496856,17,3,0,0,-0.10406361632476058,0
2026-08-28 05:18:43+00:00,400,True,lockbox,0.2338852707696275,3.0650000000005093,1.3,0.8552631578947368,0.7000000000007276,0.9683662636850867,0.23000000000047294,456.0,0.9938566666666667,5,0.20499999999992724,0.7189473684210609,18,4,0,1,1.0372830974304048,0
2026-08-31 05:03:50+00:00,401,True,lockbox,0.9754727146742103,5.245000000003529,1.4333333333333333,0.7300509337860781,0.5900000000001455,0.8161944222482117,-0.009999999999308784,589.0,0.7662733333333334,5,0.8550000000004729,0.6904244482173095,3,0,1,0,1.1750649024389006,0
2026-09-01 06:00:02+00:00,402,True,lockbox,0.28441808544130176,1.0600000000022192,0.3333333333333333,10.0,0.6299999999991996,0.9326044766681332,-0.26999999999952706,10.0,0.00634,6,0.26999999999952706,0.63199999999988,0,1,0,0,0.7962141353027168,0
2026-09-02 06:04:25+00:00,403,True,lockbox,1.2324783702478765,14.249999999994543,3.4,1.2499999999999998,0.6199999999998909,0.9178012310077386,0.694999999999709,816.0,0.8831733333333334,6,1.1700000000000728,0.6232475490195997,4,2,0,0,0.6853009614126295,0
2026-09-02 15:21:55+00:00,404,True,lockbox,0.18598158831805028,11.195000000005166,5.5,0.9838998211091234,0.5900000000001455,0.8546281681961001,0.004999999999199645,1677.0,0.9997866666666667,15,0.24500000000080036,0.6084436493738893,21,2,0,0,-0.19539640480251208,0
2026-09-03 05:48:56+00:00,405,True,lockbox,1.6029697825931533,15.455000000001746,4.7,1.2186689714779604,0.7900000000008731,1.0928704975875267,0.7649999999994179,1157.0,0.9997833333333334,5,1.4050000000006548,0.7202852203975917,48,3,0,0,1.003188197892504,0
2026-09-03 09:36:09+00:00,406,True,lockbox,0.22407566563439554,5.724999999998545,2.8333333333333335,0.9279475982532752,0.5799999999999272,0.8744369304923896,-0.19000000000050932,916.0,0.9988666666666667,9,0.20499999999992724,0.6048253275109354,36,3,0,0,-0.012584142372560558,0
2026-09-04 12:43:11+00:00,407,True,lockbox,2.705790813573566,33.025000000006,5.9,0.8274894810659187,1.050000000000182,1.5805521111558563,-2.2999999999992724,2139.0,0.9997133333333333,12,3.8049999999993815,1.0552828424497407,43,4,0,1,-0.23255376767423375,0
2026-09-07 07:01:54+00:00,408,True,lockbox,0.25225563232654125,10.245000000004438,4.1,3.3791208791208787,0.5600000000004002,0.8763987821441945,-0.34500000000116415,364.0,0.37974,7,0.2749999999996362,0.5889835164835274,1,0,1,0,0.4814120998766769,0
2026-09-08 17:07:06+00:00,409,True,lockbox,0.21379490432442536,9.119999999998072,4.966666666666667,1.1161048689138577,0.6700000000000728,0.8187184984310285,-0.10499999999956344,1335.0,0.99986,17,0.410000000000764,0.6512808988763964,7,1,0,0,1.1055847557397518,0
2026-09-09 13:01:58+00:00,410,True,lockbox,0.39196306483302745,9.304999999993015,5.066666666666666,1.9437340153452687,0.6500000000005457,0.9911269868935549,0.014999999999417923,782.0,0.393,13,0.5749999999989086,0.6860997442455333,1,2,0,0,0.26215149865921217,0
2026-09-10 19:27:09+00:00,411,True,lockbox,0.8249999999998181,9.55800000000545,6.866666666666666,1.1757990867579908,0.5799999999999272,0.6991947010631885,0.17000000000007276,1752.0,0.99978,19,0.8249999999998181,0.5104229452054766,27,3,0,0,0.8718060411745436,0
2026-09-11 04:57:55+00:00,412,True,lockbox,0.3953416402068304,3.2179999999971187,3.6,0.7831762146482959,0.6760000000003856,0.8312363438587923,0.025000000000545697,1379.0,0.9983566666666667,4,0.46299999999973807,0.635511240029011,57,4,0,1,1.2837932838973876,0
2026-09-11 15:20:15+00:00,413,True,lockbox,0.1681425380098684,10.666500000003907,7.9,0.8771280532938566,0.6499999999996362,0.9415395073339274,-0.6899999999995998,2702.0,0.9998933333333333,15,0.22150000000056025,0.5682575869726209,20,4,0,1,-0.4605249720329585,0
2026-09-15 05:52:49+00:00,414,True,lockbox,0.2053626767737364,8.485000000007858,7.3,1.2688296639629202,0.5700000000006185,0.788526814715035,-0.625,1726.0,0.99952,5,0.18000000000029104,0.6009716106604699,52,1,0,0,0.5335315964793574,0
2026-09-16 06:36:42+00:00,415,True,lockbox,0.44242813290954325,4.420000000000073,1.0,0.7978723404255319,0.6900000000005093,1.0214239506385783,-0.7349999999996726,376.0,0.9956666666666667,6,0.42000000000007276,0.6888563829787071,36,2,0,0,0.47821631671253156,0
2026-09-17 06:20:36+00:00,417,True,lockbox,0.05267001582370522,5.419999999994616,2.0,0.8733624454148472,0.6899999999995998,1.021423950637232,-0.46999999999934516,687.0,0.99996,6,0.050000000001091394,0.7013391557496343,20,3,0,0,0.38232097223031886,0
2026-09-17 13:21:20+00:00,418,True,lockbox,0.3783295669260882,10.864999999998872,5.566666666666666,0.8906666666666666,0.6299999999991996,0.960630771910188,-1.069999999999709,1875.0,0.9999066666666667,13,0.5549999999993815,0.5991519999999985,21,3,0,0,-0.42325172883577866,0
2026-09-18 03:25:04+00:00,419,True,lockbox,0.07260672083932433,4.979999999999563,2.466666666666667,0.7341269841269842,0.8000000000001819,1.0798159604512758,-0.2650000000012369,1008.0,0.99803,3,0.040000000000873115,0.7486607142857185,25,4,0,1,1.106879373006827,0
