requested_hour_utc,canonical_status,provider_id,request_status,label_independent
2025-09-26 18:00:00+00:00,empty,unselected_public_source,planned,True
2025-09-26 23:00:00+00:00,empty,unselected_public_source,planned,True
2025-10-02 21:00:00+00:00,empty,unselected_public_source,planned,True
2025-10-03 23:00:00+00:00,empty,unselected_public_source,planned,True
2025-10-09 19:00:00+00:00,empty,unselected_public_source,planned,True
2025-10-11 00:00:00+00:00,empty,unselected_public_source,planned,True
2025-10-24 11:00:00+00:00,empty,unselected_public_source,planned,True
2025-10-25 00:00:00+00:00,empty,unselected_public_source,planned,True
2025-10-27 00:00:00+00:00,empty,unselected_public_source,planned,True
2025-10-27 13:00:00+00:00,empty,unselected_public_source,planned,True
2025-11-07 03:00:00+00:00,empty,unselected_public_source,planned,True
2025-11-14 10:00:00+00:00,empty,unselected_public_source,planned,True
2025-11-17 14:00:00+00:00,empty,unselected_public_source,planned,True
2025-11-18 14:00:00+00:00,empty,unselected_public_source,planned,True
2025-11-20 13:00:00+00:00,empty,unselected_public_source,planned,True
2025-11-21 05:00:00+00:00,empty,unselected_public_source,planned,True
2025-11-21 10:00:00+00:00,empty,unselected_public_source,planned,True
2025-12-01 12:00:00+00:00,empty,unselected_public_source,planned,True
2025-12-02 03:00:00+00:00,empty,unselected_public_source,planned,True
2025-12-02 08:00:00+00:00,empty,unselected_public_source,planned,True
2025-12-10 10:00:00+00:00,empty,unselected_public_source,planned,True
2025-12-11 18:00:00+00:00,empty,unselected_public_source,planned,True
2025-12-15 09:00:00+00:00,empty,unselected_public_source,planned,True
2025-12-17 08:00:00+00:00,empty,unselected_public_source,planned,True
2025-12-22 17:00:00+00:00,empty,unselected_public_source,planned,True
2025-12-23 22:00:00+00:00,empty,unselected_public_source,planned,True
2025-12-28 22:00:00+00:00,empty,unselected_public_source,planned,True
2026-01-05 09:00:00+00:00,empty,unselected_public_source,planned,True
2026-01-06 13:00:00+00:00,empty,unselected_public_source,planned,True
2026-01-07 13:00:00+00:00,empty,unselected_public_source,planned,True
2026-01-07 16:00:00+00:00,empty,unselected_public_source,planned,True
2026-01-12 12:00:00+00:00,empty,unselected_public_source,planned,True
2026-01-13 22:00:00+00:00,empty,unselected_public_source,planned,True
2026-01-16 15:00:00+00:00,empty,unselected_public_source,planned,True
2026-01-22 07:00:00+00:00,empty,unselected_public_source,planned,True
2026-01-23 14:00:00+00:00,empty,unselected_public_source,planned,True
2026-01-29 22:00:00+00:00,empty,unselected_public_source,planned,True
2026-02-05 22:00:00+00:00,empty,unselected_public_source,planned,True
2026-02-11 22:00:00+00:00,empty,unselected_public_source,planned,True
2026-02-19 20:00:00+00:00,empty,unselected_public_source,planned,True
2026-02-19 22:00:00+00:00,empty,unselected_public_source,planned,True
2026-02-26 22:00:00+00:00,empty,unselected_public_source,planned,True
2026-02-27 22:00:00+00:00,empty,unselected_public_source,planned,True
2026-03-06 08:00:00+00:00,empty,unselected_public_source,planned,True
2026-03-09 07:00:00+00:00,empty,unselected_public_source,planned,True
2026-03-17 21:00:00+00:00,empty,unselected_public_source,planned,True
2026-03-18 21:00:00+00:00,empty,unselected_public_source,planned,True
2026-03-23 21:00:00+00:00,empty,unselected_public_source,planned,True
2026-03-24 10:00:00+00:00,empty,unselected_public_source,planned,True
2026-03-24 21:00:00+00:00,empty,unselected_public_source,planned,True
2026-03-25 08:00:00+00:00,empty,unselected_public_source,planned,True
2026-03-25 16:00:00+00:00,empty,unselected_public_source,planned,True
2026-03-27 22:00:00+00:00,empty,unselected_public_source,planned,True
2026-04-02 21:00:00+00:00,empty,unselected_public_source,planned,True
2026-04-03 01:00:00+00:00,empty,unselected_public_source,planned,True
2026-04-03 02:00:00+00:00,empty,unselected_public_source,planned,True
2026-04-07 21:00:00+00:00,empty,unselected_public_source,planned,True
2026-04-08 23:00:00+00:00,empty,unselected_public_source,planned,True
2026-04-09 21:00:00+00:00,empty,unselected_public_source,planned,True
2026-04-15 21:00:00+00:00,empty,unselected_public_source,planned,True
2026-04-17 00:00:00+00:00,empty,unselected_public_source,planned,True
2026-04-17 12:00:00+00:00,empty,unselected_public_source,planned,True
2026-04-20 15:00:00+00:00,empty,unselected_public_source,planned,True
2026-04-21 10:00:00+00:00,empty,unselected_public_source,planned,True
2026-04-22 06:00:00+00:00,empty,unselected_public_source,planned,True
2026-04-23 21:00:00+00:00,empty,unselected_public_source,planned,True
2026-04-24 21:00:00+00:00,empty,unselected_public_source,planned,True
2026-05-11 21:00:00+00:00,empty,unselected_public_source,planned,True
2026-05-13 08:00:00+00:00,empty,unselected_public_source,planned,True
2026-05-13 21:00:00+00:00,empty,unselected_public_source,planned,True
2026-05-15 03:00:00+00:00,empty,unselected_public_source,planned,True
2026-05-18 09:00:00+00:00,empty,unselected_public_source,planned,True
2026-05-18 21:00:00+00:00,empty,unselected_public_source,planned,True
2026-05-22 08:00:00+00:00,empty,unselected_public_source,planned,True
2026-05-25 20:00:00+00:00,empty,unselected_public_source,planned,True
2026-05-25 21:00:00+00:00,empty,unselected_public_source,planned,True
2026-05-26 05:00:00+00:00,empty,unselected_public_source,planned,True
2026-05-28 07:00:00+00:00,empty,unselected_public_source,planned,True
2026-05-28 21:00:00+00:00,empty,unselected_public_source,planned,True
2026-05-29 01:00:00+00:00,empty,unselected_public_source,planned,True
2026-05-29 21:00:00+00:00,empty,unselected_public_source,planned,True
2026-05-30 02:00:00+00:00,empty,unselected_public_source,planned,True
2026-06-01 14:00:00+00:00,empty,unselected_public_source,planned,True
2026-06-01 21:00:00+00:00,empty,unselected_public_source,planned,True
2026-06-02 21:00:00+00:00,empty,unselected_public_source,planned,True
2026-06-03 07:00:00+00:00,empty,unselected_public_source,planned,True
2026-06-04 15:00:00+00:00,empty,unselected_public_source,planned,True
2026-06-05 15:00:00+00:00,empty,unselected_public_source,planned,True
2026-06-08 00:00:00+00:00,empty,unselected_public_source,planned,True
2026-06-12 22:00:00+00:00,empty,unselected_public_source,planned,True
2026-06-15 00:00:00+00:00,empty,unselected_public_source,planned,True
2026-06-15 21:00:00+00:00,empty,unselected_public_source,planned,True
2026-06-18 18:00:00+00:00,empty,unselected_public_source,planned,True
2026-06-23 21:00:00+00:00,empty,unselected_public_source,planned,True
2026-06-24 21:00:00+00:00,empty,unselected_public_source,planned,True
2026-06-29 19:00:00+00:00,empty,unselected_public_source,planned,True
2026-07-02 21:00:00+00:00,empty,unselected_public_source,planned,True
2026-07-07 11:00:00+00:00,empty,unselected_public_source,planned,True
2026-07-08 11:00:00+00:00,empty,unselected_public_source,planned,True
2026-07-09 05:00:00+00:00,empty,unselected_public_source,planned,True
2026-07-14 04:00:00+00:00,empty,unselected_public_source,planned,True
2026-07-14 09:00:00+00:00,empty,unselected_public_source,planned,True
2026-07-21 11:00:00+00:00,empty,unselected_public_source,planned,True
2026-07-21 17:00:00+00:00,empty,unselected_public_source,planned,True
2026-07-21 19:00:00+00:00,empty,unselected_public_source,planned,True
2026-07-22 21:00:00+00:00,empty,unselected_public_source,planned,True
2026-07-26 23:00:00+00:00,empty,unselected_public_source,planned,True
2026-07-27 21:00:00+00:00,empty,unselected_public_source,planned,True
2026-07-29 21:00:00+00:00,empty,unselected_public_source,planned,True
2026-07-30 04:00:00+00:00,empty,unselected_public_source,planned,True
2026-07-30 10:00:00+00:00,empty,unselected_public_source,planned,True
2026-08-04 21:00:00+00:00,empty,unselected_public_source,planned,True
2026-08-05 07:00:00+00:00,empty,unselected_public_source,planned,True
2026-08-18 03:00:00+00:00,empty,unselected_public_source,planned,True
2026-08-18 11:00:00+00:00,empty,unselected_public_source,planned,True
2026-09-09 21:00:00+00:00,empty,unselected_public_source,planned,True
2026-09-10 21:00:00+00:00,empty,unselected_public_source,planned,True
2026-09-11 23:00:00+00:00,empty,unselected_public_source,planned,True
2026-09-17 21:00:00+00:00,empty,unselected_public_source,planned,True
