event_count,scenario,replicate,test_events,clock_bits_per_event,clock_mdl_net_bits,direction_mdl_net_bits,selected_direction_horizon,selected_direction_polarity,direction_test_accuracy,clock_mdl_accept,direction_mdl_accept,joint_mdl_accept
800,continuous_low_noise,0,211,0.43034157704630965,3.381896430381971,111.71956877074157,5,contrarian,0.9047619047619048,True,True,True
800,continuous_low_noise,1,192,0.29778813238395385,-30.67998995999492,120.39594032767408,5,contrarian,0.9322916666666666,False,True,False
800,continuous_low_noise,2,196,0.3696782340779706,-15.307911144306004,102.99367567353784,5,contrarian,0.9030612244897959,False,True,False
800,continuous_low_noise,3,187,0.45757783731621027,-2.4005054269311046,89.22594748295542,5,contrarian,0.8877005347593583,False,True,False
800,continuous_low_noise,4,193,0.401028811281463,-10.434190132106622,88.2941759399811,5,contrarian,0.8808290155440415,False,True,False
800,continuous_low_noise,5,194,0.3351799310345808,-22.785246222284357,103.67638640387963,5,contrarian,0.9067357512953368,False,True,False
800,continuous_low_noise,6,204,0.3879682518464459,-8.436577567715574,131.2198527284771,5,contrarian,0.9362745098039216,False,True,False
800,continuous_low_noise,7,201,0.4433254587999752,1.4575013873015479,128.50703052426536,5,contrarian,0.9353233830845771,True,True,True
800,continuous_low_noise,8,193,0.3224225751784429,-25.6051936999895,88.2941759399811,5,contrarian,0.8808290155440415,False,True,False
800,continuous_low_noise,9,205,0.38162552591189897,-9.325852840916127,101.18714561738389,5,contrarian,0.8926829268292683,False,True,False
800,continuous_low_noise,10,202,0.3779899024217711,-11.274055615684233,97.8491298133578,5,contrarian,0.8905472636815921,False,True,False
800,continuous_low_noise,11,182,0.4554588199552752,-5.185393533231476,99.97105978849945,5,contrarian,0.9116022099447514,False,True,False
800,continuous_low_noise,12,202,0.41191825596645854,-4.420528199657369,97.8491298133578,5,contrarian,0.8905472636815921,False,True,False
800,continuous_low_noise,13,205,0.3700394237762961,-11.701003778714707,95.2177851807515,5,contrarian,0.8829268292682927,False,True,False
800,continuous_low_noise,14,193,0.4414323363197309,-2.6363097997209195,97.2850370861611,5,contrarian,0.8963730569948186,False,True,False
800,continuous_low_noise,15,199,0.3830256065367351,-11.474505515945978,82.01120087898836,5,contrarian,0.864321608040201,False,True,False
800,continuous_low_noise,16,210,0.32041969111495683,-20.155290736226505,102.31963027841357,5,contrarian,0.8904761904761904,False,True,False
800,continuous_low_noise,17,207,0.40955418567269114,-2.735222363939968,93.14940170668532,5,contrarian,0.8786407766990292,False,True,False
800,continuous_low_noise,18,199,0.40543547998524954,-7.014940699691607,115.68477091779363,5,contrarian,0.9195979899497487,False,True,False
800,continuous_low_noise,19,201,0.41980515481481934,-3.270079713714779,94.8610857743654,5,contrarian,0.8855721393034826,False,True,False
800,continuous_low_noise,20,180,0.35263722542876497,-24.648481272927576,102.51296694534592,5,contrarian,0.9166666666666666,False,True,False
800,continuous_low_noise,21,217,0.4114106873176787,1.9962744525315657,111.28028935074259,5,contrarian,0.8986175115207373,True,True,True
800,continuous_low_noise,22,232,0.4698632038389649,22.085665655345394,108.62379208743333,5,contrarian,0.8836206896551724,True,True,True
800,continuous_low_noise,23,191,0.3776514560906734,-15.746406856791538,101.10362225184241,5,contrarian,0.9052631578947369,False,True,False
800,continuous_low_noise,24,196,0.39267204592447935,-10.801124022390297,93.69653444111844,5,contrarian,0.8877551020408163,False,True,False
800,continuous_low_noise,25,188,0.4119872056619449,-10.491589841134541,109.53133819988533,5,contrarian,0.9202127659574468,False,True,False
800,continuous_low_noise,26,192,0.32591180294676025,-25.28024521193609,102.81801816517837,5,contrarian,0.90625,False,True,False
800,continuous_low_noise,27,193,0.4640315695331619,1.7253422104712683,103.67638640387963,5,contrarian,0.9067357512953368,True,True,True
800,continuous_low_noise,28,183,0.3519152722947006,-23.65620862198925,105.13961555497976,5,contrarian,0.9180327868852459,False,True,False
800,continuous_low_noise,29,195,0.2945781516781304,-30.34477807830315,81.53064622218348,5,contrarian,0.8666666666666667,False,True,False
800,continuous_low_noise,30,218,0.431980646341311,6.915465144777116,136.20236732134856,5,contrarian,0.9311926605504587,True,True,True
800,continuous_low_noise,31,191,0.37484606283844896,-16.282236967966412,83.0230800380172,5,contrarian,0.8736842105263158,False,True,False
800,continuous_low_noise,32,192,0.4399515128677465,-3.3846209071067364,106.13601273345135,5,contrarian,0.9114583333333334,False,True,False
800,continuous_low_noise,33,187,0.40045911642902293,-13.081706232835131,67.6095430716938,5,contrarian,0.8449197860962567,False,True,False
800,continuous_low_noise,34,195,0.3839644717923405,-12.914445656032186,76.25514347960555,5,contrarian,0.8564102564102564,False,True,False
800,continuous_low_noise,35,214,0.4736649698407576,14.014113428910761,108.74636065863709,5,contrarian,0.897196261682243,True,True,True
800,continuous_low_noise,36,220,0.44652651076100086,11.026696012278308,137.99764235731905,5,contrarian,0.9318181818181818,True,True,True
800,continuous_low_noise,37,189,0.39901279559845765,-12.509353045169448,85.03465241511805,5,contrarian,0.8783068783068783,False,True,False
800,continuous_low_noise,38,204,0.45825609713199744,5.902142870536949,113.16741912987035,5,contrarian,0.9117647058823529,True,True,True
800,continuous_low_noise,39,211,0.34086030187082517,-15.498652631645257,103.15270028749104,5,contrarian,0.8909952606635071,False,True,False
800,continuous_low_noise,40,210,0.25704732544499237,-33.46348752691903,140.6406020745308,5,contrarian,0.9428571428571428,False,True,False
800,continuous_low_noise,41,190,0.3792186645305691,-15.848775347469228,101.10362225184241,5,contrarian,0.9052631578947369,False,True,False
800,continuous_low_noise,42,214,0.44033959664528227,6.882483565079042,93.1723523164039,5,contrarian,0.8732394366197183,True,True,True
800,continuous_low_noise,43,189,0.3866683774567941,-14.842448073943856,82.21844719008463,5,contrarian,0.873015873015873,False,True,False
800,continuous_low_noise,44,192,0.35389461906139075,-19.907544517927036,99.5885059981195,5,contrarian,0.9010416666666666,False,True,False
800,continuous_low_noise,45,192,0.4058901111796813,-9.924410031215245,102.81801816517837,5,contrarian,0.90625,False,True,False
800,continuous_low_noise,46,192,0.3042087136249014,-29.447238361732992,102.81801816517837,5,contrarian,0.90625,False,True,False
800,continuous_low_noise,47,219,0.4183910720254006,4.394898416219704,100.87727481175092,5,contrarian,0.8812785388127854,True,True,True
800,continuous_low_noise,48,222,0.5031370710930575,24.53463579890233,106.28029084755076,5,contrarian,0.8873873873873874,True,True,True
800,continuous_low_noise,49,212,0.4406029797574244,6.01094443262852,100.15643519907977,5,contrarian,0.8862559241706162,True,True,True
800,continuous_low_noise,50,195,0.5077522842791244,11.224177778890677,92.04194203447858,5,contrarian,0.8865979381443299,True,True,True
800,continuous_low_noise,51,199,0.3675712888318873,-14.549914739210692,111.34636308755324,5,contrarian,0.9141414141414141,False,True,False
800,continuous_low_noise,52,195,0.3685405156136322,-15.922117110880293,87.0624688816222,5,contrarian,0.8769230769230769,False,True,False
800,continuous_low_noise,53,204,0.38759317645471525,-8.513092947628621,116.5813625380587,5,contrarian,0.9166666666666666,False,True,False
800,continuous_low_noise,54,173,0.3601698525289816,-25.967671024105563,99.86067541786562,5,contrarian,0.9190751445086706,False,True,False
800,continuous_low_noise,55,205,0.328709010983782,-20.173738401180103,114.03449362633324,5,contrarian,0.9121951219512195,False,True,False
800,continuous_low_noise,56,208,0.2858752818982356,-28.027748338642013,113.28297955986366,5,contrarian,0.9086538461538461,False,True,False
800,continuous_low_noise,57,207,0.3373385143371481,-17.68386633039738,112.42152666846366,5,contrarian,0.9082125603864735,False,True,False
800,continuous_low_noise,58,200,0.3895834908412251,-9.757079391465851,112.21719332923233,5,contrarian,0.914572864321608,False,True,False
800,continuous_low_noise,59,188,0.38576002857187885,-15.42229913406696,83.41118974768894,5,contrarian,0.8770053475935828,False,True,False
800,continuous_low_noise,60,217,0.39810552165144714,-0.8909464970406873,114.46517788448271,5,contrarian,0.9032258064516129,False,True,False
800,continuous_low_noise,61,199,0.3569863654623348,-16.656314489751637,76.7896085139228,5,contrarian,0.8542713567839196,False,True,False
800,continuous_low_noise,62,193,0.439541343158135,-3.0012714799089224,79.94584132209559,5,contrarian,0.8652849740932642,False,True,False
800,continuous_low_noise,63,216,0.3179184101336414,-18.632956720493624,123.6155603344151,5,contrarian,0.9166666666666666,False,True,False
800,continuous_low_noise,64,193,0.4454613222580703,-1.8587155136214193,113.93970145340703,5,contrarian,0.9222797927461139,False,True,False
800,continuous_low_noise,65,190,0.38223342266691734,-15.275971301563075,94.76245545827646,5,contrarian,0.8947368421052632,False,True,False
800,continuous_low_noise,66,187,0.3548278096648689,-21.614760597731944,92.24791474192591,5,contrarian,0.893048128342246,False,True,False
800,continuous_low_noise,67,204,0.34601824438650763,-16.994379089542974,90.71376426779617,5,contrarian,0.8768472906403941,False,True,False
800,continuous_low_noise,68,189,0.44245161066551514,-4.299416997495584,93.92336845165367,5,contrarian,0.8941798941798942,False,True,False
800,continuous_low_noise,69,189,0.40178852017352856,-11.984741100481045,79.47111532395108,5,contrarian,0.8677248677248677,False,True,False
800,continuous_low_noise,70,199,0.4637836737673569,4.596349862947761,112.21719332923233,5,contrarian,0.914572864321608,True,True,True
800,continuous_low_noise,71,194,0.35569684658659706,-18.804964605193206,125.14744737797452,5,contrarian,0.9378238341968912,False,True,False
800,continuous_low_noise,72,214,0.4340037193023192,5.526605813684938,115.14771819220458,5,contrarian,0.9065420560747663,True,True,True
800,continuous_low_noise,73,185,0.2989436508389501,-32.70762929694695,92.81838819149736,5,contrarian,0.8967391304347826,False,True,False
800,continuous_low_noise,74,190,0.34018206944491813,-23.26572841374292,83.0230800380172,5,contrarian,0.8736842105263158,False,True,False
800,continuous_low_noise,75,210,0.4368038479914331,4.285382207833521,101.48740525050061,5,contrarian,0.8899521531100478,True,True,True
800,continuous_low_noise,76,211,0.42470578808577303,2.1927449597087474,91.56543365568797,5,contrarian,0.8720379146919431,True,True,True
800,continuous_low_noise,77,186,0.49082053734162856,3.30271891452621,126.79570696294417,5,contrarian,0.946236559139785,True,True,True
800,continuous_low_noise,78,200,0.3842710556876586,-10.81956642217915,103.20088128214378,5,contrarian,0.9,False,True,False
800,continuous_low_noise,79,201,0.3502179147901694,-17.25711495866942,86.3119873153613,5,contrarian,0.8706467661691543,False,True,False
800,continuous_low_noise,80,189,0.480308900880526,2.855610853141471,85.03465241511805,5,contrarian,0.8783068783068783,True,True,True
800,continuous_low_noise,81,196,0.41135055324979564,-7.1401365866283015,82.32476236849688,5,contrarian,0.8673469387755102,False,True,False
800,continuous_low_noise,82,207,0.4213323585762894,-0.29714057289513107,150.5901355863832,5,contrarian,0.9565217391304348,False,True,False
800,continuous_low_noise,83,202,0.44742412574925294,2.7516574964671037,92.76093121346403,5,contrarian,0.8811881188118812,True,True,True
800,continuous_low_noise,84,217,0.3801006971463541,-4.797993414645887,113.61237659221885,5,contrarian,0.9027777777777778,False,True,False
800,continuous_low_noise,85,205,0.3799580668966587,-9.667681939040392,84.078699783687,5,contrarian,0.8634146341463415,False,True,False
800,continuous_low_noise,86,205,0.3490800712266571,-15.99767105139071,95.2177851807515,5,contrarian,0.8829268292682927,False,True,False
800,continuous_low_noise,87,191,0.34800774605865703,-21.408355472906663,106.92686520337062,5,contrarian,0.9153439153439153,False,True,False
800,continuous_low_noise,88,207,0.38438285473760503,-7.945687867502798,105.97040454208746,5,contrarian,0.8985507246376812,False,True,False
800,continuous_low_noise,89,192,0.44827569826094,-1.7863773116135775,102.81801816517837,5,contrarian,0.90625,False,True,False
800,continuous_low_noise,90,215,0.35319060500756544,-11.390801660845725,106.49326246603933,5,contrarian,0.8930232558139535,False,True,False
800,continuous_low_noise,91,203,0.39617027662221194,-7.182511497706628,134.24526497489106,5,contrarian,0.9408866995073891,False,True,False
800,continuous_low_noise,92,188,0.41631722087253037,-9.67754698154448,112.22438829097177,5,contrarian,0.9251336898395722,False,True,False
800,continuous_low_noise,93,197,0.4118550871514783,-6.606682654209578,80.43421326891685,5,contrarian,0.8629441624365483,False,True,False
800,continuous_low_noise,94,213,0.31835601919335677,-19.563726496360502,117.60056503162737,5,contrarian,0.9107981220657277,False,True,False
800,continuous_low_noise,95,206,0.27433497577157373,-31.02302663866309,120.08793435321068,5,contrarian,0.9215686274509803,False,True,False
800,continuous_low_noise,96,189,0.3988272030650486,-12.544430033983758,93.92336845165367,5,contrarian,0.8941798941798942,False,True,False
800,continuous_low_noise,97,177,0.4725906619032704,-4.540792196849154,96.51143501176276,5,contrarian,0.9096045197740112,False,True,False
800,continuous_low_noise,98,182,0.33661028919833,-26.815826130995497,103.38779897565712,5,contrarian,0.9171270718232044,False,True,False
800,continuous_low_noise,99,207,0.3490367693125818,-15.262327550482595,88.36371969539478,5,contrarian,0.8695652173913043,False,True,False
800,censored_execution_noise,0,226,0.4235929727639252,8.665396041228078,95.32940180900394,5,contrarian,0.8672566371681416,True,True,True
800,censored_execution_noise,1,217,0.4060302540061304,0.8287204239255743,101.32961043188693,5,contrarian,0.8842592592592593,True,True,True
800,censored_execution_noise,2,189,0.3410914400798274,-23.45648923819057,67.6095430716938,5,contrarian,0.8449197860962567,False,True,False
800,censored_execution_noise,3,213,0.4508587823249783,8.659362050674886,71.97195159036613,5,contrarian,0.8349056603773585,True,True,True
800,censored_execution_noise,4,201,0.4480312825653101,2.4033719641338678,88.28711136008071,5,contrarian,0.875,True,True,True
800,censored_execution_noise,5,226,0.3200891235968682,-14.726473870526817,100.04937822668568,5,contrarian,0.8755555555555555,False,True,False
800,censored_execution_noise,6,214,0.43980106748514225,6.767238324809071,111.90893898124807,5,contrarian,0.9018691588785047,True,True,True
800,censored_execution_noise,7,210,0.3499085153663601,-13.962637643431819,115.00797020037035,5,contrarian,0.9095238095238095,False,True,False
800,censored_execution_noise,8,187,0.39847525118995875,-13.452689032540135,65.19291144525295,5,contrarian,0.839572192513369,False,True,False
800,censored_execution_noise,9,191,0.39645040283504723,-12.155808028616136,104.40498609952908,5,contrarian,0.9105263157894737,False,True,False
800,censored_execution_noise,10,192,0.5367577793467933,15.202182256870245,71.41133785990327,5,contrarian,0.8489583333333334,True,True,True
800,censored_execution_noise,11,219,0.44167619404211295,9.494340137879703,79.60094074537231,5,contrarian,0.8447488584474886,True,True,True
800,censored_execution_noise,12,187,0.47821547739462594,1.458733267732626,71.8468135825323,5,contrarian,0.8548387096774194,True,True,True
800,censored_execution_noise,13,199,0.3974312100693228,-8.607790412961023,87.48027353386074,5,contrarian,0.8743718592964824,False,True,False
800,censored_execution_noise,14,170,0.4211499414249452,-16.746986132438465,54.96173040352021,5,contrarian,0.8294117647058824,False,True,False
800,censored_execution_noise,15,178,0.35297856951184836,-25.337136943131725,70.01520442310256,5,contrarian,0.8587570621468926,False,True,False
800,censored_execution_noise,16,202,0.49402306350165426,12.164642922452174,89.90386759319614,5,contrarian,0.8762376237623762,True,True,True
800,censored_execution_noise,17,211,0.3777979464339026,-7.704809628835918,62.29629552717245,5,contrarian,0.8151658767772512,False,True,False
800,censored_execution_noise,18,208,0.4025118525635337,-3.7673416402599997,91.13173803136824,5,contrarian,0.8743961352657005,False,True,False
800,censored_execution_noise,19,214,0.34292950203593864,-13.963276681320494,100.98266776530538,5,contrarian,0.8867924528301887,False,True,False
800,censored_execution_noise,20,219,0.33760361817983453,-13.297553975959275,118.58698987214,5,contrarian,0.908256880733945,False,True,False
800,censored_execution_noise,21,234,0.3798449878071046,2.0094738399595826,69.95294622450155,5,contrarian,0.8162393162393162,True,True,True
800,censored_execution_noise,22,205,0.39087198409412627,-7.430328913559535,101.18714561738389,5,contrarian,0.8926829268292683,False,True,False
800,censored_execution_noise,23,212,0.34956233522772306,-13.289672207668175,100.98266776530538,5,contrarian,0.8867924528301887,False,True,False
800,censored_execution_noise,24,223,0.3952985879700984,1.0135237851998653,104.15496342234654,5,contrarian,0.8834080717488789,True,True,True
800,censored_execution_noise,25,182,0.3809695408453845,-18.742442331231587,73.1470453248187,5,contrarian,0.861878453038674,False,True,False
800,censored_execution_noise,26,203,0.43579963343713646,0.8622479357230475,72.38958885689775,5,contrarian,0.8423645320197044,True,True,True
800,censored_execution_noise,27,191,0.4168203499405661,-8.265148131462027,89.56721418688167,5,contrarian,0.8848167539267016,False,True,False
800,censored_execution_noise,28,186,0.3256763203822898,-27.4141054399108,79.8112616185231,5,contrarian,0.8709677419354839,False,True,False
800,censored_execution_noise,29,174,0.2915057951119025,-37.533170696388844,87.50922789079365,5,contrarian,0.896551724137931,False,True,False
800,censored_execution_noise,30,205,0.2776814393344937,-30.63439058928421,86.769092871816,5,contrarian,0.8682926829268293,False,True,False
800,censored_execution_noise,31,202,0.3661804290082016,-13.65956924522527,101.75205192455162,5,contrarian,0.8960396039603961,False,True,False
800,censored_execution_noise,32,191,0.3820912498857911,-14.898406241924064,68.19542908988086,5,contrarian,0.8429319371727748,False,True,False
800,censored_execution_noise,33,206,0.3215823955515278,-21.290058163992555,105.12512747412873,5,contrarian,0.8980582524271845,False,True,False
800,censored_execution_noise,34,200,0.2338298873865633,-40.90780008239821,102.35328653986303,5,contrarian,0.8994974874371859,False,True,False
800,censored_execution_noise,35,190,0.3942378237104762,-12.995135103286884,80.26700451204765,5,contrarian,0.868421052631579,False,True,False
800,censored_execution_noise,36,197,0.5069127828571831,12.119683399814264,90.74947892388387,5,contrarian,0.8826530612244898,True,True,True
800,censored_execution_noise,37,177,0.493845849599444,-0.7786239746264272,66.67427136588621,5,contrarian,0.8522727272727273,False,True,False
800,censored_execution_noise,38,176,0.3646316503766603,-24.03615061289915,61.745071050533184,5,contrarian,0.8409090909090909,False,True,False
800,censored_execution_noise,39,193,0.47881072541837133,4.577719296316687,84.6356269056775,5,contrarian,0.875,True,True,True
800,censored_execution_noise,40,186,0.3904004051171611,-15.375425679224733,49.12234521103936,5,contrarian,0.8010752688172043,False,True,False
800,censored_execution_noise,41,209,0.477704534809694,12.37361173353949,81.971683393653,5,contrarian,0.8564593301435407,True,True,True
800,censored_execution_noise,42,212,0.34215957134956493,-14.859058149837693,86.93538289728112,5,contrarian,0.8632075471698113,False,True,False
800,censored_execution_noise,43,206,0.42046466459717546,-0.9203107405891302,80.66862366717201,5,contrarian,0.8578431372549019,False,True,False
800,censored_execution_noise,44,212,0.3394994712700618,-15.422999366692352,92.36839638653314,5,contrarian,0.8726415094339622,False,True,False
800,censored_execution_noise,45,211,0.41103981066088824,-0.6907762769419463,94.36507404997006,5,contrarian,0.8767772511848341,False,True,False
800,censored_execution_noise,46,200,0.31851109094235835,-23.971559371239195,77.56299094924316,5,contrarian,0.855,False,True,False
800,censored_execution_noise,47,195,0.29929390899368674,-29.42520540176966,89.93005161689804,5,contrarian,0.882051282051282,False,True,False
800,censored_execution_noise,48,201,0.3307190770691914,-21.17638134058599,80.93523127180161,5,contrarian,0.8606965174129353,False,True,False
800,censored_execution_noise,49,202,0.398895994926196,-7.051024929790401,95.68622960375069,5,contrarian,0.8861386138613861,False,True,False
800,censored_execution_noise,50,190,0.3530301829864804,-20.82458684084608,80.26700451204765,5,contrarian,0.868421052631579,False,True,False
800,censored_execution_noise,51,170,0.4388693751446645,-13.734682400086186,78.16490632872006,5,contrarian,0.8823529411764706,False,True,False
800,censored_execution_noise,52,222,0.4073687495718361,3.274068421191174,97.62870687219213,5,contrarian,0.8738738738738738,True,True,True
800,censored_execution_noise,53,180,0.23423346510334572,-45.96115813150304,89.45468279254004,5,contrarian,0.8944444444444445,False,True,False
800,censored_execution_noise,54,222,0.4492952707958217,12.581756132915984,81.11653497599322,5,contrarian,0.8461538461538461,True,True,True
800,censored_execution_noise,55,187,0.43429566259373026,-6.754272100034868,70.08506370883732,5,contrarian,0.8502673796791443,False,True,False
800,censored_execution_noise,56,209,0.46000453404052055,8.674311572782244,98.50661160792099,5,contrarian,0.8851674641148325,True,True,True
800,censored_execution_noise,57,182,0.4682772675541069,-2.85243607024411,75.82245203123301,5,contrarian,0.8674033149171271,False,True,False
800,censored_execution_noise,58,196,0.44004671028914755,-1.5156898069153328,96.71748100243073,5,contrarian,0.8928571428571429,False,True,False
800,censored_execution_noise,59,196,0.29575632305608274,-29.796605704596033,90.74947892388387,5,contrarian,0.8826530612244898,False,True,False
800,censored_execution_noise,60,213,0.38335268605758205,-5.719436454280512,92.36839638653314,5,contrarian,0.8726415094339622,False,True,False
800,censored_execution_noise,61,190,0.5259292603725146,12.026237862500423,94.76245545827646,5,contrarian,0.8947368421052632,True,True,True
800,censored_execution_noise,62,187,0.19812409106696763,-50.91835597553948,74.43638898755253,5,contrarian,0.8602150537634409,False,True,False
800,censored_execution_noise,63,201,0.5018894033539181,13.228854242644061,73.3151548384378,5,contrarian,0.845771144278607,True,True,True
800,censored_execution_noise,64,211,0.2400666971800016,-36.76610322140903,83.79301161565434,5,contrarian,0.8605769230769231,False,True,False
800,censored_execution_noise,65,209,0.4733096401864492,11.455078757281328,110.86432147062544,5,contrarian,0.9043062200956937,True,True,True
800,censored_execution_noise,66,176,0.3771920142207905,-21.825526576332237,61.745071050533184,5,contrarian,0.8409090909090909,False,True,False
800,censored_execution_noise,67,210,0.3731232552207535,-9.087542274009195,65.22925373212749,5,contrarian,0.8229665071770335,False,True,False
800,censored_execution_noise,68,211,0.5411570794380701,26.76396743504344,97.22801479324589,5,contrarian,0.8815165876777251,True,True,True
800,censored_execution_noise,69,201,0.32684129451791244,-21.95581563339306,65.45904425115607,5,contrarian,0.83,False,True,False
800,censored_execution_noise,70,216,0.37052842873824143,-7.269192701900025,92.01373915486698,5,contrarian,0.8697674418604651,False,True,False
800,censored_execution_noise,71,228,0.41084978910728764,6.6549742170668935,96.92040541445718,5,contrarian,0.868421052631579,True,True,True
800,censored_execution_noise,72,218,0.3763028012749424,-5.222305079691239,86.38516681961124,5,contrarian,0.8577981651376146,False,True,False
800,censored_execution_noise,73,202,0.43560864378926034,0.3649301405485943,89.09497969756777,5,contrarian,0.8756218905472637,True,True,True
800,censored_execution_noise,74,213,0.39656353436790925,-2.9055257641808225,114.28962098238318,5,contrarian,0.9061032863849765,False,True,False
800,censored_execution_noise,75,189,0.4770338727199158,2.236630530786144,71.61973701628354,5,contrarian,0.8518518518518519,True,True,True
800,censored_execution_noise,76,201,0.3475929592166693,-17.784731028942943,107.26785734462621,5,contrarian,0.9054726368159204,False,True,False
800,censored_execution_noise,77,192,0.3561628600161119,-19.472042254620575,71.41133785990327,5,contrarian,0.8489583333333334,False,True,False
800,censored_execution_noise,78,184,0.37095187211528374,-19.779327667389353,77.41441950154046,5,contrarian,0.8688524590163934,False,True,False
800,censored_execution_noise,79,196,0.38476714034238707,-12.35048551648039,85.06605534327586,5,contrarian,0.8724489795918368,False,True,False
800,censored_execution_noise,80,182,0.334725355954224,-27.158883981422804,85.09765873864455,5,contrarian,0.8846153846153846,False,True,False
800,censored_execution_noise,81,202,0.4519663092569985,3.6691785650317,87.11267803597018,5,contrarian,0.8712871287128713,True,True,True
800,censored_execution_noise,82,178,0.4428006242427888,-9.348811201024319,68.21586400307459,5,contrarian,0.8539325842696629,False,True,False
800,censored_execution_noise,83,201,0.5172069713392353,16.30768540769283,80.93523127180161,5,contrarian,0.8606965174129353,True,True,True
800,censored_execution_noise,84,232,0.403286027525867,6.639760750706685,124.04746345030954,5,contrarian,0.9051724137931034,True,True,True
800,censored_execution_noise,85,156,0.4231500252987899,-22.63230639547764,64.08602533770541,5,contrarian,0.8653846153846154,False,True,False
800,censored_execution_noise,86,197,0.5275630840265385,16.18779273017728,83.12000428425084,5,contrarian,0.868020304568528,True,True,True
800,censored_execution_noise,87,189,0.43921349914296354,-4.911420075257837,87.92229427540454,5,contrarian,0.8835978835978836,False,True,False
800,censored_execution_noise,88,194,0.4282125525912052,-4.736917640299225,75.47939203689964,5,contrarian,0.8556701030927835,False,True,False
800,censored_execution_noise,89,171,0.3346882255170646,-31.08901740193518,55.69275978287588,5,contrarian,0.8304093567251462,False,True,False
800,censored_execution_noise,90,170,0.390657725909864,-21.93066277000227,51.990902245133924,5,contrarian,0.8224852071005917,False,True,False
800,censored_execution_noise,91,193,0.3990250466370196,-10.82091670848419,81.86222144907282,5,contrarian,0.8697916666666666,False,True,False
800,censored_execution_noise,92,211,0.4474090015433827,6.983122999264381,91.56543365568797,5,contrarian,0.8720379146919431,True,True,True
800,censored_execution_noise,93,190,0.4144554473254729,-9.153786616437515,83.0230800380172,5,contrarian,0.8736842105263158,False,True,False
800,censored_execution_noise,94,214,0.3556473529361218,-11.241656588681295,90.4183589050271,5,contrarian,0.8685446009389671,False,True,False
800,censored_execution_noise,95,214,0.43820151276139313,6.424933613926768,85.86818269290046,5,contrarian,0.8598130841121495,True,True,True
800,censored_execution_noise,96,197,0.36155314129555294,-16.51616598782688,83.12000428425084,5,contrarian,0.868020304568528,False,True,False
800,censored_execution_noise,97,193,0.28995173532897495,-31.872065790936816,88.2941759399811,5,contrarian,0.8808290155440415,False,True,False
800,censored_execution_noise,98,213,0.40329230033467395,-1.4722986132599374,87.72369966508641,5,contrarian,0.863849765258216,False,True,False
800,censored_execution_noise,99,201,0.441898040603847,1.1705903298797864,83.59274090912768,5,contrarian,0.8656716417910447,True,True,True
1600,continuous_low_noise,0,401,0.5120208575724071,108.15801242410011,210.24995949334016,5,contrarian,0.9002493765586035,True,True,True
1600,continuous_low_noise,1,354,0.3688488623059126,32.88315790256503,199.37880545874975,5,contrarian,0.9124293785310734,True,True,True
1600,continuous_low_noise,2,402,0.4132591336268769,68.97925588651104,256.18922722320065,5,contrarian,0.9328358208955224,True,True,True
1600,continuous_low_noise,3,405,0.39251920535702606,61.85372659234851,225.87066084917896,5,contrarian,0.9108910891089109,True,True,True
1600,continuous_low_noise,4,406,0.4171853646031249,72.27218037685306,215.14961607118218,5,contrarian,0.9032258064516129,True,True,True
1600,continuous_low_noise,5,418,0.444806115559198,88.96232026205821,200.01322321584198,5,contrarian,0.8851674641148325,True,True,True
1600,continuous_low_noise,6,428,0.3907386581598811,70.38595557541775,209.61385827948556,5,contrarian,0.8896713615023474,True,True,True
1600,continuous_low_noise,7,407,0.43661055410560834,80.60690140787794,245.8693052564222,5,contrarian,0.9238329238329238,True,True,True
1600,continuous_low_noise,8,385,0.3252682537615598,27.884242012515656,178.7716712826716,5,contrarian,0.8805194805194805,True,True,True
1600,continuous_low_noise,9,412,0.42010471467894495,76.04711080011805,229.44160184750146,5,contrarian,0.9101941747572816,True,True,True
1600,continuous_low_noise,10,459,0.42603521202745576,99.06737309585972,228.0204283349736,5,contrarian,0.8910675381263616,True,True,True
1600,continuous_low_noise,11,399,0.40044858123551624,62.59378977376744,218.23625609967544,5,contrarian,0.9072681704260651,True,True,True
1600,continuous_low_noise,12,411,0.366733186980259,53.67977635130269,212.40557309982242,5,contrarian,0.8978102189781022,True,True,True
1600,continuous_low_noise,13,407,0.3943930075230831,63.424359948790155,211.32296843725337,5,contrarian,0.8990147783251231,True,True,True
1600,continuous_low_noise,14,408,0.42772415396841124,77.42935387472124,203.7027007279964,5,contrarian,0.8921568627450981,True,True,True
1600,continuous_low_noise,15,378,0.44400391128480887,70.4107070523798,197.08652744210934,5,contrarian,0.8994708994708994,True,True,True
1600,continuous_low_noise,16,402,0.33785251549219514,38.66579539636898,204.82166658146156,5,contrarian,0.8955223880597015,True,True,True
1600,continuous_low_noise,17,373,0.46492164692567167,75.93703873347792,221.19984422335858,5,contrarian,0.921832884097035,True,True,True
1600,continuous_low_noise,18,430,0.38458334063613936,68.54405473606764,209.1040621822661,5,contrarian,0.8881118881118881,True,True,True
1600,continuous_low_noise,19,391,0.3926374488590458,56.245056476020224,231.73650455350128,5,contrarian,0.9207161125319693,True,True,True
1600,continuous_low_noise,20,376,0.4501307256261406,71.80396832984869,186.12001454916992,5,contrarian,0.8909574468085106,True,True,True
1600,continuous_low_noise,21,420,0.34754023636612047,49.02347340340316,249.3255266042797,5,contrarian,0.9212410501193318,True,True,True
1600,continuous_low_noise,22,390,0.4168765705395299,65.29434485487809,212.93075561702116,5,contrarian,0.9074550128534704,True,True,True
1600,continuous_low_noise,23,427,0.3808963305786458,65.78085382581091,241.57412451169267,5,contrarian,0.9131455399061033,True,True,True
1600,continuous_low_noise,24,389,0.4700835257919321,85.56365161096547,237.1379153377539,5,contrarian,0.9254498714652957,True,True,True
1600,continuous_low_noise,25,417,0.40997053197812966,73.97948543065206,253.8522975744704,5,contrarian,0.9254807692307693,True,True,True
1600,continuous_low_noise,26,408,0.41102258866451874,70.61511523073312,216.19838410010507,5,contrarian,0.9019607843137255,True,True,True
1600,continuous_low_noise,27,379,0.46007989383143527,76.95872865473363,227.3858584503027,5,contrarian,0.9232804232804233,True,True,True
1600,continuous_low_noise,28,401,0.42767672475482693,74.33601516425047,191.89772207937537,5,contrarian,0.885286783042394,True,True,True
1600,continuous_low_noise,29,382,0.4165265091957067,61.73529154264982,179.21138828346565,5,contrarian,0.8821989528795812,True,True,True
1600,continuous_low_noise,30,360,0.4306579745014093,57.41368897040208,181.07053873464017,5,contrarian,0.8941504178272981,True,True,True
1600,continuous_low_noise,31,385,0.35758337693440745,40.32556443406199,193.63957310769155,5,contrarian,0.8935064935064935,True,True,True
1600,continuous_low_noise,32,379,0.4364411876596906,67.9996590156424,204.3510343823541,5,contrarian,0.9050131926121372,True,True,True
1600,continuous_low_noise,33,394,0.34176386932651204,37.412829691594936,207.48697077899118,5,contrarian,0.9010152284263959,True,True,True
1600,continuous_low_noise,34,394,0.38682465312768594,55.166778509257455,219.70545146604533,5,contrarian,0.910941475826972,True,True,True
1600,continuous_low_noise,35,399,0.3760530577490445,52.85997590266524,224.9044250726832,5,contrarian,0.9122807017543859,True,True,True
1600,continuous_low_noise,36,378,0.4304040474759499,65.26995853263112,187.78780709206222,5,contrarian,0.8915343915343915,True,True,True
1600,continuous_low_noise,37,389,0.4255190533149763,68.22807181742967,192.25802645342952,5,contrarian,0.8914728682170543,True,True,True
1600,continuous_low_noise,38,374,0.44157462994098234,67.68135059286497,212.49625484203918,5,contrarian,0.9142091152815014,True,True,True
1600,continuous_low_noise,39,385,0.3991567958742474,56.331330725900386,164.79579142770817,5,contrarian,0.8675324675324675,True,True,True
1600,continuous_low_noise,40,438,0.39526503656616724,76.39333965863823,203.93710187074686,5,contrarian,0.8810068649885584,True,True,True
1600,continuous_low_noise,41,370,0.3439765202761017,29.759107800004912,216.78849576403874,5,contrarian,0.918918918918919,True,True,True
1600,continuous_low_noise,42,417,0.40563102647721533,72.16991163677079,205.14322457851588,5,contrarian,0.8896882494004796,True,True,True
1600,continuous_low_noise,43,408,0.39259416584609214,63.09631872081505,215.347439992591,5,contrarian,0.9017199017199017,True,True,True
1600,continuous_low_noise,44,399,0.4411008011481564,78.81402551891088,245.14386511861346,5,contrarian,0.9271356783919598,True,True,True
1600,continuous_low_noise,45,404,0.42622107967092776,75.06530028217283,235.25782683309356,5,contrarian,0.9181141439205955,True,True,True
1600,continuous_low_noise,46,413,0.40383218915857916,69.75820403589508,198.0171774544566,5,contrarian,0.8859223300970874,True,True,True
1600,continuous_low_noise,47,406,0.5107080853164517,110.24240498646377,230.98568794221038,5,contrarian,0.9137931034482759,True,True,True
1600,continuous_low_noise,48,393,0.4492468922957975,79.30053404507571,200.35405956203772,5,contrarian,0.8956743002544529,True,True,True
1600,continuous_low_noise,49,378,0.3586698783995977,38.154442621769974,203.49522378733485,5,contrarian,0.9047619047619048,True,True,True
1600,continuous_low_noise,50,405,0.41401604627727306,70.55994716504854,216.85669774993247,5,contrarian,0.9037037037037037,True,True,True
1600,continuous_low_noise,51,395,0.40008848437888506,60.80418573404502,205.1668318942065,5,contrarian,0.8987341772151899,True,True,True
1600,continuous_low_noise,52,401,0.4014343071281024,63.81280569593393,194.03561453412118,5,contrarian,0.8875,True,True,True
1600,continuous_low_noise,53,417,0.438882047960675,86.03558759537347,202.14902629345977,5,contrarian,0.8872901678657075,True,True,True
1600,continuous_low_noise,54,404,0.37371531963197124,53.8529732264344,209.6309360500739,5,contrarian,0.8985148514851485,True,True,True
1600,continuous_low_noise,55,383,0.39499616267544424,53.91695250391473,205.20724450368482,5,contrarian,0.9052631578947369,True,True,True
1600,continuous_low_noise,56,378,0.45542100753553016,74.72636943515245,187.78780709206222,5,contrarian,0.8915343915343915,True,True,True
1600,continuous_low_noise,57,391,0.43070002887626696,71.12752526275371,180.79005589919598,5,contrarian,0.8797953964194374,True,True,True
1600,continuous_low_noise,58,388,0.3724416026791477,47.197188996516275,167.18332093022707,5,contrarian,0.8685567010309279,True,True,True
1600,continuous_low_noise,59,382,0.42753474813360015,65.9404388169251,169.0461600760344,5,contrarian,0.8736842105263158,True,True,True
1600,continuous_low_noise,60,387,0.3700934728097159,45.90471754371521,186.25777038942894,5,contrarian,0.8863049095607235,True,True,True
1600,continuous_low_noise,61,415,0.47828599705550334,101.48731101207048,196.72074044185445,5,contrarian,0.8840579710144928,True,True,True
1600,continuous_low_noise,62,434,0.4167813863100906,84.1032769631746,216.2778767758317,5,contrarian,0.8917050691244239,True,True,True
1600,continuous_low_noise,63,408,0.3937193433612114,63.55539114698371,206.76956355291367,5,contrarian,0.8946078431372549,True,True,True
1600,continuous_low_noise,64,403,0.40109992277003514,64.5037982253609,201.74117674073628,5,contrarian,0.8930348258706468,True,True,True
1600,continuous_low_noise,65,377,0.32788711546618754,26.17945998974251,180.1369724561288,5,contrarian,0.8856382978723404,True,True,True
1600,continuous_low_noise,66,403,0.42324037651314755,73.4264010838352,190.60845795611576,5,contrarian,0.8833746898263027,True,True,True
1600,continuous_low_noise,67,378,0.4316121545683146,65.72662301354497,219.43684348201333,5,contrarian,0.9177718832891246,True,True,True
1600,continuous_low_noise,68,383,0.4370337164958808,70.01733561714192,185.09452814575474,5,contrarian,0.887434554973822,True,True,True
1600,continuous_low_noise,69,415,0.3425175962725003,45.143424687124195,214.94080908417493,5,contrarian,0.8985507246376812,True,True,True
1600,continuous_low_noise,70,397,0.3593842602823704,45.46755252392835,247.05151609506825,5,contrarian,0.9292929292929293,True,True,True
1600,continuous_low_noise,71,425,0.3941153250415422,70.61378524885798,202.83560240678472,5,contrarian,0.8847058823529412,True,True,True
1600,continuous_low_noise,72,355,0.3988576520588825,43.916131224826586,164.99045931234832,5,contrarian,0.8813559322033898,True,True,True
1600,continuous_low_noise,73,394,0.42743163180426386,71.16592810782916,195.06082191327877,5,contrarian,0.8908629441624365,True,True,True
1600,continuous_low_noise,74,417,0.3941901440282621,67.39906365555728,217.4795861489994,5,contrarian,0.8992805755395683,True,True,True
1600,continuous_low_noise,75,408,0.4072245335021843,69.06550872450066,222.68284637752157,5,contrarian,0.9068627450980392,True,True,True
1600,continuous_low_noise,76,397,0.36614710976411274,48.15240376818004,236.14458269556127,5,contrarian,0.9217171717171717,True,True,True
1600,continuous_low_noise,77,406,0.3853050875925587,59.32878791056318,202.03281996697993,5,contrarian,0.8916256157635468,True,True,True
1600,continuous_low_noise,78,357,0.389471510046376,41.38502856655764,205.40417554773995,5,contrarian,0.9159663865546218,True,True,True
1600,continuous_low_noise,79,372,0.3608975340462321,36.76398163418165,204.90390833370213,5,contrarian,0.9086021505376344,True,True,True
1600,continuous_low_noise,80,422,0.3611454747397333,55.48321401377808,231.4266517784541,5,contrarian,0.9075829383886256,True,True,True
1600,continuous_low_noise,81,377,0.37249274461202114,42.99578217772179,183.93851344504162,5,contrarian,0.8885941644562334,True,True,True
1600,continuous_low_noise,82,393,0.3651266169685312,46.24126584146005,219.70545146604533,5,contrarian,0.910941475826972,True,True,True
1600,continuous_low_noise,83,412,0.38727307377932224,62.52047474947349,190.537606270681,5,contrarian,0.8804878048780488,True,True,True
1600,continuous_low_noise,84,408,0.3584972050831756,49.18475872954511,196.8513260885287,5,contrarian,0.8869778869778869,True,True,True
1600,continuous_low_noise,85,375,0.45593982557306983,73.52105726794682,173.4896755172384,5,contrarian,0.88,True,True,True
1600,continuous_low_noise,86,404,0.4547650924572293,86.59708144783865,188.52186242692807,5,contrarian,0.8811881188118812,True,True,True
1600,continuous_low_noise,87,420,0.4083130643947617,74.54806117543248,249.3255266042797,5,contrarian,0.9212410501193318,True,True,True
1600,continuous_low_noise,88,392,0.4400078420694544,75.21822906763789,214.6513054139242,5,contrarian,0.907928388746803,True,True,True
1600,continuous_low_noise,89,380,0.46028928192828295,77.50960552447016,214.31189223429192,5,contrarian,0.9129287598944591,True,True,True
1600,continuous_low_noise,90,410,0.37711778713517285,57.55920707256546,211.56129078845584,5,contrarian,0.8975609756097561,True,True,True
1600,continuous_low_noise,91,408,0.35233024211045305,46.66863783667432,186.0493182249698,5,contrarian,0.8774509803921569,True,True,True
1600,continuous_low_noise,92,408,0.44995270010866073,86.49860069994304,237.8894925168512,5,contrarian,0.9187192118226601,True,True,True
1600,continuous_low_noise,93,363,0.43454085169015155,60.148346206249485,203.80878876073152,5,contrarian,0.9118457300275482,True,True,True
1600,continuous_low_noise,94,375,0.4412659262947909,68.01834503859223,200.0760215173254,5,contrarian,0.9037433155080213,True,True,True
1600,continuous_low_noise,95,403,0.3765989921339697,54.62992317902652,245.05101574651397,5,contrarian,0.9253731343283582,True,True,True
1600,continuous_low_noise,96,407,0.3911506002242546,62.104700178166965,193.0738657941428,5,contrarian,0.8842364532019704,True,True,True
1600,continuous_low_noise,97,404,0.3496071676258458,44.11327981595973,236.13473163342195,5,contrarian,0.9183168316831684,True,True,True
1600,continuous_low_noise,98,382,0.4918803666358339,90.5204650847784,179.21138828346565,5,contrarian,0.8821989528795812,True,True,True
1600,continuous_low_noise,99,406,0.39275810166293623,62.35471162313645,214.4968822302725,5,contrarian,0.9014778325123153,True,True,True
1600,censored_execution_noise,0,403,0.3562539830903679,46.430884534455004,192.7221715487308,5,contrarian,0.8855721393034826,True,True,True
1600,censored_execution_noise,1,404,0.4065536323405801,67.11965156071237,160.70046969477508,5,contrarian,0.8575,True,True,True
1600,censored_execution_noise,2,384,0.4284581294205115,67.17261031976236,161.31035627359188,5,contrarian,0.8645833333333334,True,True,True
1600,censored_execution_noise,3,373,0.4449932820009219,68.50375861654626,173.92497100258484,5,contrarian,0.8817204301075269,True,True,True
1600,censored_execution_noise,4,385,0.4258399846253737,66.604358395084,164.79579142770817,5,contrarian,0.8675324675324675,True,True,True
1600,censored_execution_noise,5,396,0.35757492144621195,44.38028196348276,154.2637159652217,5,contrarian,0.8531645569620253,True,True,True
1600,censored_execution_noise,6,377,0.4153297071827838,59.14531706689931,172.2567727295252,5,contrarian,0.8779840848806366,True,True,True
1600,censored_execution_noise,7,438,0.43235276862028593,92.63776629834221,191.02721413187012,5,contrarian,0.871264367816092,True,True,True
1600,censored_execution_noise,8,397,0.4217206637997892,70.21510472034358,176.34895469951752,5,contrarian,0.8737373737373737,True,True,True
1600,censored_execution_noise,9,420,0.42604079830870284,81.99370941928777,173.72399142174802,5,contrarian,0.861904761904762,True,True,True
1600,censored_execution_noise,10,432,0.36760723023985703,62.00299015425807,180.81634615641215,5,contrarian,0.8648018648018648,True,True,True
1600,censored_execution_noise,11,415,0.3901669541109216,64.91790819006906,212.6549387971488,5,contrarian,0.8963855421686747,True,True,True
1600,censored_execution_noise,12,346,0.33998385522371005,19.85735839578429,133.49123149782903,5,contrarian,0.8521739130434782,True,True,True
1600,censored_execution_noise,13,352,0.36577223835719264,31.04050682254045,138.1194452624097,5,contrarian,0.8547008547008547,True,True,True
1600,censored_execution_noise,14,417,0.4746435021089712,100.948113975213,182.1248778828601,5,contrarian,0.8705035971223022,True,True,True
1600,censored_execution_noise,15,384,0.3829442475280338,49.69527967305092,172.271253811355,5,contrarian,0.875,True,True,True
1600,censored_execution_noise,16,422,0.38149319885548005,64.06995359062321,186.13086731137594,5,contrarian,0.8720379146919431,True,True,True
1600,censored_execution_noise,17,415,0.4155065653378844,75.4338468492586,194.62539978637562,5,contrarian,0.8819277108433735,True,True,True
1600,censored_execution_noise,18,393,0.413224902428486,65.14389202722226,150.20767121104976,5,contrarian,0.8498727735368957,True,True,True
1600,censored_execution_noise,19,439,0.4240047363585268,89.4171328211704,205.57244110520136,5,contrarian,0.8815489749430524,True,True,True
1600,censored_execution_noise,20,433,0.44336066831347454,95.18357534551465,212.42268275711515,5,contrarian,0.8891454965357968,True,True,True
1600,censored_execution_noise,21,404,0.36542150115268995,50.502270560804746,166.43877315885817,5,contrarian,0.8613861386138614,True,True,True
1600,censored_execution_noise,22,412,0.3932367666245452,64.97751620170536,145.09588888579307,5,contrarian,0.837378640776699,True,True,True
1600,censored_execution_noise,23,349,0.40808076719396363,44.67596004611802,185.19221644733568,5,contrarian,0.9025787965616046,True,True,True
1600,censored_execution_noise,24,432,0.3373916203112003,48.949846665078354,189.7819034391046,5,contrarian,0.872093023255814,True,True,True
1600,censored_execution_noise,25,407,0.3861947555659537,60.087671402238485,188.0906420258864,5,contrarian,0.8796068796068796,True,True,True
1600,censored_execution_noise,26,413,0.41331589701547905,73.67497538079475,152.3061193558714,5,contrarian,0.8446601941747572,True,True,True
1600,censored_execution_noise,27,404,0.2810428662690981,16.413302067833627,129.3268171952406,5,contrarian,0.8238213399503722,True,True,True
1600,censored_execution_noise,28,454,0.4337009321143652,100.35750555673123,181.23473087451066,5,contrarian,0.8565121412803532,True,True,True
1600,censored_execution_noise,29,372,0.45334906302646377,71.15595041482783,172.28922910833685,5,contrarian,0.8810810810810811,True,True,True
1600,censored_execution_noise,30,427,0.44584557168885536,93.5141797798704,198.6537058133885,5,contrarian,0.8805620608899297,True,True,True
1600,censored_execution_noise,31,404,0.35801864951261164,47.51151849821311,159.67519348099157,5,contrarian,0.8557213930348259,True,True,True
1600,censored_execution_noise,32,427,0.405449223841496,76.26493924904796,179.23651809573587,5,contrarian,0.8641686182669789,True,True,True
1600,censored_execution_noise,33,416,0.37007093744704833,56.95970300449709,212.6549387971488,5,contrarian,0.8963855421686747,True,True,True
1600,censored_execution_noise,34,460,0.37801093770994426,77.41425931057935,202.78134548635902,5,contrarian,0.8717391304347826,True,True,True
1600,censored_execution_noise,35,389,0.33187300471103515,31.79975891049655,149.64978117095956,5,contrarian,0.8508997429305912,True,True,True
1600,censored_execution_noise,36,410,0.466439454864885,94.18109084174743,152.4835754696262,5,contrarian,0.8459657701711492,True,True,True
1600,censored_execution_noise,37,411,0.4451346031519946,85.90275839788605,158.22018274127177,5,contrarian,0.8512195121951219,True,True,True
1600,censored_execution_noise,38,394,0.38572322912126167,54.73281745072629,175.9227382657582,5,contrarian,0.875,True,True,True
1600,censored_execution_noise,39,425,0.40287857956410983,74.33816842094923,191.33627363838497,5,contrarian,0.8752941176470588,True,True,True
1600,censored_execution_noise,40,423,0.40647652452117405,75.03103312459139,198.27431857420123,5,contrarian,0.8817966903073287,True,True,True
1600,censored_execution_noise,41,435,0.43583672729837686,92.82089109914831,155.12038784104175,5,contrarian,0.8390804597701149,True,True,True
1600,censored_execution_noise,42,361,0.34626045740803557,27.387900638965107,130.08933312101152,5,contrarian,0.8416666666666667,True,True,True
1600,censored_execution_noise,43,395,0.35027436126666434,41.127607104717825,175.54394680288078,5,contrarian,0.8734177215189873,True,True,True
1600,censored_execution_noise,44,391,0.44826816278021947,77.99666561919913,174.30908379653982,5,contrarian,0.8743589743589744,True,True,True
1600,censored_execution_noise,45,392,0.3542045460470718,41.5833370268639,186.6040603499673,5,contrarian,0.8849104859335039,True,True,True
1600,censored_execution_noise,46,385,0.4447772748686119,73.89521513873072,199.85691859876286,5,contrarian,0.8987012987012987,True,True,True
1600,censored_execution_noise,47,411,0.38034352509020725,59.27362531449144,173.83264455579913,5,contrarian,0.8658536585365854,True,True,True
1600,censored_execution_noise,48,375,0.37425123497188856,42.887835792503836,172.67436289575363,5,contrarian,0.8796791443850267,True,True,True
1600,censored_execution_noise,49,384,0.41482018132914106,61.935638252676114,145.82267571980654,5,contrarian,0.8489583333333334,True,True,True
1600,censored_execution_noise,50,390,0.37934828292841105,50.658312686541734,135.82655591698315,5,contrarian,0.8358974358974359,True,True,True
1600,censored_execution_noise,51,361,0.3793555894007821,39.33524328834662,174.99717544401244,5,contrarian,0.8885793871866295,True,True,True
1600,censored_execution_noise,52,382,0.3966968650769639,54.16036748929004,176.32469172263012,5,contrarian,0.8795811518324608,True,True,True
1600,censored_execution_noise,53,375,0.3687216603947286,40.81424532606886,159.55893504266055,5,contrarian,0.8666666666666667,True,True,True
1600,censored_execution_noise,54,371,0.4556405109205911,71.54157214799902,122.69029980816002,5,contrarian,0.8292682926829268,True,True,True
1600,censored_execution_noise,55,367,0.4147764314067654,54.67735802445593,135.36679164894488,5,contrarian,0.8446866485013624,True,True,True
1600,censored_execution_noise,56,410,0.44320338212593663,84.65430101877861,187.67308337018625,5,contrarian,0.8780487804878049,True,True,True
1600,censored_execution_noise,57,364,0.3431750533555433,27.336820656326196,189.85846720713425,5,contrarian,0.9005524861878453,True,True,True
1600,censored_execution_noise,58,417,0.43242425804321916,83.34268919979439,181.32521349425332,5,contrarian,0.8701923076923077,True,True,True
1600,censored_execution_noise,59,391,0.31049096740627463,24.12578222798672,180.79005589919598,5,contrarian,0.8797953964194374,True,True,True
1600,censored_execution_noise,60,409,0.4637009866877304,92.58310542557265,172.24934848421276,5,contrarian,0.8651960784313726,True,True,True
1600,censored_execution_noise,61,410,0.43155422558655904,79.87814683763379,214.71180662839475,5,contrarian,0.9,True,True,True
1600,censored_execution_noise,62,433,0.3690605478326485,63.01162317731699,176.03140334685185,5,contrarian,0.859122401847575,True,True,True
1600,censored_execution_noise,63,417,0.4586085761159943,94.26154983614163,199.18942514447698,5,contrarian,0.8848920863309353,True,True,True
1600,censored_execution_noise,64,437,0.46055927464150953,104.51986689434409,192.63055589842,5,contrarian,0.8718535469107551,True,True,True
1600,censored_execution_noise,65,410,0.283885243439808,19.333864157465854,165.11632557112472,5,contrarian,0.8581907090464548,True,True,True
1600,censored_execution_noise,66,399,0.4254317405096757,72.56207032415708,167.02240175797672,5,contrarian,0.864321608040201,True,True,True
1600,censored_execution_noise,67,415,0.40967597649317683,73.01415247870497,209.5606325591299,5,contrarian,0.8939759036144578,True,True,True
1600,censored_execution_noise,68,416,0.4672970988685069,97.40578615582386,175.1049243904722,5,contrarian,0.8650602409638555,True,True,True
1600,censored_execution_noise,69,389,0.3800019559321507,50.521920935510494,161.79939191386427,5,contrarian,0.8634020618556701,True,True,True
1600,censored_execution_noise,70,412,0.3767368896515976,58.17956688885093,161.5225161702402,5,contrarian,0.8540145985401459,True,True,True
1600,censored_execution_noise,71,419,0.3489015843555955,49.23472797572151,183.72574802189249,5,contrarian,0.8711217183770883,True,True,True
1600,censored_execution_noise,72,426,0.42026182284477687,82.15797794732944,181.12744782746927,5,contrarian,0.8661971830985915,True,True,True
1600,censored_execution_noise,73,443,0.385592039354334,74.14362851744882,183.081624775279,5,contrarian,0.8619909502262444,True,True,True
1600,censored_execution_noise,74,352,0.3277218856075493,17.646782654665984,166.25941193963018,5,contrarian,0.8835227272727273,True,True,True
1600,censored_execution_noise,75,377,0.3852198881686991,47.79391529858938,168.61976935695176,5,contrarian,0.875,True,True,True
1600,censored_execution_noise,76,412,0.4058763906313524,70.18504129250991,147.47316144047866,5,contrarian,0.8398058252427184,True,True,True
1600,censored_execution_noise,77,444,0.41218043390319964,86.3463186692642,178.6286067163818,5,contrarian,0.8577878103837472,True,True,True
1600,censored_execution_noise,78,394,0.38539069699435374,54.60179979272456,178.74701675897552,5,contrarian,0.8775510204081632,True,True,True
1600,censored_execution_noise,79,413,0.41379112130597484,73.87124301276951,154.00219784268046,5,contrarian,0.8467153284671532,True,True,True
1600,censored_execution_noise,80,406,0.389372187095469,60.98003030874476,152.66886448432638,5,contrarian,0.8472906403940886,True,True,True
1600,censored_execution_noise,81,380,0.46514582805584404,79.35509305294336,203.49522378733485,5,contrarian,0.9047619047619048,True,True,True
1600,censored_execution_noise,82,434,0.44050867711843567,94.40092117399637,131.77337743946606,5,contrarian,0.815668202764977,True,True,True
1600,censored_execution_noise,83,418,0.34112036233773746,45.6216754154877,176.6877502150698,5,contrarian,0.8657074340527577,True,True,True
1600,censored_execution_noise,84,389,0.43328982348259554,71.25090141263355,143.92431048263703,5,contrarian,0.845360824742268,True,True,True
1600,censored_execution_noise,85,414,0.3870720362768958,63.23488422044781,192.9888691977397,5,contrarian,0.8813559322033898,True,True,True
1600,censored_execution_noise,86,405,0.3932297146823798,62.141482869116786,139.16634798723192,5,contrarian,0.8341584158415841,True,True,True
1600,censored_execution_noise,87,417,0.40404379713916116,71.50803700280221,167.97457142404284,5,contrarian,0.8581730769230769,True,True,True
1600,censored_execution_noise,88,379,0.3749422051652676,44.69154465025609,155.79442651369075,5,contrarian,0.8620689655172413,True,True,True
1600,censored_execution_noise,89,400,0.3376733468710465,37.89556118870773,183.62549019955836,5,contrarian,0.8793969849246231,True,True,True
1600,censored_execution_noise,90,385,0.436620214398689,70.75474685781037,175.90779079305568,5,contrarian,0.8779220779220779,True,True,True
1600,censored_execution_noise,91,392,0.47024893519093897,87.07273757125982,127.36786202398608,5,contrarian,0.8260869565217391,True,True,True
1600,censored_execution_noise,92,469,0.39961751788176353,91.05847535364381,226.4906187140453,5,contrarian,0.8867521367521367,True,True,True
1600,censored_execution_noise,93,492,0.44155253732368305,121.16329778578476,197.08033849465954,5,contrarian,0.8571428571428571,True,True,True
1600,censored_execution_noise,94,397,0.3568571082676511,44.46427317408477,209.1870192424908,5,contrarian,0.9015151515151515,True,True,True
1600,censored_execution_noise,95,378,0.44859510304440625,72.14617753750763,148.7782324544286,5,contrarian,0.8544973544973545,True,True,True
1600,censored_execution_noise,96,383,0.405399187526666,57.901311021932656,194.20487157681555,5,contrarian,0.8952879581151832,True,True,True
1600,censored_execution_noise,97,404,0.35014366060328367,44.33002297884461,158.66463120523187,5,contrarian,0.8539603960396039,True,True,True
1600,censored_execution_noise,98,358,0.4269814719947957,55.214097121042286,127.83878369776593,5,contrarian,0.8403361344537815,True,True,True
1600,censored_execution_noise,99,381,0.3634891011804205,41.100264648848196,180.48851410794435,5,contrarian,0.8842105263157894,True,True,True
3200,continuous_low_noise,0,825,0.38355561239276514,209.90311814202732,363.95106791596686,5,contrarian,0.8712029161603888,True,True,True
3200,continuous_low_noise,1,819,0.39410648174721363,216.2083654508998,406.8403703200216,5,contrarian,0.8901098901098901,True,True,True
3200,continuous_low_noise,2,738,0.4003930633849236,188.46673783647125,401.08624808624234,5,contrarian,0.9051490514905149,True,True,True
3200,continuous_low_noise,3,813,0.3947908272138283,214.3656054395655,439.09816828157454,5,contrarian,0.9048207663782447,True,True,True
3200,continuous_low_noise,4,780,0.4365523823635801,233.72334058805393,378.8209466900415,5,contrarian,0.8868894601542416,True,True,True
3200,continuous_low_noise,5,807,0.43047103971429224,240.75638457481807,444.63342659887087,5,contrarian,0.9079601990049752,True,True,True
3200,continuous_low_noise,6,837,0.45710341202715665,276.1347186839786,453.138050001063,5,contrarian,0.9051620648259304,True,True,True
3200,continuous_low_noise,7,803,0.41661899210044323,227.88841581698915,418.03633273491243,5,contrarian,0.8978829389788294,True,True,True
3200,continuous_low_noise,8,787,0.3980999934670223,206.55687895649692,407.6630550887161,5,contrarian,0.8970775095298602,True,True,True
3200,continuous_low_noise,9,801,0.410876936860527,222.44436072349453,450.30724090002974,5,contrarian,0.9111389236545682,True,True,True
3200,continuous_low_noise,10,802,0.39953453704082004,213.76434724430254,487.7106512131129,5,contrarian,0.9239401496259352,True,True,True
3200,continuous_low_noise,11,789,0.44955866243936404,247.96533327643425,451.7747564870372,5,contrarian,0.9138149556400507,True,True,True
3200,continuous_low_noise,12,800,0.3759310688986476,194.0710775592072,508.0068108594719,5,contrarian,0.93125,True,True,True
3200,continuous_low_noise,13,782,0.3837644179361272,193.32758879818476,358.87143816943075,5,contrarian,0.8772378516624041,True,True,True
3200,continuous_low_noise,14,726,0.4253580919337977,201.71999178666158,392.35473342770536,5,contrarian,0.9046961325966851,True,True,True
3200,continuous_low_noise,15,816,0.3938458845118305,214.79614081726314,400.51289147479343,5,contrarian,0.8883435582822086,True,True,True
3200,continuous_low_noise,16,810,0.44303875401658765,252.24483917618898,445.6377343982572,5,contrarian,0.907292954264524,True,True,True
3200,continuous_low_noise,17,794,0.37237414249904144,188.95707033606618,412.7266479084749,5,contrarian,0.8978562421185372,True,True,True
3200,continuous_low_noise,18,783,0.44075452832988216,238.34027898352474,382.9580205507519,5,contrarian,0.8876117496807152,True,True,True
3200,continuous_low_noise,19,818,0.4512178728039431,262.52562182391637,425.8808552551385,5,contrarian,0.8982843137254902,True,True,True
3200,continuous_low_noise,20,792,0.4121743165028326,219.72267174102623,404.8136996425786,5,contrarian,0.8950695322376738,True,True,True
3200,continuous_low_noise,21,784,0.4764819885708088,266.7970340159259,402.607034027399,5,contrarian,0.8962868117797695,True,True,True
3200,continuous_low_noise,22,797,0.40256504857847175,214.1534448523082,427.99004923661823,5,contrarian,0.9032663316582915,True,True,True
3200,continuous_low_noise,23,803,0.4006018984870394,215.0266896454259,404.809207408742,5,contrarian,0.8927680798004988,True,True,True
3200,continuous_low_noise,24,816,0.4115515308733882,229.24394824829423,411.7887066456595,5,contrarian,0.8931203931203932,True,True,True
3200,continuous_low_noise,25,774,0.4096292090575304,210.2315513768837,356.440431293181,5,contrarian,0.8782383419689119,True,True,True
3200,continuous_low_noise,26,831,0.36781205360821734,199.1562229576464,401.029559213921,5,contrarian,0.8855421686746988,True,True,True
3200,continuous_low_noise,27,791,0.4161600028947201,222.45748484645813,418.823665430041,5,contrarian,0.9011406844106464,True,True,True
3200,continuous_low_noise,28,807,0.3701693768692806,192.09294265889366,390.91942893308885,5,contrarian,0.885997521685254,True,True,True
3200,continuous_low_noise,29,811,0.40600422491657173,222.6586105920045,393.39658504688657,5,contrarian,0.8864197530864197,True,True,True
3200,continuous_low_noise,30,809,0.4391530733019754,248.65255136153763,405.93544883103647,5,contrarian,0.8921933085501859,True,True,True
3200,continuous_low_noise,31,753,0.39203263105350333,188.26098651553377,419.7077769253938,5,contrarian,0.9095744680851063,True,True,True
3200,continuous_low_noise,32,811,0.3891868790897756,209.01974312647286,427.9616649636334,5,contrarian,0.9001233045622689,True,True,True
3200,continuous_low_noise,33,828,0.38405969490721864,211.48848858499,448.0038447472992,5,contrarian,0.9044740024183797,True,True,True
3200,continuous_low_noise,34,784,0.3361087580555577,156.744421291969,416.9147377840758,5,contrarian,0.9016602809706258,True,True,True
3200,continuous_low_noise,35,820,0.3836163741720253,208.00634116820538,441.8403244950872,5,contrarian,0.9044117647058824,True,True,True
3200,continuous_low_noise,36,791,0.37925643056423836,193.2667591330471,416.4934810644679,5,contrarian,0.9,True,True,True
3200,continuous_low_noise,37,837,0.3987327956911064,227.2785128107045,488.4847898254298,5,contrarian,0.9173652694610779,True,True,True
3200,continuous_low_noise,38,806,0.47582639543920807,276.8766040730385,446.3551916869197,5,contrarian,0.9081885856079405,True,True,True
3200,continuous_low_noise,39,812,0.3616459985414368,187.05147316363104,436.71339549986493,5,contrarian,0.9037037037037037,True,True,True
3200,continuous_low_noise,40,771,0.37930619762366474,185.6066840088048,416.3322811423418,5,contrarian,0.9040207522697795,True,True,True
3200,continuous_low_noise,41,795,0.43395801770578096,238.29432287885055,423.0752830609545,5,contrarian,0.9017632241813602,True,True,True
3200,continuous_low_noise,42,797,0.3889965208646695,203.33932826440787,451.9413874352866,5,contrarian,0.9121706398996235,True,True,True
3200,continuous_low_noise,43,747,0.3961776695424044,188.9715697218789,350.4108471802381,5,contrarian,0.8808567603748326,True,True,True
3200,continuous_low_noise,44,791,0.40507416507983063,213.68858713488058,429.3380094072761,5,contrarian,0.9050632911392406,True,True,True
3200,continuous_low_noise,45,814,0.39786861762628,217.2714606346873,463.3129398922843,5,contrarian,0.9127764127764127,True,True,True
3200,continuous_low_noise,46,789,0.4068514450082702,214.2693387233012,458.6343943726972,5,contrarian,0.9163498098859315,True,True,True
3200,continuous_low_noise,47,818,0.3992836927326451,220.04346252559458,452.5206481648037,5,contrarian,0.9082007343941249,True,True,True
3200,continuous_low_noise,48,754,0.44097574817153007,225.56173158032348,364.0988581765366,5,contrarian,0.8857901726427623,True,True,True
3200,continuous_low_noise,49,808,0.3595150827026638,183.86017091887038,428.59386759218984,5,contrarian,0.900990099009901,True,True,True
3200,continuous_low_noise,50,807,0.36906085915338793,191.1983688621683,447.21634589345757,5,contrarian,0.9083023543990086,True,True,True
3200,continuous_low_noise,51,734,0.36928272890270597,164.00793071275922,429.558462219919,5,contrarian,0.9180327868852459,True,True,True
3200,continuous_low_noise,52,827,0.38736689958008735,213.83371029338974,424.94272529398955,5,contrarian,0.8958837772397095,True,True,True
3200,continuous_low_noise,53,769,0.4414516735263657,232.6266622505023,385.5497940737509,5,contrarian,0.8919270833333334,True,True,True
3200,continuous_low_noise,54,758,0.4395604780179855,226.27529123025266,358.5935788094774,5,contrarian,0.8824306472919419,True,True,True
3200,continuous_low_noise,55,783,0.4536481029427053,248.43594790536525,466.47300910700255,5,contrarian,0.9207161125319693,True,True,True
3200,continuous_low_noise,56,779,0.441006469777586,236.75085999874958,357.6546277931348,5,contrarian,0.8777348777348777,True,True,True
3200,continuous_low_noise,57,797,0.41867206356891834,226.99073579969416,445.2331357076058,5,contrarian,0.9096612296110415,True,True,True
3200,continuous_low_noise,58,794,0.4074441894309208,216.8026875999784,413.57130767663836,5,contrarian,0.8979848866498741,True,True,True
3200,continuous_low_noise,59,759,0.4055563322257858,200.91131865145047,422.42178692657143,5,contrarian,0.9090909090909091,True,True,True
3200,continuous_low_noise,60,820,0.4099918885319675,229.63426294335795,471.0650341177661,5,contrarian,0.9145299145299145,True,True,True
3200,continuous_low_noise,61,824,0.3907379696641333,215.43205535563857,407.9845393611935,5,contrarian,0.8895631067961165,True,True,True
3200,continuous_low_noise,62,787,0.4234959583013539,226.54350328111587,427.45643348857067,5,contrarian,0.9056122448979592,True,True,True
3200,continuous_low_noise,63,806,0.42401015790304913,235.11271661889432,378.4091632940408,5,contrarian,0.8808933002481389,True,True,True
3200,continuous_low_noise,64,829,0.3526584104578634,185.84666276848967,472.0826720055359,5,contrarian,0.9130434782608695,True,True,True
3200,continuous_low_noise,65,777,0.39875951117561675,203.03164263366645,427.14209408729266,5,contrarian,0.9072164948453608,True,True,True
3200,continuous_low_noise,66,763,0.43304699486114817,223.5313969896843,409.50326271505224,5,contrarian,0.9030144167758847,True,True,True
3200,continuous_low_noise,67,793,0.38921868837528445,201.93672583009283,415.8724863922264,5,contrarian,0.8991172761664565,True,True,True
3200,continuous_low_noise,68,787,0.3411478377136185,161.7355323785681,414.5770628143853,5,contrarian,0.9005102040816326,True,True,True
3200,continuous_low_noise,69,812,0.41693376813659594,231.94514207490022,428.59386759218984,5,contrarian,0.900990099009901,True,True,True
3200,continuous_low_noise,70,801,0.40791902820482534,220.0750758902775,383.03409453243245,5,contrarian,0.8838951310861424,True,True,True
3200,continuous_low_noise,71,801,0.36427884399029603,185.1192883344395,381.3906743130468,5,contrarian,0.8836045056320401,True,True,True
3200,continuous_low_noise,72,798,0.3401978528544151,164.79269243861972,416.10652330445623,5,contrarian,0.8983688833124216,True,True,True
3200,continuous_low_noise,73,798,0.3678404343995665,186.8514725116505,418.41314615945214,5,contrarian,0.8994974874371859,True,True,True
3200,continuous_low_noise,74,847,0.3966334831391449,229.5458469692249,444.9632715384252,5,contrarian,0.8995271867612293,True,True,True
3200,continuous_low_noise,75,808,0.4604806128722932,265.4403192959309,422.2618721001478,5,contrarian,0.8985148514851485,True,True,True
3200,continuous_low_noise,76,764,0.41548404332777145,210.55197413230724,402.25976374635036,5,contrarian,0.9002624671916011,True,True,True
3200,continuous_low_noise,77,818,0.4161465025433839,233.83724095077895,430.728011090294,5,contrarian,0.8997555012224939,True,True,True
3200,continuous_low_noise,78,782,0.34916847214691044,166.27355919101728,387.2942459050491,5,contrarian,0.8898847631241997,True,True,True
3200,continuous_low_noise,79,825,0.4172846149854695,237.72954528100843,421.0076095765396,5,contrarian,0.8945454545454545,True,True,True
3200,continuous_low_noise,80,761,0.3636832594185035,169.86825701091743,394.2653583342206,5,contrarian,0.8973684210526316,True,True,True
3200,continuous_low_noise,81,808,0.4355909556344403,245.3294762477458,412.07069431907325,5,contrarian,0.8946716232961586,True,True,True
3200,continuous_low_noise,82,788,0.4195850462817209,223.89088164694525,410.7966931168423,5,contrarian,0.8983481575603558,True,True,True
3200,continuous_low_noise,83,819,0.4104720668460063,229.611779646811,419.0580439024785,5,contrarian,0.894993894993895,True,True,True
3200,continuous_low_noise,84,808,0.3803687628236636,200.7099444566382,443.05963543488093,5,contrarian,0.9069478908188585,True,True,True
3200,continuous_low_noise,85,794,0.37916415652060564,194.3483414691882,432.76389881153784,5,contrarian,0.9055415617128464,True,True,True
3200,continuous_low_noise,86,817,0.4120663384953201,230.08184780686895,397.5297350413748,5,contrarian,0.8871165644171779,True,True,True
3200,continuous_low_noise,87,797,0.42231204196397454,229.89179858055394,441.0508729611549,5,contrarian,0.9082914572864321,True,True,True
3200,continuous_low_noise,88,816,0.43112935150415793,245.21944988300234,403.5138946923073,5,contrarian,0.8895705521472392,True,True,True
3200,continuous_low_noise,89,801,0.4526212815255237,255.88158080015688,380.11439589856616,5,contrarian,0.8826466916354557,True,True,True
3200,continuous_low_noise,90,806,0.4009706386565852,216.54286410624442,373.90143418453766,5,contrarian,0.8793532338308457,True,True,True
3200,continuous_low_noise,91,812,0.45624705900013107,263.8675342560908,482.2895743860465,5,contrarian,0.9199507389162561,True,True,True
3200,continuous_low_noise,92,787,0.45332459667944036,250.01864168466994,364.97173118446204,5,contrarian,0.8791348600508906,True,True,True
3200,continuous_low_noise,93,821,0.3605440447136835,189.4533349238954,370.68196251524466,5,contrarian,0.8745432399512789,True,True,True
3200,continuous_low_noise,94,801,0.42870299115341465,236.7230302120975,472.6231031454343,5,contrarian,0.9188514357053683,True,True,True
3200,continuous_low_noise,95,812,0.35490426543274733,181.57718587937518,461.5766123690923,5,contrarian,0.9125615763546798,True,True,True
3200,continuous_low_noise,96,765,0.44865309315181356,236.34740871992517,361.8738217571381,5,contrarian,0.8830486202365309,True,True,True
3200,continuous_low_noise,97,754,0.423306344323725,212.23900107907846,364.0988581765366,5,contrarian,0.8857901726427623,True,True,True
3200,continuous_low_noise,98,818,0.4429393079596077,255.75375578125,437.0994251172107,5,contrarian,0.902200488997555,True,True,True
3200,continuous_low_noise,99,799,0.3718241193523499,190.4079843243386,486.8888485891713,5,contrarian,0.9247176913425345,True,True,True
3200,censored_execution_noise,0,862,0.3962647711538097,235.26517019653323,375.1197017601857,5,contrarian,0.8687572590011614,True,True,True
3200,censored_execution_noise,1,855,0.3441918622032428,187.9280062134466,318.0915531083926,5,contrarian,0.8442622950819673,True,True,True
3200,censored_execution_noise,2,762,0.3957925634359424,194.70485043729607,342.70323566878017,5,contrarian,0.8740157480314961,True,True,True
3200,censored_execution_noise,3,836,0.4064903753539525,233.35931775421773,348.37645916160875,5,contrarian,0.8621103117505995,True,True,True
3200,censored_execution_noise,4,788,0.41808513040045764,222.7089479325098,336.0769820465602,5,contrarian,0.8654822335025381,True,True,True
3200,censored_execution_noise,5,788,0.4146805594383922,220.02614601440226,333.3991166495186,5,contrarian,0.8642131979695431,True,True,True
3200,censored_execution_noise,6,793,0.4685059590915461,264.8115315080883,340.3585151598192,5,contrarian,0.8670886075949367,True,True,True
3200,censored_execution_noise,7,687,0.3985511005549782,166.5002540004038,272.7495774150383,5,contrarian,0.8544395924308588,True,True,True
3200,censored_execution_noise,8,724,0.42068370584709386,197.47394484076045,326.0579394179806,5,contrarian,0.8743093922651933,True,True,True
3200,censored_execution_noise,9,839,0.3816011725427753,213.7141516642164,367.7022781149655,5,contrarian,0.869928400954654,True,True,True
3200,censored_execution_noise,10,826,0.4472756334181586,262.9251831168009,346.59592056611945,5,contrarian,0.863030303030303,True,True,True
3200,censored_execution_noise,11,791,0.42831210253279256,232.06979566017347,311.7556612915383,5,contrarian,0.8538754764930114,True,True,True
3200,censored_execution_noise,12,799,0.4282423048550755,235.48611454101638,361.7284550054277,5,contrarian,0.8756281407035176,True,True,True
3200,censored_execution_noise,13,707,0.45712122457677007,215.98986768460716,301.502194319098,5,contrarian,0.8656294200848657,True,True,True
3200,censored_execution_noise,14,926,0.4063273490519255,270.32446810260666,376.88570410622367,5,contrarian,0.8582251082251082,True,True,True
3200,censored_execution_noise,15,745,0.4367941936655122,218.4273548433871,278.85749452130074,5,contrarian,0.8454301075268817,True,True,True
3200,censored_execution_noise,16,706,0.4815226725768682,232.75467221588707,286.72136459871643,5,contrarian,0.8581560283687943,True,True,True
3200,censored_execution_noise,17,881,0.4290626135458309,271.80093503974,359.21784056050103,5,contrarian,0.8587699316628702,True,True,True
3200,censored_execution_noise,18,805,0.4000497682921989,215.39486903929645,344.1629945373522,5,contrarian,0.8658385093167702,True,True,True
3200,censored_execution_noise,19,772,0.4013963823257377,203.04525644604053,361.35989639492664,5,contrarian,0.880674448767834,True,True,True
3200,censored_execution_noise,20,825,0.3458618071677597,178.80572883139786,315.9628865959663,5,contrarian,0.8491484184914841,True,True,True
3200,censored_execution_noise,21,801,0.41275828594801567,223.95132134257295,342.89311442623193,5,contrarian,0.86625,True,True,True
3200,censored_execution_noise,22,892,0.41092886434307874,260.4104856618942,394.7609369903548,5,contrarian,0.8717660292463442,True,True,True
3200,censored_execution_noise,23,782,0.3893797657992972,197.71879082718368,314.7971028107032,5,contrarian,0.8565941101152369,True,True,True
3200,censored_execution_noise,24,779,0.4537978308866242,246.71533030269032,298.2650443043533,5,contrarian,0.8492268041237113,True,True,True
3200,censored_execution_noise,25,790,0.4067145927894553,214.57376270805514,310.9837206936616,5,contrarian,0.8536895674300254,True,True,True
3200,censored_execution_noise,26,829,0.3993710430245237,224.57143516625106,299.4432450521671,5,contrarian,0.8401937046004843,True,True,True
3200,censored_execution_noise,27,818,0.34253767498354804,173.62522000683322,330.64253368635457,5,contrarian,0.8569682151589242,True,True,True
3200,censored_execution_noise,28,799,0.3589390507736064,180.11281452992256,359.7275430973573,5,contrarian,0.8745294855708908,True,True,True
3200,censored_execution_noise,29,737,0.3713423144431077,166.65037707583025,347.2009440123187,5,contrarian,0.8817934782608695,True,True,True
3200,censored_execution_noise,30,834,0.40805085399583874,233.8361858283015,364.85115026315657,5,contrarian,0.8700361010830325,True,True,True
3200,censored_execution_noise,31,843,0.3448152062580297,184.25322646464247,383.2210955050921,5,contrarian,0.8761904761904762,True,True,True
3200,censored_execution_noise,32,823,0.3902424433873306,214.62773212231997,374.3000664521152,5,contrarian,0.8759124087591241,True,True,True
3200,censored_execution_noise,33,805,0.36269011654703986,185.32034938444343,306.43622747248895,5,contrarian,0.8480697384806973,True,True,True
3200,censored_execution_noise,34,808,0.36559129377056265,188.76974946173266,382.1236209743465,5,contrarian,0.8822800495662949,True,True,True
3200,censored_execution_noise,35,828,0.39864531516159235,223.56538215561145,331.70043764142844,5,contrarian,0.8559322033898306,True,True,True
3200,censored_execution_noise,36,828,0.3811736661375423,209.09885676369797,345.51921523462863,5,contrarian,0.8621523579201935,True,True,True
3200,censored_execution_noise,37,823,0.3873245265308945,212.22628654947306,328.6005240352943,5,contrarian,0.8552311435523114,True,True,True
3200,censored_execution_noise,38,840,0.4233605593663981,249.17944399740696,357.6475551688195,5,contrarian,0.865315852205006,True,True,True
3200,censored_execution_noise,39,724,0.4132889971390963,192.1201757361702,340.2795942381265,5,contrarian,0.8812154696132597,True,True,True
3200,censored_execution_noise,40,816,0.4268202522903941,241.70322492457106,427.33916880987687,5,contrarian,0.8992628992628993,True,True,True
3200,censored_execution_noise,41,714,0.4149204545680044,189.09690404155657,330.4883642361242,5,contrarian,0.8792134831460674,True,True,True
3200,censored_execution_noise,42,790,0.4158192806461977,221.7664661148816,326.2418847892666,5,contrarian,0.8605830164765526,True,True,True
3200,censored_execution_noise,43,773,0.3713049351463695,180.19161013320783,362.1767037599244,5,contrarian,0.8808290155440415,True,True,True
3200,censored_execution_noise,44,751,0.41555704081976846,205.1325555992883,349.16390688437224,5,contrarian,0.8798397863818425,True,True,True
3200,censored_execution_noise,45,775,0.38068525622996724,188.215267774587,321.59004118047636,5,contrarian,0.8615782664941786,True,True,True
3200,censored_execution_noise,46,760,0.4143220141153581,207.9844091193948,356.51228510865013,5,contrarian,0.8812664907651715,True,True,True
3200,censored_execution_noise,47,843,0.4118936308881786,240.80033842785798,347.53906282468716,5,contrarian,0.8600237247924081,True,True,True
3200,censored_execution_noise,48,826,0.3871165936662879,213.2338162817557,360.0609595380485,5,contrarian,0.8690909090909091,True,True,True
3200,censored_execution_noise,49,810,0.3750599412322233,197.18200082085383,377.9770715643747,5,contrarian,0.8800988875154512,True,True,True
3200,censored_execution_noise,50,790,0.3984316722175804,208.03025545627395,360.90116512881366,5,contrarian,0.8769035532994924,True,True,True
3200,censored_execution_noise,51,890,0.4373350231974277,283.07823785082815,344.1718071245095,5,contrarian,0.8508474576271187,True,True,True
3200,censored_execution_noise,52,732,0.4359407823267948,212.0519492112943,328.0975102890447,5,contrarian,0.873972602739726,True,True,True
3200,censored_execution_noise,53,842,0.38347559589446856,216.45464571483478,330.5359230226618,5,contrarian,0.8525564803804994,True,True,True
3200,censored_execution_noise,54,829,0.4142794002566337,236.93046331167025,346.30536932211663,5,contrarian,0.8623188405797102,True,True,True
3200,censored_execution_noise,55,693,0.42542940573934135,187.5509885094411,276.61927790519735,5,contrarian,0.8554913294797688,True,True,True
3200,censored_execution_noise,56,834,0.4358567833375284,257.0263308992707,345.23490272515744,5,contrarian,0.8614457831325302,True,True,True
3200,censored_execution_noise,57,744,0.39659344101586175,188.07561908478442,333.78953673860343,5,contrarian,0.8736559139784946,True,True,True
3200,censored_execution_noise,58,750,0.41953180196844286,207.69247415437778,297.69846269299245,5,contrarian,0.8544726301735648,True,True,True
3200,censored_execution_noise,59,724,0.435318450536124,208.0694999956183,302.663019909297,5,contrarian,0.8628808864265928,True,True,True
3200,censored_execution_noise,60,688,0.4128512227485704,176.74274413654598,298.3547872705698,5,contrarian,0.8688046647230321,True,True,True
3200,censored_execution_noise,61,773,0.47285753411445985,258.6917691355417,331.47466755805067,5,contrarian,0.866580310880829,True,True,True
3200,censored_execution_noise,62,905,0.4368792441565514,289.3150707978179,442.23464174413243,5,contrarian,0.887292817679558,True,True,True
3200,censored_execution_noise,63,892,0.421219695484666,269.5899070401899,423.1573608035147,5,contrarian,0.8830146231721034,True,True,True
3200,censored_execution_noise,64,826,0.38529684226969174,211.73070162816725,374.7181080230678,5,contrarian,0.8753026634382567,True,True,True
3200,censored_execution_noise,65,842,0.3894031310139328,221.4456302854237,370.10033922002776,5,contrarian,0.8703923900118906,True,True,True
3200,censored_execution_noise,66,758,0.4426978555045105,228.65342336503863,307.251229445248,5,contrarian,0.8575197889182058,True,True,True
3200,censored_execution_noise,67,761,0.4039935920548777,200.5444201471982,299.32644909569444,5,contrarian,0.8528252299605782,True,True,True
3200,censored_execution_noise,68,890,0.3817630192966145,233.61915437910443,411.6172324728749,5,contrarian,0.8785151856017998,True,True,True
3200,censored_execution_noise,69,804,0.3688142890666884,189.87577257812399,344.4793810176313,5,contrarian,0.8665835411471322,True,True,True
3200,censored_execution_noise,70,752,0.4493035875299215,230.9311133169208,336.63590558768493,5,contrarian,0.8735019973368842,True,True,True
3200,censored_execution_noise,71,682,0.4017185154560845,166.64043314771897,292.46052788851745,5,contrarian,0.8665689149560117,True,True,True
3200,censored_execution_noise,72,825,0.44202117938366325,258.1372109095183,314.23901287010017,5,contrarian,0.8481166464155528,True,True,True
3200,censored_execution_noise,73,935,0.4688687970810526,332.512019588915,424.6117368051307,5,contrarian,0.8756698821007503,True,True,True
3200,censored_execution_noise,74,776,0.3887845677224086,194.88667170959604,354.40927596397415,5,contrarian,0.8771021992238034,True,True,True
3200,censored_execution_noise,75,852,0.44230515209205057,270.4704309978816,389.30147851059604,5,contrarian,0.8766157461809636,True,True,True
3200,censored_execution_noise,76,818,0.42870535311047764,244.11038071466163,333.4942911097049,5,contrarian,0.8588957055214724,True,True,True
3200,censored_execution_noise,77,848,0.3791034702626055,215.082855506744,319.3811924754292,5,contrarian,0.8463356973995272,True,True,True
3200,censored_execution_noise,78,896,0.44261881274551224,290.472168706277,383.17679352256346,5,contrarian,0.8659217877094972,True,True,True
3200,censored_execution_noise,79,756,0.4548274192346452,236.92675752811385,331.5457360246678,5,contrarian,0.8701986754966887,True,True,True
3200,censored_execution_noise,80,809,0.3962369025637195,213.93336923428865,396.87152834376764,5,contrarian,0.8884758364312267,True,True,True
3200,censored_execution_noise,81,917,0.336249165440233,202.35169083855897,417.30881622451926,5,contrarian,0.8756815703380589,True,True,True
3200,censored_execution_noise,82,822,0.33200934327005754,166.36411667040358,348.7728273136355,5,contrarian,0.8647990255785627,True,True,True
3200,censored_execution_noise,83,775,0.4640281037108942,252.8059745723054,340.44609361630893,5,contrarian,0.8706338939197931,True,True,True
3200,censored_execution_noise,84,812,0.35676789148145904,183.0904502309291,375.1096757268427,5,contrarian,0.8788627935723115,True,True,True
3200,censored_execution_noise,85,893,0.36385160505664715,218.7873615730976,342.0285587921491,5,contrarian,0.8486547085201793,True,True,True
3200,censored_execution_noise,86,828,0.3641995006982126,195.044247779933,297.05533823028543,5,contrarian,0.8389830508474576,True,True,True
3200,censored_execution_noise,87,798,0.41234072052226517,222.3627008375641,371.0656910602719,5,contrarian,0.8795483061480552,True,True,True
3200,censored_execution_noise,88,692,0.36644530121110536,146.30309292646552,280.2256965264119,5,contrarian,0.8579710144927536,True,True,True
3200,censored_execution_noise,89,823,0.36701626895071865,195.51259056098831,347.9825279932129,5,contrarian,0.8646341463414634,True,True,True
3200,censored_execution_noise,90,817,0.359929380340795,187.48595299462198,340.30499919855015,5,contrarian,0.8616891064871481,True,True,True
3200,censored_execution_noise,91,837,0.3731028588734607,205.82625569433503,316.71249503914413,5,contrarian,0.84688995215311,True,True,True
3200,censored_execution_noise,92,740,0.39587572720568115,185.93583343005133,307.30291396937037,5,contrarian,0.8617886178861789,True,True,True
3200,censored_execution_noise,93,797,0.4557610924223464,256.55069179587633,362.93205130249686,5,contrarian,0.8765743073047859,True,True,True
3200,censored_execution_noise,94,863,0.4205051017447086,256.5867036272467,389.74608910342494,5,contrarian,0.8747099767981439,True,True,True
3200,censored_execution_noise,95,831,0.3506834771305947,184.92237590474204,347.09180160581604,5,contrarian,0.8624849215922799,True,True,True
3200,censored_execution_noise,96,717,0.4145094991398937,190.06355969462382,319.6174529552796,5,contrarian,0.8729050279329609,True,True,True
3200,censored_execution_noise,97,794,0.4214386185955856,227.9142643567223,310.75669328692294,5,contrarian,0.85297845373891,True,True,True
3200,censored_execution_noise,98,758,0.3859626718409828,185.64815414808464,323.0725389768679,5,contrarian,0.8654353562005277,True,True,True
3200,censored_execution_noise,99,777,0.3102956957309837,134.29525803318657,309.13050257448356,5,contrarian,0.8545688545688546,True,True,True
