ticket,side,observed_price,mfe_price,mae_price,mfe_pips,mae_pips,time_to_mfe_minutes,time_to_mae_minutes,final_pnl,holding_minutes,bars_in_trade
36094988,Buy,3736.13,1.9179999999996653,-1.7519999999999527,19.179999999996653,-17.519999999999527,8.066666666666666,1.0666666666666667,0.97,9.983333333333333,10.0
36095791,Sell,3736.72,3.6549999999997453,0.38499999999976353,36.54999999999745,3.8499999999976353,1.2333333333333334,0.23333333333333334,2.52,1.75,2.0
36148327,Buy,3779.39,1.2450000000003456,-1.4149999999999636,12.450000000003456,-14.149999999999636,5.05,2.05,0.82,6.5,7.0
36168589,Buy,3805.93,2.8850000000002183,-3.0049999999996544,28.850000000002183,-30.049999999996544,5.3,0.3,3.9,6.266666666666667,6.0
36168590,Buy,3805.93,2.8850000000002183,-3.0049999999996544,28.850000000002183,-30.049999999996544,5.216666666666667,0.21666666666666667,3.52,6.133333333333334,6.0
36227385,Sell,3833.38,12.907999999999902,1.5850000000000364,129.07999999999902,15.850000000000364,1.1333333333333333,0.13333333333333333,6.03,1.2166666666666666,2.0
36227388,Sell,3833.24,12.767999999999574,1.444999999999709,127.67999999999574,14.44999999999709,1.05,0.05,6.79,2.3833333333333333,3.0
36228676,Sell,3830.54,12.192000000000007,-2.5349999999998545,121.92000000000007,-25.349999999998545,4.066666666666666,0.06666666666666667,12.91,4.35,5.0
36274877,Buy,3858.64,2.974999999999909,-0.7719999999999345,29.74999999999909,-7.719999999999345,3.7666666666666666,2.7666666666666666,2.01,3.783333333333333,4.0
36283671,Sell,3893.34,5.545000000000073,1.0920000000000982,55.45000000000073,10.920000000000982,4.966666666666667,0.9666666666666667,6.25,6.5,6.0
36322976,Buy,3868.72,2.2280000000000655,-2.7519999999999527,22.280000000000655,-27.519999999999527,51.416666666666664,22.416666666666668,1.21,51.516666666666666,52.0
36334931,Buy,3881.12,3.3450000000002547,-0.09499999999979991,33.45000000000255,-0.9499999999979991,1.0833333333333333,0.08333333333333333,1.43,2.55,3.0
36335183,Buy,3882.36,1.5349999999998545,-2.481999999999971,15.349999999998545,-24.81999999999971,7.866666666666666,1.8666666666666667,1.32,8.5,8.0
36335196,Buy,3882.34,1.5549999999998363,-2.461999999999989,15.549999999998363,-24.61999999999989,7.383333333333334,1.3833333333333333,1.22,7.95,8.0
36337657,Sell,3890.78,3.6150000000002365,-1.0549999999998363,36.150000000002365,-10.549999999998363,2.783333333333333,0.7833333333333333,1.81,2.8333333333333335,3.0
36368405,Buy,3860.35,1.7950000000000728,-0.9850000000001273,17.950000000000728,-9.850000000001273,5.583333333333333,0.5833333333333334,1.2,5.716666666666667,6.0
36383087,Buy,3878.35,6.244999999999891,0.6849999999999454,62.44999999999891,6.849999999999454,3.8666666666666667,1.8666666666666667,7.8,4.816666666666666,4.0
36414174,Sell,3943.07,4.302000000000135,-1.1149999999997817,43.020000000001346,-11.149999999997817,10.35,15.35,2.46,26.0,26.0
36416362,Sell,3938.03,4.1550000000002,0.4050000000002001,41.550000000002,4.050000000002001,5.083333333333333,2.0833333333333335,3.02,5.633333333333334,6.0
36450406,Sell,3962.08,1.8049999999998363,-2.9450000000001637,18.049999999998363,-29.450000000001637,3.2666666666666666,5.266666666666667,-1.71,5.366666666666666,6.0
36450588,Sell,3964.19,4.695000000000164,-1.2080000000000837,46.95000000000164,-12.080000000000837,11.183333333333334,5.183333333333334,3.62,11.683333333333334,12.0
36451248,Buy,3963.3,2.8449999999998,-2.5150000000003274,28.449999999998,-25.150000000003274,4.4,0.4,1.43,4.4,5.0
36508294,Sell,4036.35,3.7149999999996908,-0.8250000000002728,37.14999999999691,-8.250000000002728,12.216666666666667,2.216666666666667,4.98,13.166666666666666,13.0
36508676,Buy,4035.65,3.2649999999998727,0.5549999999998363,32.64999999999873,5.549999999998363,1.7333333333333334,0.7333333333333333,2.27,3.6666666666666665,3.0
36508993,Buy,4039.03,5.924999999999727,-0.3850000000002183,59.24999999999727,-3.850000000002183,3.466666666666667,0.4666666666666667,5.04,3.6333333333333333,4.0
36561296,Sell,4039.78,2.762000000000171,-2.574999999999818,27.62000000000171,-25.74999999999818,8.416666666666666,0.4166666666666667,2.84,8.416666666666666,9.0
36562289,Buy,4035.78,4.494999999999891,-2.425000000000182,44.94999999999891,-24.25000000000182,13.5,5.5,4.04,14.233333333333333,14.0
36562770,Buy,4042.07,3.5549999999998363,-0.31500000000005457,35.54999999999836,-3.1500000000005457,4.783333333333333,0.7833333333333333,2.88,5.483333333333333,5.0
36640713,Buy,3989.25,2.5979999999999563,-1.7849999999998545,25.979999999999563,-17.849999999998545,3.8333333333333335,0.8333333333333334,4.56,4.766666666666667,4.0
36682106,Sell,4078.64,1.7049999999999272,-3.394999999999982,17.049999999999272,-33.94999999999982,5.25,4.25,0.71,6.0,6.0
36725889,Sell,4122.81,4.635000000000218,-0.13799999999991996,46.35000000000218,-1.3799999999991996,0.1,0.1,4.94,2.3,3.0
36726171,Sell,4126.17,3.6549999999997453,-0.3149999999995998,36.54999999999745,-3.1499999999959982,3.2333333333333334,2.2333333333333334,5.0,4.3,5.0
36768836,Buy,4189.58,4.444999999999709,-2.305000000000291,44.44999999999709,-23.05000000000291,7.866666666666666,0.8666666666666667,7.8,7.95,8.0
36829765,Sell,4240.78,3.0119999999997162,-0.9050000000006548,30.119999999997162,-9.050000000006548,1.2166666666666666,0.21666666666666667,0.45,3.3833333333333333,4.0
36829878,Buy,4239.37,-0.3649999999997817,-3.1920000000000073,-3.649999999997817,-31.920000000000073,2.8,2.8,-2.92,2.966666666666667,3.0
36829995,Buy,4238.15,2.8479999999999563,-4.3049999999993815,28.479999999999563,-43.049999999993815,15.85,0.85,3.94,16.516666666666666,16.0
36893509,Buy,4338.39,2.344999999999345,-2.4650000000001455,23.44999999999345,-24.650000000001455,3.8333333333333335,6.833333333333333,1.94,10.783333333333333,10.0
36902372,Sell,4310.55,3.824999999999818,0.8150000000005093,38.24999999999818,8.150000000005093,0.7,0.7,2.84,1.45,1.0
36954767,Sell,4258.23,5.824999999999818,0.944999999999709,58.24999999999818,9.44999999999709,2.566666666666667,0.5666666666666667,3.94,2.85,3.0
36997575,Buy,4329.16,0.9949999999998909,-3.694999999999709,9.949999999998909,-36.94999999999709,0.2833333333333333,3.283333333333333,-1.96,3.5833333333333335,4.0
36998918,Buy,4301.15,5.925000000000182,-6.864999999999782,59.25000000000182,-68.64999999999782,7.65,1.65,4.74,8.083333333333334,8.0
37005647,Sell,4258.12,6.324999999999818,-2.8350000000000364,63.24999999999818,-28.350000000000364,3.4166666666666665,1.4166666666666667,3.73,3.8,4.0
37045628,Sell,4152.22,5.295000000000073,-0.03499999999985448,52.95000000000073,-0.3499999999985448,0.5166666666666667,0.5166666666666667,6.5,1.45,1.0
37082195,Buy,4092.12,5.954999999999927,-3.7149999999996908,59.54999999999927,-37.14999999999691,1.2666666666666666,0.26666666666666666,9.36,1.8333333333333333,2.0
37145681,Sell,4133.72,6.744999999999891,-1.7550000000001091,67.44999999999891,-17.55000000000109,4.25,2.25,4.13,4.933333333333334,5.0
37162697,Buy,4073.84,4.757999999999811,-1.0620000000003529,47.57999999999811,-10.620000000003529,8.916666666666666,1.9166666666666667,4.38,9.816666666666666,9.0
37217619,Sell,3907.0,8.974999999999909,1.4349999999999454,89.74999999999909,14.349999999999454,2.7,0.7,5.94,3.283333333333333,3.0
37296835,Buy,3965.57,4.5349999999998545,-4.015000000000327,45.349999999998545,-40.150000000003274,11.116666666666667,0.11666666666666667,4.42,11.85,12.0
37386001,Buy,3998.58,24.91899999999987,16.38500000000022,249.1899999999987,163.85000000000218,6.383333333333334,0.38333333333333336,9.65,11.15,11.0
37400976,Sell,3998.11,13.275000000000091,8.045000000000073,132.7500000000009,80.45000000000073,3.6333333333333333,1.6333333333333333,3.88,8.55,8.0
37442389,Buy,3969.56,-1.7849999999998545,-5.224999999999909,-17.849999999998545,-52.24999999999909,0.21666666666666667,6.216666666666667,5.37,6.8,7.0
37477144,Buy,4006.89,5.535000000000309,-2.7349999999996726,55.35000000000309,-27.349999999996726,2.2666666666666666,56.266666666666666,7.23,95.75,96.0
37507379,Sell,4013.03,9.585000000000036,-0.944999999999709,95.85000000000036,-9.44999999999709,13.933333333333334,59.93333333333333,7.19,84.28333333333333,84.0
37542639,Sell,4082.62,8.815000000000055,4.224999999999909,88.15000000000055,42.24999999999909,14.716666666666667,8.716666666666667,0.64,16.6,16.0
37542995,Buy,4082.44,-4.095000000000255,-6.595000000000255,-40.95000000000255,-65.95000000000255,4.733333333333333,3.7333333333333334,-5.33,4.85,5.0
37543683,Buy,4076.89,7.235000000000127,-0.16499999999996362,72.35000000000127,-1.6499999999996362,12.15,0.15,11.96,12.933333333333334,13.0
37610153,Buy,4121.1,3.125,-7.9350000000004,31.25,-79.350000000004,9.966666666666667,26.966666666666665,9.18,47.75,47.0
37701576,Sell,4180.12,12.265000000000327,-6.7150000000001455,122.65000000000327,-67.15000000000146,51.9,25.9,11.72,70.86666666666666,70.0
37748984,Buy,4074.19,-2.5149999999998727,-16.425000000000182,-25.149999999998727,-164.25000000000182,20.55,7.55,7.16,25.05,25.0
37791981,Sell,4014.84,1.3650000000002365,-10.144999999999982,13.650000000002365,-101.44999999999982,17.933333333333334,5.933333333333334,8.85,23.683333333333334,23.0
37836776,Sell,4110.56,25.095000000000255,20.095000000000255,250.95000000000255,200.95000000000255,3.7333333333333334,0.7333333333333333,-5.43,5.0,5.0
37874673,Sell,4076.1,11.914999999999964,2.2649999999998727,119.14999999999964,22.649999999998727,28.833333333333332,10.833333333333334,14.9,30.733333333333334,30.0
37928869,Sell,4041.78,9.725000000000364,-1.4049999999997453,97.25000000000364,-14.049999999997453,15.816666666666666,4.816666666666666,7.85,36.15,36.0
37964561,Buy,4063.89,13.125,1.8650000000002365,131.25,18.650000000002365,1.9333333333333333,36.93333333333333,6.3,44.583333333333336,44.0
38045554,Buy,4153.89,2.4749999999994543,-7.454999999999927,24.749999999994543,-74.54999999999927,61.2,1.2,11.02,61.31666666666667,62.0
38119105,Sell,4150.92,0.5050000000001091,-3.6149999999997817,5.050000000001091,-36.14999999999782,8.883333333333333,3.8833333333333333,-4.83,14.083333333333334,14.0
38122859,Sell,4160.74,0.5050000000001091,-3.855000000000473,5.050000000001091,-38.55000000000473,1.5666666666666667,24.566666666666666,7.41,24.883333333333333,25.0
38185142,Sell,4260.23,15.024999999999636,8.764999999999418,150.24999999999636,87.64999999999418,34.833333333333336,14.833333333333334,12.08,36.75,36.0
38220734,Sell,4192.78,2.384999999999309,-23.655000000000655,23.849999999993088,-236.55000000000655,60.833333333333336,7.833333333333333,6.06,61.03333333333333,61.0
38258178,Buy,4201.92,8.204999999999927,2.744999999999891,82.04999999999927,27.44999999999891,35.15,1.15,5.08,36.833333333333336,37.0
38293895,Sell,4202.96,6.555000000000291,0.9250000000001819,65.55000000000291,9.250000000001819,39.983333333333334,49.983333333333334,9.8,50.11666666666667,50.0
38327555,Buy,4221.93,7.364999999999782,1.9849999999996726,73.64999999999782,19.849999999996726,11.466666666666667,14.466666666666667,12.08,17.633333333333333,18.0
38381092,Sell,4205.31,29.312000000000808,-6.294999999999163,293.1200000000081,-62.94999999999163,77.08333333333333,26.083333333333332,16.3,205.78333333333333,206.0
38394143,Buy,4185.67,-2.755000000000109,-6.734999999999673,-27.55000000000109,-67.34999999999673,18.3,11.3,4.76,20.05,20.0
38422656,Buy,4204.34,4.244999999999891,-3.255000000000109,42.44999999999891,-32.55000000000109,13.916666666666666,27.916666666666668,6.64,32.06666666666667,32.0
38441014,Buy,4189.26,7.824999999999818,-1.735000000000582,78.24999999999818,-17.35000000000582,0.75,59.75,7.08,65.0,65.0
38443239,Sell,4200.58,7.085000000000036,3.8649999999997817,70.85000000000036,38.64999999999782,13.5,19.5,3.25,23.133333333333333,23.0
38448404,Buy,4204.15,-4.324999999999818,-11.295000000000073,-43.24999999999818,-112.95000000000073,7.2,2.2,-4.86,8.8,9.0
38449900,Sell,4198.23,1.875,-0.8150000000005093,18.75,-8.150000000005093,5.883333333333334,2.8833333333333333,2.91,7.483333333333333,7.0
38487563,Buy,4211.49,3.755000000000109,0.6149999999997817,37.55000000000109,6.149999999997817,0.5,8.5,5.6,13.7,14.0
38492680,Buy,4217.4,6.055000000000291,-5.854999999999563,60.55000000000291,-58.549999999995634,2.55,21.55,-4.86,60.95,61.0
38528027,Sell,4317.51,24.534999999999854,16.765000000000327,245.34999999999854,167.65000000000327,0.9833333333333333,15.983333333333333,6.41,16.65,16.0
38568721,Sell,4347.89,10.385000000000218,-1.9849999999996726,103.85000000000218,-19.849999999996726,67.7,2.7,4.8,79.68333333333334,79.0
38570537,Sell,4345.38,3.042000000000371,-0.13500000000021828,30.42000000000371,-1.3500000000021828,8.766666666666667,1.7666666666666666,5.46,8.95,9.0
38612361,Sell,4291.03,15.804999999999382,-0.9650000000001455,158.04999999999382,-9.650000000001455,168.25,64.25,9.02,180.7,181.0
38648802,Buy,4333.67,6.385000000000218,-3.3850000000002183,63.85000000000218,-33.85000000000218,24.316666666666666,7.316666666666666,-3.99,24.783333333333335,25.0
38650723,Sell,4322.06,2.7950000000000728,-8.384999999999309,27.950000000000728,-83.84999999999309,45.9,10.9,5.6,52.06666666666667,52.0
38683859,Buy,4330.83,6.385000000000218,1.3950000000004366,63.85000000000218,13.950000000004366,9.25,0.25,3.31,11.483333333333333,12.0
38686016,Sell,4330.21,5.625,-7.385000000000218,56.25,-73.85000000000218,62.45,30.45,5.46,94.03333333333333,94.0
38720385,Buy,4329.57,-2.9849999999996726,-8.75500000000011,-29.849999999996726,-87.55000000000109,0.11666666666666667,20.116666666666667,-3.16,34.9,35.0
38723027,Sell,4328.49,2.6849999999994907,-0.8350000000000364,26.849999999994907,-8.350000000000364,1.2666666666666666,8.266666666666667,4.65,10.5,11.0
38755615,Buy,4404.62,2.0380000000004657,-6.3149999999996,20.380000000004657,-63.149999999996,13.15,0.15,-3.47,13.633333333333333,14.0
38759834,Sell,4415.72,9.965000000000146,0.16499999999996362,99.65000000000146,1.6499999999996362,114.1,59.1,6.72,153.98333333333332,154.0
38786971,Buy,4479.23,11.605000000000473,-1.2849999999998545,116.05000000000473,-12.849999999998545,6.983333333333333,59.983333333333334,8.66,90.23333333333333,90.0
38800885,Buy,4450.12,11.055000000000291,-2.7049999999999272,110.55000000000291,-27.049999999999272,0.6,4.6,5.21,14.633333333333333,15.0
81950224,Buy,4509.78,10.395000000000437,1.9549999999999272,103.95000000000437,19.549999999999272,23.716666666666665,16.716666666666665,4.94,39.88333333333333,40.0
81979298,Sell,4365.43,4.045000000000073,3.055000000000291,40.45000000000073,30.55000000000291,1.2666666666666666,1.2666666666666666,-4.41,1.6166666666666667,2.0
81983513,Buy,4373.1,3.144999999999527,-2.1450000000004366,31.44999999999527,-21.450000000004366,4.233333333333333,3.2333333333333334,5.33,6.816666666666666,7.0
82028698,Buy,4372.8,6.014999999999418,0.16499999999996362,60.14999999999418,1.6499999999996362,0.16666666666666666,13.166666666666666,4.05,15.55,16.0
82061725,Buy,4427.34,2.574999999999818,-4.192000000000007,25.74999999999818,-41.92000000000007,4.616666666666666,1.6166666666666667,3.7,25.55,25.0
82095097,Buy,4463.54,-5.375,-14.341999999999643,-53.75,-143.41999999999643,18.166666666666668,4.166666666666667,5.09,24.0,24.0
82147110,Sell,4453.3,25.795000000000073,6.6850000000004,257.9500000000007,66.850000000004,5.716666666666667,0.7166666666666667,2.51,14.55,14.0
82169230,Buy,4432.78,-10.724999999999454,-17.36499999999978,-107.24999999999454,-173.64999999999782,4.65,0.65,4.61,6.6,6.0
82199073,Sell,4475.16,9.345000000000255,-1.9650000000001455,93.45000000000255,-19.650000000001455,10.033333333333333,44.03333333333333,3.82,53.71666666666667,54.0
82241706,Buy,4571.8,-1.985000000000582,-8.681999999999789,-19.85000000000582,-86.81999999999789,0.38333333333333336,4.383333333333334,4.38,10.55,11.0
82462486,Buy,4598.3,-13.965000000000146,-17.225000000000364,-139.65000000000146,-172.25000000000364,1.05,2.05,-2.24,5.733333333333333,6.0
82465593,Sell,4585.01,1.2750000000005457,-8.784999999999854,12.750000000005457,-87.84999999999854,13.7,6.7,1.82,14.583333333333334,14.0
82494965,Sell,4587.85,0.6020000000007713,-2.884999999999309,6.0200000000077125,-28.849999999993088,3.9,0.9,1.89,7.866666666666666,7.0
82523311,Buy,4625.78,-2.6149999999997817,-11.045000000000073,-26.149999999997817,-110.45000000000073,7.766666666666667,0.7666666666666667,3.35,8.683333333333334,8.0
82564751,Sell,4613.11,12.99499999999989,3.2049999999999272,129.9499999999989,32.04999999999927,14.166666666666666,0.16666666666666666,4.51,15.6,16.0
82596177,Buy,4599.92,9.335000000000036,-6.055000000000291,93.35000000000036,-60.55000000000291,68.06666666666666,45.06666666666667,6.46,69.28333333333333,70.0
82600157,Sell,4605.35,-7.144999999999527,-9.0049999999992,-71.44999999999527,-90.049999999992,0.016666666666666666,1.0166666666666666,4.52,3.7,4.0
82667342,Buy,4713.8,8.204999999999927,-8.445000000000618,82.04999999999927,-84.45000000000618,85.48333333333333,39.483333333333334,6.68,91.8,92.0
82775023,Buy,4831.387,-2.1920000000000073,-6.621999999999389,-21.920000000000073,-66.21999999999389,0.9,4.9,5.73,6.5,6.0
82824133,Buy,4953.2,9.835000000000036,3.4650000000001455,98.35000000000036,34.650000000001455,2.65,3.65,3.4,7.566666666666666,7.0
82913535,Buy,5085.8,11.724999999999454,3.7249999999994543,117.24999999999454,37.24999999999454,16.333333333333332,9.333333333333334,4.8,24.683333333333334,25.0
83084849,Buy,5262.98,-0.9249999999992724,-8.424999999999272,-9.249999999992724,-84.24999999999272,0.1,3.1,4.38,3.65,4.0
83314376,Buy,5220.23,-36.01499999999942,-59.79499999999916,-360.1499999999942,-597.9499999999916,0.1,1.1,4.47,1.6666666666666667,2.0
83511633,Buy,4661.87,-12.414999999999964,-22.595000000000255,-124.14999999999964,-225.95000000000255,0.4166666666666667,3.4166666666666665,2.43,3.566666666666667,4.0
83541051,Buy,4919.67,-7.351999999999862,-30.204999999999927,-73.51999999999862,-302.0499999999993,5.566666666666666,1.5666666666666667,9.98,9.55,9.0
83699779,Sell,4910.32,66.15499999999975,7.824999999999818,661.5499999999975,78.24999999999818,5.116666666666666,1.1166666666666667,7.05,10.966666666666667,11.0
83821484,Buy,4823.0,14.725000000000364,1.2150000000001455,147.25000000000364,12.150000000001455,0.8,2.8,-4.17,3.0833333333333335,3.0
83897665,Sell,4846.36,22.38499999999931,14.914999999999964,223.8499999999931,149.14999999999964,1.45,0.45,7.43,1.5666666666666667,2.0
83915642,Sell,4848.32,-8.068000000000211,-20.177999999999884,-80.68000000000211,-201.77999999999884,3.3,0.3,1.17,4.583333333333333,5.0
83923769,Sell,4925.29,42.215000000000146,40.225000000000364,422.15000000000146,402.25000000000364,0.9,0.9,2.07,1.7,1.0
83980760,Buy,5006.26,29.625,15.13799999999992,296.25,151.3799999999992,1.4666666666666666,10.466666666666667,7.87,11.083333333333334,11.0
84397864,Buy,5044.28,1.2950000000000728,-8.74499999999989,12.950000000000728,-87.44999999999891,0.16666666666666666,0.16666666666666666,2.61,3.2666666666666666,4.0
84448544,Buy,5072.67,-15.81500000000051,-17.274999999999636,-158.1500000000051,-172.74999999999636,0.45,2.45,4.53,3.5166666666666666,4.0
84480811,Sell,5071.89,4.895000000000437,-1.2379999999993743,48.950000000004366,-12.379999999993743,9.016666666666667,5.016666666666667,-2.98,9.7,10.0
84496990,Buy,5063.48,5.385000000000218,-0.29499999999916326,53.85000000000218,-2.9499999999916326,0.15,3.15,0.7,4.666666666666667,5.0
84665776,Buy,4969.37,-13.805000000000291,-17.582000000000335,-138.0500000000029,-175.82000000000335,2.566666666666667,0.5666666666666667,0.7,2.8,3.0
84675020,Sell,4951.87,-14.177999999999884,-25.784999999999854,-141.77999999999884,-257.84999999999854,6.866666666666666,0.8666666666666667,2.67,7.616666666666666,7.0
84803733,Sell,4935.63,28.275000000000546,-3.3350000000000364,282.75000000000546,-33.350000000000364,92.45,50.45,5.63,99.08333333333333,99.0
84858142,Sell,4920.56,20.275000000000546,14.462000000000444,202.75000000000546,144.62000000000444,1.3333333333333333,4.333333333333333,1.77,5.616666666666666,6.0
84960053,Buy,4990.98,-0.964999999999236,-3.9749999999994543,-9.64999999999236,-39.74999999999454,1.4166666666666667,0.4166666666666667,3.06,6.633333333333334,7.0
84971230,Sell,4993.25,0.4250000000001819,-3.324999999999818,4.250000000001819,-33.24999999999818,1.1166666666666667,3.1166666666666667,3.1,4.5,5.0
85066329,Sell,5136.32,-16.49499999999989,-20.00500000000011,-164.9499999999989,-200.0500000000011,1.25,1.25,1.41,1.9833333333333334,2.0
85084978,Buy,5145.47,-8.515000000000327,-23.652000000000044,-85.15000000000327,-236.52000000000044,0.6666666666666666,9.666666666666666,1.34,11.766666666666667,12.0
85182793,Sell,5161.69,11.394999999999527,8.324999999999818,113.94999999999527,83.24999999999818,3.316666666666667,1.3166666666666667,2.2,3.6166666666666667,4.0
85342738,Buy,5175.12,-2.2950000000000728,-8.404999999999745,-22.950000000000728,-84.04999999999745,0.3,0.3,-0.66,0.5666666666666667,1.0
85385479,Sell,5160.14,-4.63799999999992,-8.144999999999527,-46.3799999999992,-81.44999999999527,1.3333333333333333,1.3333333333333333,0.21,2.683333333333333,3.0
85396743,Buy,5153.03,8.847999999999956,4.375,88.47999999999956,43.75,2.1666666666666665,0.16666666666666666,3.86,3.6666666666666665,4.0
85640223,Sell,5201.11,18.711999999999534,16.80499999999938,187.11999999999534,168.04999999999382,0.95,1.95,2.24,2.65,2.0
85668110,Sell,5189.86,-0.20499999999992724,-7.164999999999964,-2.0499999999992724,-71.64999999999964,11.383333333333333,2.3833333333333333,-1.2,13.683333333333334,14.0
85668988,Buy,5190.62,-7.444999999999709,-11.354999999999563,-74.44999999999709,-113.54999999999563,1.35,0.35,-2.1,1.7166666666666666,2.0
85704475,Sell,,,,,,,,2.27,0.5833333333333334,
85787460,Buy,5194.35,5.094999999999345,-2.255000000000109,50.94999999999345,-22.55000000000109,7.416666666666667,0.4166666666666667,2.87,8.783333333333333,9.0
85827276,Buy,5181.39,-4.145000000000437,-11.095000000000255,-41.450000000004366,-110.95000000000255,0.4166666666666667,2.4166666666666665,1.06,2.6666666666666665,3.0
85833216,Buy,5173.27,8.764999999999418,2.9549999999999272,87.64999999999418,29.549999999999272,0.8166666666666667,2.816666666666667,-1.73,2.9,3.0
85865765,Sell,5166.12,-16.414999999999964,-19.275000000000546,-164.14999999999964,-192.75000000000546,0.7,0.7,2.23,1.6666666666666667,1.0
85935017,Sell,5184.0,0.805000000000291,-6.2150000000001455,8.05000000000291,-62.150000000001455,5.016666666666667,1.0166666666666666,1.84,5.5,6.0
85942844,Sell,5180.05,-4.595000000000255,-6.367999999999483,-45.95000000000255,-63.679999999994834,0.7666666666666667,0.7666666666666667,-0.9,0.8333333333333334,1.0
85948772,Buy,5176.14,3.5549999999993815,-4.115000000000691,35.549999999993815,-41.15000000000691,0.5666666666666667,4.566666666666666,0.91,6.583333333333333,7.0
86000608,Sell,5227.62,6.434999999999491,-2.4149999999999636,64.3499999999949,-24.149999999999636,6.333333333333333,1.3333333333333333,-3.08,7.1,7.0
86011644,Sell,5226.94,0.8949999999995271,-2.2450000000008004,8.94999999999527,-22.450000000008004,0.05,1.05,1.46,1.5333333333333334,2.0
86014472,Buy,,,,,,,,0.58,0.16666666666666666,
86155613,Buy,5408.63,-28.645000000000437,-30.74499999999989,-286.45000000000437,-307.4499999999989,0.8166666666666667,0.8166666666666667,0.3,1.2166666666666666,1.0
86161488,Sell,5412.01,6.855000000000473,2.6450000000004366,68.55000000000473,26.450000000004366,0.7166666666666667,0.7166666666666667,1.62,1.45,1.0
86192606,Sell,5396.47,18.49499999999989,9.625,184.9499999999989,96.25,0.8,1.8,2.82,4.533333333333333,4.0
86558318,Buy,5313.09,52.80500000000029,50.29500000000007,528.0500000000029,502.9500000000007,0.7666666666666667,0.7666666666666667,3.34,1.5333333333333334,1.0
86624724,Buy,5257.55,6.244999999999891,2.3350000000000364,62.44999999999891,23.350000000000364,0.5666666666666667,0.5666666666666667,-2.93,1.5166666666666666,1.0
86716303,Buy,,,,,,,,3.74,0.06666666666666667,
86773790,Buy,5170.2,-19.144999999999527,-22.322000000000116,-191.44999999999527,-223.22000000000116,0.8333333333333334,0.8333333333333334,2.28,1.55,1.0
86784552,Buy,5193.8,4.837999999999738,-2.5520000000005894,48.37999999999738,-25.520000000005894,2.4,0.4,1.39,2.45,3.0
86894280,Sell,5171.81,19.605000000000473,16.7450000000008,196.05000000000473,167.450000000008,1.5166666666666666,1.5166666666666666,0.31,2.4166666666666665,2.0
87000308,Sell,5069.24,3.0649999999996,-6.074999999999818,30.649999999995998,-60.74999999999818,0.9833333333333333,1.9833333333333334,1.09,2.8333333333333335,2.0
87025580,Buy,5124.63,6.914999999999964,2.6549999999997453,69.14999999999964,26.549999999997453,0.06666666666666667,3.066666666666667,2.78,3.6333333333333333,4.0
87031092,Buy,5113.18,3.9749999999994543,0.4849999999996726,39.74999999999454,4.849999999996726,0.6666666666666666,0.6666666666666666,0.38,1.5166666666666666,1.0
87193343,Buy,5126.92,6.824999999999818,-2.694999999999709,68.24999999999818,-26.94999999999709,2.0166666666666666,11.016666666666667,0.59,13.6,14.0
87220510,Buy,5095.55,7.984999999999673,1.574999999999818,79.84999999999673,15.749999999998181,4.45,0.45,4.36,4.516666666666667,5.0
87303856,Buy,5085.0,1.2250000000003638,-3.1450000000004366,12.250000000003638,-31.450000000004366,1.1833333333333333,0.18333333333333332,-0.47,1.7666666666666666,2.0
87433721,Sell,5177.12,3.244999999999891,0.555000000000291,32.44999999999891,5.55000000000291,1.3166666666666667,0.31666666666666665,2.13,1.4,2.0
87436917,Sell,5175.96,0.04500000000007276,-2.5450000000000728,0.4500000000007276,-25.450000000000728,0.23333333333333334,1.2333333333333334,-2.6,1.65,2.0
87455839,Sell,5181.42,6.2849999999998545,0.6450000000004366,62.849999999998545,6.450000000004366,7.066666666666666,6.066666666666666,1.58,10.95,11.0
87634841,Sell,5199.84,4.545000000000073,0.025000000000545697,45.45000000000073,0.25000000000545697,8.8,6.8,2.84,19.616666666666667,19.0
87640068,Buy,,,,,,,,1.11,0.31666666666666665,
87715345,Buy,5166.74,2.105000000000473,0.8280000000004293,21.05000000000473,8.280000000004293,0.1,0.1,1.86,0.38333333333333336,1.0
87725200,Buy,5184.43,-0.13500000000021828,-2.175000000000182,-1.3500000000021828,-21.75000000000182,0.26666666666666666,0.26666666666666666,-1.27,0.5,1.0
87728679,Buy,5180.83,-0.5050000000001091,-2.505000000000109,-5.050000000001091,-25.05000000000109,0.11666666666666667,1.1166666666666667,-1.53,1.5666666666666667,2.0
87728889,Buy,5179.35,4.344999999999345,-0.4250000000001819,43.44999999999345,-4.250000000001819,7.566666666666666,16.566666666666666,1.79,16.95,17.0
87764166,Buy,5128.93,2.9049999999997453,-0.7049999999999272,29.049999999997453,-7.049999999999272,0.6166666666666667,0.6166666666666667,0.76,0.85,1.0
87966615,Sell,5108.89,3.6850000000004,0.9549999999999272,36.850000000004,9.549999999999272,0.13333333333333333,1.1333333333333333,1.02,1.6166666666666667,2.0
88014898,Buy,5092.79,2.0150000000003274,0.19499999999970896,20.150000000003274,1.9499999999970896,0.8333333333333334,0.8333333333333334,1.37,1.6333333333333333,1.0
88015942,Sell,5084.43,1.2449999999998909,-0.8249999999998181,12.449999999998909,-8.249999999998181,0.15,0.15,-0.69,0.48333333333333334,1.0
88144292,Sell,5016.02,2.375,0.2650000000003274,23.75,2.650000000003274,5.733333333333333,6.733333333333333,0.35,8.583333333333334,8.0
88154082,Sell,4996.64,2.8850000000002183,-0.14499999999952706,28.850000000002183,-1.4499999999952706,1.1166666666666667,1.1166666666666667,0.99,1.7,2.0
88163179,Sell,5002.98,-0.30500000000029104,-3.1950000000006185,-3.0500000000029104,-31.950000000006185,0.3333333333333333,0.3333333333333333,-2.0,0.45,1.0
88172039,Sell,5018.75,5.085000000000036,0.7049999999999272,50.850000000000364,7.049999999999272,0.25,2.25,1.64,2.5833333333333335,3.0
88320644,Buy,5027.35,2.024999999999636,-0.9149999999999636,20.249999999996362,-9.149999999999636,0.26666666666666666,0.26666666666666666,0.72,1.2,1.0
88335699,Buy,5012.85,5.164999999999964,0.39499999999952706,51.649999999999636,3.9499999999952706,1.35,0.35,3.73,1.5666666666666667,2.0
88511817,Buy,4992.63,2.2650000000003274,-1.9809999999997672,22.650000000003274,-19.80999999999767,3.4833333333333334,1.4833333333333334,1.42,4.566666666666666,5.0
88577933,Sell,4858.4,4.924999999999272,-1.9350000000004002,49.249999999992724,-19.350000000004002,0.06666666666666667,0.06666666666666667,1.81,0.55,1.0
89517529,Sell,4375.13,5.994999999999891,2.2849999999998545,59.94999999999891,22.849999999998545,1.0166666666666666,1.0166666666666666,3.22,1.6333333333333333,2.0
89770716,Buy,4150.69,15.775000000000546,-0.625,157.75000000000546,-6.25,0.05,0.05,1.55,0.6333333333333333,1.0
89797106,Sell,4428.76,13.635000000000218,2.7150000000001455,136.35000000000218,27.150000000001455,0.26666666666666666,0.26666666666666666,9.16,0.8,1.0
90052400,Buy,4406.14,4.604999999999563,-4.515000000000327,46.049999999995634,-45.150000000003274,1.7333333333333334,2.7333333333333334,3.09,2.75,3.0
90054432,Sell,,,,,,,,0.31,0.25,
90080406,Buy,4379.38,2.8649999999997817,-1.8850000000002183,28.649999999997817,-18.850000000002183,0.5666666666666667,0.5666666666666667,-0.32,1.5333333333333334,1.0
90081363,Buy,4373.05,6.8049999999993815,1.268000000000029,68.04999999999382,12.680000000000291,0.75,0.75,4.79,1.6666666666666667,1.0
90188256,Buy,4554.47,4.987999999999374,-0.5349999999998545,49.87999999999374,-5.349999999998545,1.2166666666666666,0.21666666666666667,3.9,4.566666666666666,5.0
90192607,Sell,,,,,,,,-1.31,0.21666666666666667,
90194077,Buy,4562.31,4.894999999999527,-0.6649999999999636,48.94999999999527,-6.649999999999636,2.933333333333333,0.9333333333333333,3.0,6.583333333333333,6.0
90297337,Buy,,,,,,,,2.62,0.4666666666666667,
90303019,Buy,4436.97,10.344999999999345,2.9049999999997453,103.44999999999345,29.049999999997453,0.43333333333333335,0.43333333333333335,9.85,1.0666666666666667,1.0
90367910,Buy,4447.18,5.204999999999927,0.024999999999636202,52.04999999999927,0.24999999999636202,3.066666666666667,0.06666666666666667,3.72,4.966666666666667,5.0
90383944,Buy,4457.82,7.914999999999964,-0.2849999999998545,79.14999999999964,-2.849999999998545,1.15,0.15,6.24,1.5333333333333334,2.0
90446737,Sell,4525.59,10.00500000000011,1.5150000000003274,100.05000000000109,15.150000000003274,3.65,11.65,4.07,16.066666666666666,16.0
90450144,Buy,4540.05,1.0450000000000728,-2.2849999999998545,10.450000000000728,-22.849999999998545,0.35,0.35,-2.03,0.4,1.0
90468624,Sell,4578.01,9.195000000000618,4.364999999999782,91.95000000000618,43.64999999999782,1.2,0.2,5.27,1.6833333333333333,2.0
90670870,Buy,4555.83,6.967999999999847,-1.4049999999997453,69.67999999999847,-14.049999999997453,5.416666666666667,0.4166666666666667,4.39,6.666666666666667,7.0
90689174,Buy,4582.99,4.6850000000004,-0.5119999999997162,46.850000000004,-5.119999999997162,2.3833333333333333,0.38333333333333336,1.47,2.7333333333333334,3.0
90724112,Buy,4640.88,4.614999999999782,-0.5349999999998545,46.14999999999782,-5.349999999998545,0.5333333333333333,2.533333333333333,1.53,3.7333333333333334,4.0
90765592,Sell,4676.78,6.505000000000109,-1.105000000000473,65.05000000000109,-11.05000000000473,7.333333333333333,0.3333333333333333,3.67,7.516666666666667,8.0
90783770,Sell,4722.02,6.7450000000008,-0.2749999999996362,67.450000000008,-2.749999999996362,8.316666666666666,2.316666666666667,3.32,10.566666666666666,11.0
90900649,Sell,4609.23,9.224999999999454,1.3649999999997817,92.24999999999454,13.649999999997817,2.1,0.1,7.5,3.933333333333333,4.0
90927563,Sell,,,,,,,,-1.09,0.3,
90928037,Sell,4658.23,4.694999999999709,1.3849999999993088,46.94999999999709,13.849999999993088,2.283333333333333,1.2833333333333334,1.74,3.45,4.0
90964953,Sell,4658.67,7.192000000000007,-0.6679999999996653,71.92000000000007,-6.679999999996653,5.733333333333333,0.7333333333333333,2.34,10.75,11.0
90967915,Sell,4690.94,1.3549999999995634,-0.8950000000004366,13.549999999995634,-8.950000000004366,0.5,0.5,-0.77,0.9333333333333333,1.0
90970712,Sell,4668.5,7.225000000000364,-0.5150000000003274,72.25000000000364,-5.150000000003274,2.7666666666666666,0.7666666666666667,3.9,4.583333333333333,4.0
91022147,Buy,,,,,,,,1.88,0.8,
91024794,Sell,4657.11,8.134999999999309,0.3919999999998254,81.34999999999309,3.9199999999982538,1.7666666666666666,0.7666666666666667,4.19,2.566666666666667,2.0
91045329,Buy,4652.83,10.375,-4.085000000000036,103.75,-40.850000000000364,8.683333333333334,9.683333333333334,1.86,10.05,10.0
91124606,Buy,4832.95,10.555000000000291,3.2849999999998545,105.55000000000291,32.849999999998545,1.55,1.55,8.9,1.6333333333333333,2.0
91162669,Buy,4754.91,5.835000000000036,-1.9749999999994543,58.350000000000364,-19.749999999994543,3.6,0.6,5.42,4.6,5.0
91200522,Buy,4716.78,7.4650000000001455,-2.524999999999636,74.65000000000146,-25.249999999996362,7.4,12.4,0.06,12.6,13.0
91202282,Sell,4722.92,10.782000000000153,-1.5050000000001091,107.82000000000153,-15.050000000001091,18.133333333333333,0.13333333333333333,2.25,23.466666666666665,24.0
91206718,Buy,4720.48,4.815000000000509,-0.23499999999967258,48.15000000000509,-2.349999999996726,6.5,2.5,2.93,8.5,9.0
91227583,Buy,,,,,,,,2.31,0.5333333333333333,
91267065,Buy,4760.4,-0.5349999999998545,-1.9249999999992724,-5.349999999998545,-19.249999999992724,0.23333333333333334,0.23333333333333334,-1.88,0.55,1.0
91267485,Buy,4760.62,7.4350000000004,-0.16499999999996362,74.350000000004,-1.6499999999996362,6.45,0.45,4.78,16.55,17.0
91276550,Buy,4761.93,6.8149999999996,-0.08500000000003638,68.149999999996,-0.8500000000003638,17.233333333333334,0.23333333333333334,5.46,17.833333333333332,18.0
91352434,Buy,4728.93,3.494999999999891,-5.575000000000728,34.94999999999891,-55.750000000007276,30.45,3.45,3.06,30.65,31.0
91356501,Sell,4734.02,3.9550000000008367,1.2050000000008367,39.55000000000837,12.050000000008367,0.9166666666666666,0.9166666666666666,2.56,1.5666666666666667,1.0
91397685,Buy,4713.36,4.655000000000655,-0.6149999999997817,46.55000000000655,-6.149999999997817,0.016666666666666666,0.016666666666666666,2.98,1.5666666666666667,2.0
91431248,Buy,4768.65,5.454999999999927,-0.10199999999986176,54.54999999999927,-1.0199999999986176,2.283333333333333,0.2833333333333333,4.42,2.55,3.0
91448019,Sell,4768.7,6.244999999999891,1.5450000000000728,62.44999999999891,15.450000000000728,2.3,2.3,1.1,2.8666666666666667,3.0
91488864,Buy,4834.27,7.244999999999891,1.5349999999998545,72.44999999999891,15.349999999998545,1.4666666666666666,9.466666666666667,3.37,13.933333333333334,14.0
91515698,Sell,4819.15,5.831999999999425,-0.29500000000007276,58.31999999999425,-2.9500000000007276,10.766666666666667,2.7666666666666666,4.27,16.583333333333332,16.0
91531357,Sell,4815.58,7.324999999999818,-0.19800000000032014,73.24999999999818,-1.9800000000032014,1.7666666666666666,5.766666666666667,2.0,19.666666666666668,19.0
91585973,Buy,4819.6,4.724999999999454,2.464999999999236,47.24999999999454,24.64999999999236,1.0166666666666666,0.016666666666666666,3.38,2.7333333333333334,3.0
91596159,Sell,4819.54,6.484999999999673,1.681999999999789,64.84999999999673,16.81999999999789,1.6166666666666667,0.6166666666666667,2.19,14.583333333333334,14.0
91645065,Sell,4805.2,7.595000000000255,0.15200000000004366,75.95000000000255,1.5200000000004366,19.1,15.1,4.0,25.55,26.0
91655142,Buy,4783.65,5.9450000000006185,-0.8350000000000364,59.450000000006185,-8.350000000000364,8.3,0.3,3.8,20.583333333333332,21.0
91740834,Sell,4786.71,7.425000000000182,-2.555000000000291,74.25000000000182,-25.55000000000291,2.25,0.25,4.4,3.45,4.0
91776198,Sell,4804.88,0.8350000000000364,-4.434999999999491,8.350000000000364,-44.34999999999491,3.4833333333333334,0.48333333333333334,-1.53,3.5833333333333335,4.0
91797166,Buy,4791.72,3.264999999999418,-0.08500000000003638,32.64999999999418,-0.8500000000003638,3.6,1.6,0.82,4.466666666666667,4.0
91806444,Buy,4783.67,8.734999999999673,0.4349999999994907,87.34999999999673,4.349999999994907,7.166666666666667,0.16666666666666666,5.19,13.866666666666667,14.0
91824729,Buy,4777.82,4.664999999999964,-2.024999999999636,46.649999999999636,-20.249999999996362,6.216666666666667,1.2166666666666666,3.78,7.733333333333333,8.0
91863976,Sell,4770.12,6.585000000000036,-0.8550000000004729,65.85000000000036,-8.55000000000473,8.866666666666667,0.8666666666666667,3.89,19.666666666666668,19.0
91873683,Sell,4755.12,9.68499999999949,1.0349999999998545,96.8499999999949,10.349999999998545,11.066666666666666,4.066666666666666,7.53,11.683333333333334,12.0
91919177,Buy,4698.9,8.215000000000146,-1.8350000000000364,82.15000000000146,-18.350000000000364,3.3833333333333333,0.38333333333333336,2.69,9.5,10.0
91954421,Buy,4708.33,13.585000000000036,-1.425000000000182,135.85000000000036,-14.250000000001819,2.783333333333333,0.7833333333333333,2.91,10.15,10.0
91973017,Sell,4690.11,4.464999999999236,-1.3250000000007276,44.64999999999236,-13.250000000007276,5.9,0.9,3.17,6.483333333333333,6.0
91984519,Buy,4691.77,7.764999999999418,-1.785000000000764,77.64999999999418,-17.85000000000764,5.666666666666667,0.6666666666666666,5.78,6.433333333333334,6.0
92024986,Buy,4722.65,6.664999999999964,-0.5149999999994179,66.64999999999964,-5.149999999994179,6.033333333333333,15.033333333333333,3.9,45.3,46.0
92029007,Sell,4709.01,6.385000000000218,-2.3049999999993815,63.85000000000218,-23.049999999993815,20.0,0.0,4.28,21.233333333333334,22.0
92067522,Buy,4631.5,11.284999999999854,2.5150000000003274,112.84999999999854,25.150000000003274,3.7666666666666666,0.7666666666666667,7.36,10.5,10.0
92099847,Buy,4582.29,4.335000000000036,0.4849999999996726,43.350000000000364,4.849999999996726,1.0166666666666666,0.016666666666666666,2.23,2.4833333333333334,3.0
92117158,Buy,4593.37,5.175000000000182,1.7449999999998909,51.75000000000182,17.44999999999891,0.36666666666666664,0.36666666666666664,2.98,3.45,4.0
92125361,Sell,4571.93,5.835000000000036,0.8450000000002547,58.350000000000364,8.450000000002547,4.616666666666666,0.6166666666666667,3.82,5.55,5.0
92181621,Buy,4634.47,7.8049999999993815,3.005000000000109,78.04999999999382,30.05000000000109,3.1166666666666667,2.1166666666666667,5.54,4.966666666666667,5.0
92218142,Sell,4600.22,10.465000000000146,-0.7849999999998545,104.65000000000146,-7.849999999998545,49.15,0.15,4.15,55.983333333333334,56.0
92274667,Buy,4603.12,9.775000000000546,0.9049999999997453,97.75000000000546,9.049999999997453,0.8333333333333334,0.8333333333333334,8.74,1.6666666666666667,1.0
92286476,Sell,4564.23,2.9249999999992724,-0.005000000000109139,29.249999999992724,-0.050000000001091394,0.5333333333333333,1.5333333333333334,1.77,2.5166666666666666,2.0
92319804,Buy,4527.89,-0.9850000000005821,-4.135000000000218,-9.85000000000582,-41.35000000000218,1.45,0.45,-2.54,1.55,2.0
92331897,Sell,4541.33,4.875,-0.39500000000043656,48.75,-3.9500000000043656,13.483333333333333,2.4833333333333334,3.38,15.516666666666667,16.0
92342438,Sell,4548.47,6.1950000000006185,0.5950000000002547,61.950000000006185,5.950000000002547,9.533333333333333,1.5333333333333334,4.84,9.733333333333333,10.0
92396538,Sell,4649.56,4.9450000000006185,-0.24499999999989086,49.450000000006185,-2.4499999999989086,2.1666666666666665,0.16666666666666666,1.28,2.2,3.0
92408965,Sell,4699.99,5.992000000000189,-0.5250000000005457,59.92000000000189,-5.250000000005457,3.75,0.75,3.79,4.75,5.0
92461110,Buy,4694.78,6.305000000000291,-0.15499999999974534,63.05000000000291,-1.5499999999974534,5.133333333333334,0.13333333333333333,3.81,11.033333333333333,11.0
92535886,Sell,4716.22,6.025000000000546,0.49499999999989086,60.25000000000546,4.949999999998909,6.85,0.85,4.16,8.6,8.0
92561346,Sell,4732.98,7.614999999999782,2.375,76.14999999999782,23.75,4.55,2.55,5.57,8.65,9.0
92611594,Buy,4674.86,4.035000000000764,-0.08500000000003638,40.35000000000764,-0.8500000000003638,3.1333333333333333,0.13333333333333333,2.56,6.566666666666666,7.0
92626347,Sell,4696.5,5.2520000000004075,-1.1549999999997453,52.520000000004075,-11.549999999997453,3.966666666666667,0.9666666666666667,1.66,7.8,7.0
92649888,Buy,4722.52,10.704999999999927,-0.3350000000000364,107.04999999999927,-3.350000000000364,21.933333333333334,0.9333333333333333,4.27,48.06666666666667,48.0
92660254,Buy,4688.79,6.164999999999964,-0.5749999999998181,61.649999999999636,-5.749999999998181,18.65,1.65,2.73,19.983333333333334,20.0
92699406,Buy,4696.22,6.224999999999454,0.4749999999994543,62.24999999999454,4.749999999994543,1.7,0.7,3.18,5.783333333333333,6.0
92704162,Sell,4698.28,4.4650000000001455,0.04500000000007276,44.650000000001455,0.4500000000007276,11.233333333333333,0.23333333333333334,2.59,13.7,14.0
92707912,Buy,4688.92,-0.9949999999998909,-2.5850000000000364,-9.949999999998909,-25.850000000000364,0.7666666666666667,0.7666666666666667,-2.09,1.5333333333333334,1.0
92708453,Sell,4692.21,4.154999999999745,1.5450000000000728,41.54999999999745,15.450000000000728,0.25,0.25,1.18,1.65,2.0
92749649,Sell,4709.23,6.5049999999992,-0.6350000000002183,65.049999999992,-6.350000000002183,8.0,0.0,2.85,17.7,18.0
92755985,Buy,4691.09,3.764999999999418,-0.4650000000001455,37.64999999999418,-4.650000000001455,5.65,4.65,2.64,7.783333333333333,8.0
92794484,Sell,4615.85,5.575000000000728,0.18500000000040018,55.750000000007276,1.8500000000040018,3.2,0.2,4.14,3.5,4.0
92816284,Sell,4567.8,8.875,0.2750000000005457,88.75,2.750000000005457,16.85,0.85,7.18,17.8,17.0
92863125,Buy,4538.98,8.525000000000546,-0.7649999999994179,85.25000000000546,-7.649999999994179,10.633333333333333,0.6333333333333333,7.45,11.583333333333334,11.0
92873305,Buy,4566.67,-0.9049999999997453,-4.994999999999891,-9.049999999997453,-49.94999999999891,0.03333333333333333,1.0333333333333334,-2.38,1.6666666666666667,2.0
92878258,Sell,4550.25,5.7150000000001455,2.5950000000002547,57.150000000001455,25.950000000002547,0.9333333333333333,0.9333333333333333,4.72,0.9666666666666667,1.0
92901499,Sell,4551.85,7.525000000000546,0.3850000000002183,75.25000000000546,3.850000000002183,4.35,0.35,2.9,8.116666666666667,8.0
92905766,Sell,4551.78,8.914999999999964,-1.8850000000002183,89.14999999999964,-18.850000000002183,18.15,0.15,4.06,20.983333333333334,21.0
92943988,Buy,4471.76,4.364999999999782,2.324999999999818,43.64999999999782,23.24999999999818,0.85,0.85,3.4,1.6333333333333333,1.0
92991008,Sell,4528.46,8.074999999999818,0.5749999999998181,80.74999999999818,5.749999999998181,11.183333333333334,0.18333333333333332,5.53,14.966666666666667,15.0
93028917,Sell,4526.58,0.39499999999952706,-2.5349999999998545,3.9499999999952706,-25.349999999998545,0.9666666666666667,2.966666666666667,-2.66,4.583333333333333,4.0
93029514,Buy,4530.06,3.964999999999236,0.20499999999992724,39.64999999999236,2.0499999999992724,3.066666666666667,0.06666666666666667,3.09,3.566666666666667,4.0
93037747,Sell,4522.59,5.175000000000182,-0.9650000000001455,51.75000000000182,-9.650000000001455,2.2333333333333334,0.23333333333333334,4.0,2.466666666666667,3.0
93064584,Buy,4551.65,5.454999999999927,-0.3849999999993088,54.54999999999927,-3.849999999993088,16.95,1.95,6.5,19.1,19.0
93070782,Sell,4568.44,7.074999999999818,0.8849999999993088,70.74999999999818,8.849999999993088,2.316666666666667,0.31666666666666665,5.24,3.2666666666666666,3.0
93086094,Sell,4532.04,8.604999999999563,1.144999999999527,86.04999999999563,11.44999999999527,11.5,2.5,4.61,16.783333333333335,17.0
93091481,Sell,4535.78,1.1049999999995634,-4.595000000000255,11.049999999995634,-45.95000000000255,0.5333333333333333,1.5333333333333334,-2.57,2.8333333333333335,3.0
93095183,Sell,4509.03,7.774999999999636,-0.14500000000043656,77.74999999999636,-1.4500000000043656,3.55,0.55,4.17,5.483333333333333,5.0
93121138,Sell,4489.13,9.734999999999673,0.15499999999974534,97.34999999999673,1.5499999999974534,9.633333333333333,3.6333333333333333,3.87,22.583333333333332,22.0
93131167,Sell,4438.17,13.414999999999964,0.015000000000327418,134.14999999999964,0.15000000000327418,8.333333333333334,1.3333333333333333,3.75,10.9,11.0
93169426,Sell,4378.3,12.252000000000407,-1.6649999999999636,122.52000000000407,-16.649999999999636,8.6,0.6,6.17,12.516666666666667,12.0
93184362,Sell,4424.02,0.11500000000069122,-3.5549999999993815,1.1500000000069122,-35.549999999993815,0.65,1.65,-2.98,2.466666666666667,2.0
93199497,Buy,4508.61,7.708000000000538,-2.05199999999968,77.08000000000538,-20.5199999999968,17.6,5.6,4.58,21.1,21.0
93210316,Sell,4515.02,4.135000000000218,0.11500000000069122,41.35000000000218,1.1500000000069122,3.933333333333333,0.9333333333333333,2.66,4.616666666666666,4.0
93235333,Buy,4553.24,8.00500000000011,-1.0050000000001091,80.05000000000109,-10.050000000001091,33.15,0.15,6.35,41.0,41.0
93252299,Sell,4498.93,8.752000000000407,0.30500000000029104,87.52000000000407,3.0500000000029104,15.916666666666666,5.916666666666667,3.84,21.833333333333332,21.0
93277546,Sell,4472.54,7.484999999999673,4.335000000000036,74.84999999999673,43.350000000000364,0.9666666666666667,0.9666666666666667,5.5,1.6166666666666667,1.0
93309253,Sell,4515.09,8.444999999999709,1.4049999999997453,84.44999999999709,14.049999999997453,2.9833333333333334,0.9833333333333333,5.05,3.5166666666666666,3.0
93345132,Sell,4476.49,6.4650000000001455,1.3049999999993815,64.65000000000146,13.049999999993815,15.716666666666667,3.716666666666667,4.54,19.633333333333333,19.0
93360769,Sell,4446.07,9.574999999999818,-0.10800000000017462,95.74999999999818,-1.0800000000017462,17.5,0.5,5.42,26.533333333333335,27.0
93376580,Sell,4472.1,-0.875,-2.3049999999993815,-8.75,-23.049999999993815,0.2,0.2,-3.03,0.4166666666666667,1.0
93377409,Sell,4469.47,7.335000000000036,0.08500000000003638,73.35000000000036,0.8500000000003638,7.166666666666667,1.1666666666666667,5.21,7.6,8.0
93404708,Sell,4442.42,3.7150000000001455,-1.2250000000003638,37.150000000001455,-12.250000000003638,2.15,1.15,2.41,2.6166666666666667,3.0
93411173,Sell,4470.45,6.494999999999891,-0.2250000000003638,64.94999999999891,-2.250000000003638,8.183333333333334,4.183333333333334,2.26,11.533333333333333,12.0
93443489,Buy,4279.91,12.875,2.7380000000002838,128.75,27.380000000002838,1.0333333333333334,3.033333333333333,2.95,3.15,4.0
93461391,Buy,4324.16,8.835000000000036,0.5250000000005457,88.35000000000036,5.250000000005457,3.95,0.95,8.15,4.916666666666667,4.0
93474519,Sell,4326.45,4.394999999999527,-0.8350000000000364,43.94999999999527,-8.350000000000364,6.683333333333334,0.6833333333333333,0.01,8.083333333333334,8.0
93510992,Sell,4177.67,4.625,-0.7049999999999272,46.25,-7.049999999999272,1.7,3.7,1.99,3.7,4.0
93557927,Buy,4086.19,11.174999999999727,-0.1449999999999818,111.74999999999727,-1.449999999999818,18.866666666666667,2.8666666666666667,8.09,21.033333333333335,21.0
93598278,Sell,4185.65,1.014999999999418,-3.6450000000004366,10.14999999999418,-36.450000000004366,0.31666666666666665,8.316666666666666,-2.4,9.866666666666667,10.0
93609754,Buy,4184.03,9.985000000000582,2.3980000000001382,99.85000000000582,23.980000000001382,4.733333333333333,1.7333333333333334,5.87,6.566666666666666,6.0
93631282,Sell,4312.83,3.555000000000291,-0.16499999999996362,35.55000000000291,-1.6499999999996362,0.05,0.05,2.51,0.4166666666666667,1.0
93650934,Buy,4355.08,13.515000000000327,1.5050000000001091,135.15000000000327,15.050000000001091,10.233333333333333,0.23333333333333334,10.07,10.85,11.0
93681010,Sell,4344.69,1.0649999999995998,-1.1550000000006548,10.649999999995998,-11.550000000006548,1.3333333333333333,3.3333333333333335,-1.7,3.433333333333333,4.0
93682742,Buy,4339.92,5.505000000000109,-0.15499999999974534,55.05000000000109,-1.5499999999974534,3.85,0.85,3.27,5.8,5.0
93700747,Sell,4332.93,8.675000000000182,0.125,86.75000000000182,1.25,6.683333333333334,0.6833333333333333,6.92,8.8,9.0
93757800,Sell,4253.6,10.385000000000218,-0.7950000000000728,103.85000000000218,-7.950000000000728,7.366666666666666,1.3666666666666667,7.6,7.966666666666667,8.0
93776205,Sell,4137.68,7.405000000000655,1.1450000000004366,74.05000000000655,11.450000000004366,5.383333333333334,0.38333333333333336,5.04,8.883333333333333,9.0
93798546,Buy,4189.21,8.515000000000327,-0.2250000000003638,85.15000000000327,-2.250000000003638,7.816666666666666,0.8166666666666667,6.82,11.316666666666666,11.0
93832434,Buy,4135.04,4.335000000000036,-0.3350000000000364,43.350000000000364,-3.350000000000364,8.933333333333334,0.9333333333333333,3.98,9.883333333333333,9.0
93873774,Sell,4127.31,8.035000000000764,1.3150000000005093,80.35000000000764,13.150000000005093,23.716666666666665,0.7166666666666667,4.54,25.816666666666666,26.0
93909211,Buy,4088.7,0.16499999999996362,-3.5949999999998,1.6499999999996362,-35.949999999998,0.45,6.45,-3.38,6.783333333333333,7.0
93935706,Buy,4007.36,12.0949999999998,0.23799999999982901,120.949999999998,2.37999999999829,3.683333333333333,0.6833333333333333,2.37,5.1,5.0
93990129,Buy,3990.0,7.324999999999818,0.10500000000001819,73.24999999999818,1.050000000000182,8.733333333333333,0.7333333333333333,4.22,11.083333333333334,11.0
94051620,Buy,4025.8,9.817999999999756,-0.955000000000382,98.17999999999756,-9.55000000000382,40.983333333333334,0.9833333333333333,8.77,41.28333333333333,41.0
94074059,Sell,4051.97,6.605000000000018,-0.44800000000032014,66.05000000000018,-4.480000000003201,12.116666666666667,0.11666666666666667,4.55,12.816666666666666,13.0
94116926,Buy,4037.87,10.215000000000146,-0.09499999999979991,102.15000000000146,-0.9499999999979991,12.733333333333333,4.733333333333333,8.67,13.233333333333333,13.0
94147775,Buy,3972.5,6.235000000000127,-0.05499999999983629,62.35000000000127,-0.5499999999983629,9.916666666666666,0.9166666666666666,5.19,10.883333333333333,10.0
94199359,Sell,4093.49,10.804999999999836,4.114999999999782,108.04999999999836,41.14999999999782,1.15,0.15,8.63,1.8333333333333333,2.0
94223505,Buy,4124.15,2.155000000000655,-3.7249999999994543,21.55000000000655,-37.24999999999454,0.3,1.3,-3.29,1.9833333333333334,2.0
94240579,Buy,4179.46,3.425000000000182,0.9650000000001455,34.25000000000182,9.650000000001455,0.95,2.95,1.95,2.95,3.0
94241160,Sell,4180.61,7.854999999999563,0.3350000000000364,78.54999999999563,3.350000000000364,13.566666666666666,0.5666666666666667,4.8,13.95,14.0
94258974,Sell,4167.97,7.975000000000364,1.1649999999999636,79.75000000000364,11.649999999999636,44.833333333333336,0.8333333333333334,5.12,46.05,46.0
94289139,Sell,4127.24,7.255000000000109,0.45499999999992724,72.55000000000109,4.549999999999272,2.966666666666667,0.9666666666666667,5.04,3.8333333333333335,3.0
94291110,Sell,4128.54,1.305000000000291,-2.4650000000001455,13.05000000000291,-24.650000000001455,0.7,1.7,-2.74,2.566666666666667,2.0
94292496,Sell,4130.41,8.694999999999709,0.375,86.94999999999709,3.75,7.566666666666666,0.5666666666666667,3.51,12.183333333333334,12.0
94339039,Sell,4131.49,9.034999999999854,0.7349999999996726,90.34999999999854,7.349999999996726,13.583333333333334,0.5833333333333334,6.64,16.916666666666668,17.0
94351863,Sell,4053.41,7.774999999999636,-1.2550000000001091,77.74999999999636,-12.550000000001091,28.016666666666666,0.016666666666666666,5.72,29.066666666666666,30.0
94375434,Sell,4063.53,7.125,-0.04499999999961801,71.25,-0.4499999999961801,3.8833333333333333,0.8833333333333333,3.94,4.0,4.0
94382823,Buy,4101.86,7.914999999999964,-0.1749999999992724,79.14999999999964,-1.749999999992724,13.466666666666667,1.4666666666666666,6.34,21.9,22.0
94425120,Buy,4111.13,7.9650000000001455,-0.944999999999709,79.65000000000146,-9.44999999999709,11.0,0.0,5.39,19.8,20.0
94467306,Sell,4066.64,9.534999999999854,0.47499999999990905,95.34999999999854,4.7499999999990905,12.55,0.55,8.19,12.966666666666667,13.0
94482317,Sell,4063.5,1.4650000000001455,-2.8850000000002183,14.650000000001455,-28.850000000002183,0.55,5.55,-3.54,5.95,6.0
94517647,Sell,4017.7,-0.1449999999999818,-2.1649999999999636,-1.449999999999818,-21.649999999999636,0.9333333333333333,3.933333333333333,-1.69,4.85,4.0
94518850,Buy,4024.24,9.765000000000327,-0.09499999999979991,97.65000000000327,-0.9499999999979991,13.116666666666667,0.11666666666666667,7.08,37.266666666666666,38.0
94571902,Buy,4025.35,7.605000000000018,-0.7649999999998727,76.05000000000018,-7.649999999998727,9.8,0.8,7.2,10.066666666666666,10.0
94588522,Buy,4036.97,3.6150000000002365,-0.45499999999992724,36.150000000002365,-4.549999999999272,6.416666666666667,0.4166666666666667,1.36,11.05,11.0
94627775,Sell,4032.12,6.944999999999709,1.4049999999997453,69.44999999999709,14.049999999997453,7.616666666666666,0.6166666666666667,2.64,11.95,12.0
94694698,Sell,4003.55,10.565000000000055,0.775000000000091,105.65000000000055,7.7500000000009095,35.63333333333333,0.6333333333333333,5.33,73.11666666666666,73.0
94754184,Buy,4020.21,7.8849999999997635,-0.8850000000002183,78.84999999999764,-8.850000000002183,6.2,0.2,5.38,8.266666666666667,9.0
94775324,Sell,4010.12,5.244999999999891,-1.1550000000002,52.44999999999891,-11.550000000002001,7.233333333333333,0.23333333333333334,3.71,7.933333333333334,8.0
94810342,Buy,4075.28,8.454999999999927,0.9849999999996726,84.54999999999927,9.849999999996726,7.45,2.45,4.74,13.133333333333333,13.0
94842197,Sell,4074.65,3.425000000000182,0.9349999999999454,34.25000000000182,9.349999999999454,2.9166666666666665,0.9166666666666666,2.32,3.15,3.0
94864297,Sell,4130.33,5.8149999999996,-0.694999999999709,58.149999999996,-6.94999999999709,37.016666666666666,0.016666666666666666,2.1,61.03333333333333,62.0
94908427,Buy,4129.52,5.634999999999309,0.18499999999949068,56.34999999999309,1.8499999999949068,7.416666666666667,0.4166666666666667,1.14,8.916666666666666,9.0
94927689,Buy,4123.62,0.13500000000021828,-4.585000000000036,1.3500000000021828,-45.850000000000364,18.866666666666667,15.866666666666667,-2.1,19.366666666666667,19.0
94942223,Sell,4096.12,10.864999999999782,0.8150000000000546,108.64999999999782,8.150000000000546,60.61666666666667,0.6166666666666667,2.96,70.36666666666666,70.0
94986774,Sell,4028.48,6.815000000000055,0.9149999999999636,68.15000000000055,9.149999999999636,6.866666666666666,0.8666666666666667,4.29,10.033333333333333,10.0
94991858,Sell,4052.29,7.324999999999818,0.5450000000000728,73.24999999999818,5.450000000000728,42.766666666666666,0.7666666666666667,3.78,51.31666666666667,51.0
95047920,Buy,4087.56,6.445000000000164,-0.5549999999998363,64.45000000000164,-5.549999999998363,49.81666666666667,8.816666666666666,5.58,53.18333333333333,53.0
95072289,Buy,4078.44,10.674999999999727,-0.1449999999999818,106.74999999999727,-1.449999999999818,8.85,0.85,9.29,12.133333333333333,12.0
95107372,Sell,4046.03,6.515000000000327,-0.7349999999996726,65.15000000000327,-7.349999999996726,12.633333333333333,0.6333333333333333,4.07,41.25,41.0
95168933,Buy,4022.45,4.765000000000327,-0.6749999999997272,47.650000000003274,-6.7499999999972715,23.2,1.2,2.85,33.18333333333333,33.0
95248660,Buy,4047.81,5.7150000000001455,-2.4650000000001455,57.150000000001455,-24.650000000001455,4.1,2.1,3.87,7.783333333333333,8.0
95298275,Buy,4062.11,5.654999999999745,-1.2650000000003274,56.54999999999745,-12.650000000003274,3.316666666666667,0.31666666666666665,5.28,4.266666666666667,4.0
95369124,Buy,4076.89,6.184999999999945,-0.9049999999997453,61.849999999999454,-9.049999999997453,14.15,0.15,4.76,32.3,33.0
95443868,Sell,4063.33,8.335000000000036,-0.555000000000291,83.35000000000036,-5.55000000000291,12.9,0.9,5.5,13.266666666666667,13.0
95511070,Sell,4061.67,4.845000000000255,-1.2150000000001455,48.45000000000255,-12.150000000001455,6.716666666666667,0.7166666666666667,2.66,10.883333333333333,11.0
95576013,Sell,4076.22,-0.11500000000023647,-4.855000000000018,-1.1500000000023647,-48.55000000000018,0.4166666666666667,9.416666666666666,-4.0,12.083333333333334,12.0
95598021,Buy,4133.53,6.015000000000327,-1.2950000000000728,60.150000000003274,-12.950000000000728,29.7,0.7,4.04,30.333333333333332,30.0
95612645,Sell,4165.21,5.515000000000327,-0.8450000000002547,55.150000000003274,-8.450000000002547,2.6333333333333333,0.6333333333333333,3.23,7.916666666666667,8.0
95709969,Buy,4258.33,6.855000000000473,-0.8649999999997817,68.55000000000473,-8.649999999997817,27.166666666666668,8.166666666666666,1.1,29.033333333333335,29.0
95773198,Buy,4239.76,8.074999999999818,-1.4750000000003638,80.74999999999818,-14.750000000003638,30.15,13.15,5.6,32.016666666666666,32.0
95800620,Buy,4263.68,7.484999999999673,-2.1350000000002183,74.84999999999673,-21.350000000002183,4.0,0.0,4.74,9.333333333333334,10.0
95918631,Buy,4328.99,8.06500000000051,0.4350000000004002,80.6500000000051,4.350000000004002,10.933333333333334,0.9333333333333333,7.46,12.266666666666667,12.0
96004348,Sell,4405.96,0.2650000000003274,-3.0450000000000728,2.650000000003274,-30.450000000000728,0.9333333333333333,0.9333333333333333,-3.58,1.9,1.0
96024216,Sell,4375.16,7.764999999999418,-0.34500000000025466,77.64999999999418,-3.4500000000025466,9.783333333333333,0.7833333333333333,6.7,10.083333333333334,10.0
96113042,Sell,4412.26,5.505000000000109,-0.0749999999998181,55.05000000000109,-0.749999999998181,5.916666666666667,0.9166666666666666,3.54,7.1,7.0
96202433,Buy,4402.6,2.6649999999999636,-0.3350000000000364,26.649999999999636,-3.350000000000364,1.5166666666666666,0.5166666666666667,2.24,1.9666666666666666,2.0
96325914,Sell,4324.79,7.0349999999998545,-1.2049999999999272,70.34999999999854,-12.049999999999272,18.133333333333333,2.1333333333333333,6.04,18.75,19.0
96332229,Buy,4326.97,10.154999999999745,-0.3350000000000364,101.54999999999745,-3.350000000000364,72.96666666666667,1.9666666666666666,6.7,80.68333333333334,80.0
96391293,Sell,4395.88,6.444999999999709,-0.5349999999998545,64.44999999999709,-5.349999999998545,9.566666666666666,2.566666666666667,2.43,15.4,15.0
96484066,Sell,4399.36,10.774999999999636,-4.625,107.74999999999636,-46.25,98.15,1.15,6.92,133.73333333333332,134.0
96566692,Sell,4343.53,5.0349999999998545,-0.625,50.349999999998545,-6.25,7.283333333333333,0.2833333333333333,8.0,8.25,8.0
96653069,Sell,4490.48,6.704999999999927,-3.2650000000003274,67.04999999999927,-32.650000000003274,15.716666666666667,3.716666666666667,4.65,24.066666666666666,24.0
96756936,Buy,4536.82,1.6550000000006548,-2.0349999999998545,16.55000000000655,-20.349999999998545,3.566666666666667,0.5666666666666667,1.02,3.8,4.0
96882975,Buy,4635.03,7.4350000000004,-0.6349999999993088,74.350000000004,-6.349999999993088,32.28333333333333,0.2833333333333333,6.72,32.36666666666667,33.0
97042659,Buy,4629.55,9.175000000000182,-0.6549999999997453,91.75000000000182,-6.549999999997453,2.683333333333333,0.6833333333333333,5.93,5.95,6.0
97143853,Buy,4640.95,1.055000000000291,-5.074999999999818,10.55000000000291,-50.74999999999818,7.6,1.6,-1.09,7.916666666666667,8.0
97182841,Buy,4640.61,5.1950000000006185,-1.4349999999994907,51.950000000006185,-14.349999999994907,11.15,1.15,5.06,11.3,12.0
97352852,Sell,4604.68,4.805000000000291,-0.9149999999999636,48.05000000000291,-9.149999999999636,4.833333333333333,0.8333333333333334,5.32,13.033333333333333,13.0
97451919,Buy,4580.67,3.725000000000364,-0.5450000000000728,37.25000000000364,-5.450000000000728,5.283333333333333,0.2833333333333333,5.5,6.9,7.0
97638884,Sell,4425.37,6.484999999999673,-0.005000000000109139,64.84999999999673,-0.050000000001091394,5.166666666666667,0.16666666666666666,5.49,5.783333333333333,6.0
97800092,Sell,4440.12,5.085000000000036,0.1750000000001819,50.850000000000364,1.750000000001819,3.966666666666667,0.9666666666666667,1.9,5.866666666666666,5.0
97982386,Buy,4319.11,12.454999999999927,-4.734999999999673,124.54999999999927,-47.349999999996726,125.58333333333333,46.583333333333336,1.28,166.05,166.0
98070555,Buy,4366.67,4.805000000000291,-1.444999999999709,48.05000000000291,-14.44999999999709,1.0833333333333333,0.08333333333333333,2.5,4.016666666666667,4.0
98161217,Sell,4434.66,0.805000000000291,-4.555000000000291,8.05000000000291,-45.55000000000291,0.06666666666666667,3.066666666666667,-3.75,3.316666666666667,4.0
98188192,Sell,4434.76,9.425000000000182,-0.18499999999949068,94.25000000000182,-1.8499999999949068,19.85,0.85,7.19,21.016666666666666,21.0
98366050,Sell,4401.75,21.914999999999964,-2.125,219.14999999999964,-21.25,3.816666666666667,0.8166666666666667,17.67,4.9,5.0
98440487,Buy,4394.74,6.345000000000255,-1.944999999999709,63.45000000000255,-19.44999999999709,2.1,0.1,4.39,3.9833333333333334,4.0
99000862,Sell,4399.59,7.775000000000546,0.7250000000003638,77.75000000000546,7.250000000003638,18.9,2.9,4.28,21.983333333333334,22.0
99208828,Buy,4404.63,9.164999999999964,-1.1450000000004366,91.64999999999964,-11.450000000004366,13.033333333333333,0.03333333333333333,7.78,13.933333333333334,14.0
99615317,Sell,4329.05,9.09100000000035,-1.425000000000182,90.91000000000349,-14.250000000001819,23.85,0.85,5.71,35.56666666666667,35.0
99738973,Buy,4333.59,0.681999999999789,-5.542000000000371,6.81999999999789,-55.42000000000371,0.08333333333333333,4.083333333333333,-4.97,4.433333333333334,5.0
99754992,Buy,4363.75,8.484999999999673,-0.7650000000003274,84.84999999999673,-7.650000000003274,7.75,0.75,6.64,10.05,10.0
100126875,Sell,4298.08,7.001999999999498,0.08500000000003638,70.01999999999498,0.8500000000003638,5.183333333333334,0.18333333333333332,5.8,6.1,6.0
100453335,Buy,4325.5,9.055000000000291,-1.5450000000000728,90.55000000000291,-15.450000000000728,23.3,0.3,6.74,23.416666666666668,24.0
100653865,Buy,4279.11,7.9350000000004,-2.074999999999818,79.350000000004,-20.74999999999818,18.45,0.45,5.2,21.033333333333335,21.0
100675478,Sell,4306.96,1.5349999999998545,-1.3549999999995634,15.349999999998545,-13.549999999995634,0.4,1.4,-1.44,2.283333333333333,2.0
100829495,Sell,4373.27,8.515000000000327,-1.0549999999993815,85.15000000000327,-10.549999999993815,6.666666666666667,0.6666666666666666,6.53,8.383333333333333,8.0
00983845,Buy,4336.1,9.414999999999964,-1.9950000000008004,94.14999999999964,-19.950000000008004,7.933333333333334,0.9333333333333333,8.26,8.166666666666666,8.0
