feature,percentile,threshold,direction,precision,recall,lift,TP,FP,FN
candle_body,90,1.8699999999998909,above,0.0018630300320440704,0.17814726840812792,1.7807231148688927,75,40182,346
return_1,90,0.0004256339477794805,above,0.0017892644135188423,0.1710213776718028,1.710212142067972,72,40168,349
candle_body_abs,90,2.7899999999999636,above,0.0017352933885321467,0.16627078384758606,1.6586297563051111,70,40269,351
candle_body_abs,80,1.8500000000003638,above,0.0017146904238267203,0.32779097387095535,1.638937011231363,138,80343,283
candle_body,80,1.0399999999999636,above,0.0016121231662098784,0.3087885985740884,1.5409010787313213,130,80509,291
candle_body_abs,70,1.3599999999996726,above,0.0015933557889174956,0.45843230403691587,1.5229628265425768,193,120935,228
sma_9,90,4989.899266666666,above,0.0015904572564611932,0.15201900237493582,1.5201621261201677,64,40176,357
bollinger_lower_20,90,4982.807002924889,above,0.0015904967817291287,0.15201900237493582,1.5201583476042142,64,40175,357
sma_200,90,4991.5356955,above,0.0015912085726361457,0.15201900237493582,1.5201583347284575,64,40157,357
ema_20,90,4990.366407990549,above,0.0015904177331576854,0.15201900237493582,1.520154571326998,64,40177,357
ema_200,90,4991.21489897952,above,0.0015904177331576854,0.15201900237493582,1.520154571326998,64,40177,357
ema_9,90,4989.881955496959,above,0.0015904177331576854,0.15201900237493582,1.520154571326998,64,40177,357
sma_20,90,4990.048540000001,above,0.0015656452695146112,0.14964370546282746,1.4964058734228984,63,40176,358
bollinger_upper_20,90,4996.257921691088,above,0.0015656452695146112,0.14964370546282746,1.4964058734228984,63,40176,358
sma_50,90,4990.519416,above,0.0015657620041753266,0.14964370546282746,1.4964058713112967,63,40173,358
ema_50,90,4990.958730951765,above,0.0015655674560770966,0.14964370546282746,1.4964021561500136,63,40178,358
return_1,80,0.0002422024329566509,above,0.0015407554671968,0.29453681710143814,1.472682677891883,124,80356,297
return_3,90,0.0007350430914534021,above,0.0015407554671967808,0.14726840855071907,1.47267535840245,62,40178,359
sma_100,90,4990.7745620000005,above,0.0015411001466530403,0.14726840855071907,1.4726533936993016,62,40169,359
ema_100,90,4991.334670316328,above,0.0015407171789965075,0.14726840855071907,1.472649740973029,62,40179,359
candle_body,10,-1.8300000000008367,below,0.001540334401629735,0.14726840855071907,1.4722838743508402,62,40189,359
candle_body_abs,60,1.0299999999997453,above,0.0015250801287018747,0.5843230403786596,1.45770352087508,246,161057,175
return_1,10,-0.00041850644989970264,below,0.0015159045725645747,0.1448931116386107,1.448929731474254,61,40179,360
bollinger_upper_20,80,4706.844046083637,above,0.0014538315295053064,0.27790973871667957,1.3895370056549283,117,80360,304
ema_200,80,4700.459578941301,above,0.0014537592723748282,0.27790973871667957,1.3895335530005035,117,80364,304
return_3,10,-0.0007227738668492133,below,0.0014413518886679563,0.1377672209022856,1.3776640449571307,58,40182,363
sma_9,80,4700.696777777778,above,0.0014413697983324662,0.2755344418045712,1.3776640448884279,116,80363,305
bollinger_lower_20,80,4694.729087059557,above,0.001441405618996714,0.2755344418045712,1.377660620991211,116,80361,305
sma_20,80,4700.56999,above,0.001441405618996714,0.2755344418045712,1.377660620991211,116,80361,305
sma_50,80,4700.777324000001,above,0.0014415130916727585,0.2755344418045712,1.3776606203235437,116,80355,305
sma_200,80,4699.87806,above,0.0014420506955408132,0.2755344418045712,1.3776606169834933,116,80325,305
ema_50,80,4700.526265475745,above,0.0014413339794485476,0.2755344418045712,1.377657197846653,116,80365,305
ema_9,80,4700.624012374764,above,0.0014413339794485476,0.2755344418045712,1.377657197846653,116,80365,305
bollinger_upper_20,70,4564.297596387893,above,0.0014331276146294872,0.4109263657947484,1.3697487046736796,173,120542,248
ema_200,70,4558.1684212525415,above,0.0014330563862128259,0.4109263657947484,1.369745300906291,173,120548,248
sma_100,80,4700.529390000001,above,0.0014292638669665871,0.2731591448924628,1.3657842345621447,115,80346,306
macd_hist,20,-0.35944489723352024,below,0.001428908686522267,0.2731591448924628,1.3657808426928026,115,80366,306
ema_100,80,4700.295970890827,above,0.001428908686522267,0.2731591448924628,1.3657808426928026,115,80366,306
candle_body,20,-1.019999999999527,below,0.0014263742806112146,0.2731591448924628,1.363358404454746,115,80509,306
sma_20,70,4557.818329999999,above,0.0014248436399784499,0.40855106888264003,1.3618310821033117,172,120543,249
sma_200,70,4558.1567085,above,0.001425481307133196,0.40855106888264003,1.3618310806660365,172,120489,249
ema_20,70,4557.9498371653835,above,0.0014247728232867401,0.40855106888264003,1.361827698010879,172,120549,249
sma_50,70,4557.96054,above,0.001416665285901269,0.4061757719705317,1.3539134592949151,171,120535,250
sma_100,70,4558.1373379999995,above,0.001416841355196316,0.4061757719705317,1.3539134588980906,171,120520,250
ema_100,70,4557.941122669734,above,0.0014164892603606546,0.4061757719705317,1.353910095115467,171,120550,250
ema_20,80,4700.637700585066,above,0.0014164833935959864,0.27078384798035443,1.353904487538952,114,80367,307
macd_hist,10,-0.6307971258800493,below,0.0014164657935935635,0.13539192399017722,1.3538876650881075,57,40184,364
sma_9,70,4557.853933333333,above,0.0014082406931857602,0.4038004750584233,1.3459991820248192,170,120548,251
ema_9,70,4557.820101601158,above,0.001408205697434569,0.4038004750584233,1.345992492220055,170,120551,251
ema_50,70,4558.083204948832,above,0.001408205697434569,0.4038004750584233,1.345992492220055,170,120551,251
return_3,80,0.00042267916543310414,above,0.0014040755467196644,0.26840855106824607,1.3420348024151525,113,80367,308
bollinger_lower_20,70,4551.8271413900175,above,0.0013999917160253373,0.4014251781463149,1.3380782143922072,169,120546,252
candle_body_abs,50,0.7799999999997453,above,0.0013918125758438725,0.6674584323024526,1.3303236033458476,281,201614,140
return_1,20,-0.00023687060238437583,below,0.0013916500994035613,0.2660332541561377,1.330164999386217,112,80368,309
return_5,20,-0.0005265984408511226,below,0.0013916500994035613,0.2660332541561377,1.3301517770827578,112,80368,309
bollinger_upper_20,60,4442.946602219185,above,0.0013668586481767886,0.5225653206638419,1.3064104296784587,220,160733,201
candle_body,30,-0.5700000000001637,below,0.0013580768307123994,0.38954869358577304,1.298078271751795,164,120595,257
bollinger_lower_20,60,4431.206712547884,above,0.0013544326604660905,0.5178147268396252,1.2945339712268362,218,160735,203
sma_20,60,4436.8839800000005,above,0.0013544326604660905,0.5178147268396252,1.2945339712268362,218,160735,203
sma_50,60,4436.969047999999,above,0.001354533648976946,0.5178147268396252,1.2945339711991446,218,160723,203
ema_50,60,4436.765127170827,above,0.001354365343157651,0.5178147268396252,1.2945307542316196,218,160743,203
return_3,20,-0.00040903534532861214,below,0.0013543737574552516,0.2589073634198126,1.2945291456924923,109,80371,312
return_3,30,-0.00023279859958259542,below,0.0013502319416832226,0.3871733966736647,1.290570340965609,163,120557,258
sma_9,60,4437.021288888889,above,0.0013481861615213919,0.5154394299275168,1.2885989443465142,217,160740,204
sma_100,60,4436.79462,above,0.0013484877672895314,0.5154394299275168,1.2885957419274798,217,160704,204
ema_200,60,4437.44491697511,above,0.0013481526580972948,0.5154394299275168,1.2885925397626674,217,160744,204
ema_9,60,4436.977526202463,above,0.0013481526580972948,0.5154394299275168,1.2885925397626674,217,160744,204
ema_20,60,4436.767934561164,above,0.0013481526580972948,0.5154394299275168,1.2885925397626674,217,160744,204
ema_100,60,4436.086024763651,above,0.0013481526580972948,0.5154394299275168,1.2885925397626674,217,160744,204
sma_200,60,4436.489269999999,above,0.001342607268726566,0.5130641330154084,1.2826575126103217,216,160665,205
return_15,10,-0.001586850900241965,below,0.0013419816595839525,0.1282660332538521,1.2826463561862511,54,40185,367
bollinger_z_20,90,1.6822879549055945,above,0.0013419816595839525,0.1282660332538521,1.2826336057910557,54,40185,367
return_10,10,-0.001299797027244587,below,0.0013419483101391317,0.1282660332538521,1.2826304188747235,54,40186,367
distance_ema_9,20,-0.00030261771741588915,below,0.0013295063431120223,0.25415676959559586,1.270770001461999,107,80374,314
candle_body_abs,40,0.5799999999999272,above,0.001329002381473206,0.7648456056988959,1.2702883043750965,322,241965,99
return_1,70,0.00013938942674842633,above,0.0013170974155069474,0.3776722090252312,1.258906160133389,159,120561,262
return_5,30,-0.00030170112573446595,below,0.001317108325947023,0.3776722090252312,1.2589040744651174,159,120560,262
distance_ema_50,10,-0.0013652659075352512,below,0.0013170646852712082,0.12589073634174372,1.2588780043801702,53,40188,368
distance_ema_9,10,-0.0005389970695619658,below,0.0013170646852712082,0.12589073634174372,1.2588780043801702,53,40188,368
candle_body,70,0.5900000000001455,above,0.0013166393401897838,0.3776722090252312,1.2584714506449857,159,120603,262
sma_200,50,4332.24208,above,0.0013028279322330506,0.6223277909723935,1.244654392868198,262,200839,159
bollinger_lower_20,50,4326.759494214308,above,0.0013022451302493587,0.6223277909723935,1.2446543923360422,262,200929,159
ema_100,50,4331.840144125647,above,0.0013021804066580122,0.6223277909723935,1.2446512992177277,262,200939,159
ema_200,50,4332.3732455635845,above,0.0013021804066580122,0.6223277909723935,1.2446512992177277,262,200939,159
sma_100,50,4331.9729050000005,above,0.0012975326993154334,0.6199524940602852,1.239903803287928,261,200890,160
ema_9,50,4331.6547559563905,above,0.0012972102524341266,0.6199524940602852,1.2399007217397973,261,200940,160
ema_20,50,4331.682173920689,above,0.0012972102524341266,0.6199524940602852,1.2399007217397973,261,200940,160
sma_9,50,4331.607222222222,above,0.0012972231472323358,0.6199524940602852,1.2398883965839664,261,200938,160
sma_50,50,4331.734399999999,above,0.0012924006839782017,0.6175771971481768,1.235153213856607,260,200916,161
sma_20,50,4331.7189,above,0.0012923043277283711,0.6175771971481768,1.2351532137685914,260,200931,161
ema_50,50,4331.813586063649,above,0.0012922400982102412,0.6175771971481768,1.235150144261867,260,200941,161
macd,10,-1.989663607233524,below,0.0012922144081906194,0.12351543942963536,1.2351255892031858,52,40189,369
return_1,30,-0.00013522146043980497,below,0.0012839628893306719,0.3681710213767977,1.2272355649099076,155,120565,266
bollinger_upper_20,50,4336.22898167302,above,0.0012823635252073838,0.61282660332396,1.2256520352011409,258,200933,163
distance_ema_9,80,0.00032298061352519734,above,0.0012798051714069,0.24465558194716233,1.223264580846597,103,80378,318
return_10,20,-0.0007383188589779044,below,0.001279836976105552,0.24465558194716233,1.2232645805734712,103,80376,318
ema_200,40,4195.5144276410565,above,0.001267390376945087,0.7268408551051619,1.2113982603449136,306,241135,115
macd_hist,30,-0.20515813436363128,below,0.001267385127691112,0.36342042755258097,1.2113932429980494,153,120568,268
distance_ema_9,90,0.0005548602815956864,above,0.0012673641311100304,0.12114014251752699,1.2113731740262013,51,40190,370
sma_200,40,4195.734834999999,above,0.0012638767450822712,0.7244655581930536,1.2074424441563272,305,241016,116
sma_50,40,4195.508032,above,0.0012634055614698532,0.7244655581930536,1.2074424433530557,305,241106,116
bollinger_lower_20,40,4190.7862034077425,above,0.0012633113669028937,0.7244655581930536,1.2074424431924349,305,241124,116
sma_20,40,4195.4428,above,0.0012633113669028937,0.7244655581930536,1.2074424431924349,305,241124,116
ema_20,40,4195.3357862261155,above,0.0012632485783276193,0.7244655581930536,1.2074394425006492,305,241136,116
ema_50,40,4195.411123748524,above,0.0012632485783276193,0.7244655581930536,1.2074394425006492,305,241136,116
sma_100,40,4195.496252,above,0.0012594197554902779,0.7220902612809452,1.2034836159367797,304,241077,117
atr_14,40,1.7012523120161749,above,0.001259148500826311,0.7220902612809452,1.2034816215770427,304,241129,117
sma_9,40,4195.406555555554,above,0.0012591328550837437,0.7220902612809452,1.2034816215751374,304,241132,117
ema_100,40,4195.562673537479,above,0.0012591067797101518,0.7220902612809452,1.2034806246563847,304,241137,117
ema_9,40,4195.380809264288,above,0.0012591067797101518,0.7220902612809452,1.2034806246563847,304,241137,117
bollinger_upper_20,40,4199.71399516969,above,0.0012508853534579473,0.7173396674567284,1.1955659601446404,302,241127,119
candle_body_abs,30,0.4099999999998545,above,0.0012498849256088276,0.8384798099742554,1.194666183408672,353,282073,68
bollinger_lower_20,30,4074.287234218157,above,0.001242602079760848,0.8313539192379303,1.1876490075290895,350,281317,71
macd_signal,10,-1.8743572148905399,below,0.0012425138540294416,0.11876484560541861,1.187620758849217,50,40191,371
ema_9_20_diff,10,-1.794226453617739,below,0.0012425138540294416,0.11876484560541861,1.187620758849217,50,40191,371
distance_ema_20,10,-0.0008510005416649535,below,0.0012425138540294416,0.11876484560541861,1.187620758849217,50,40191,371
bollinger_upper_20,30,4084.625693922474,above,0.0012390517881043885,0.828978622325822,1.184255724650435,349,281318,72
sma_20,30,4079.45665,above,0.0012390517881043885,0.828978622325822,1.184255724650435,349,281318,72
ema_20,30,4079.267760637827,above,0.0012389902052321554,0.828978622325822,1.1842527815466057,349,281332,72
sma_100,30,4079.139769,above,0.0012357471831711076,0.8266033254137135,1.1808624423296454,348,281263,73
sma_9,30,4079.369,above,0.0012354664063193353,0.8266033254137135,1.1808611840089833,348,281327,73
ema_200,30,4078.6975776780155,above,0.0012354400900309172,0.8266033254137135,1.1808595071009136,348,281333,73
ema_9,30,4079.3140936624627,above,0.0012354400900309172,0.8266033254137135,1.1808595071009136,348,281333,73
distance_ema_9,30,-0.00017072076188990454,below,0.0012342508759867691,0.3539192399041475,1.179722831416401,149,120572,272
sma_50,30,4079.469386,above,0.0012320430611476776,0.8242280285016051,1.1774691591017086,347,281299,74
ema_50,30,4079.1729010011863,above,0.001231889974829679,0.8242280285016051,1.1774662326552212,347,281334,74
ema_100,30,4078.9239531511994,above,0.001231889974829679,0.8242280285016051,1.1774662326552212,347,281334,74
bollinger_z_20,20,-1.2155096644109802,below,0.001230165140350644,0.23515439429872886,1.1757620817080163,99,80378,322
macd,80,1.2046207612670514,above,0.0012301039997017777,0.23515439429872886,1.1757591602311954,99,80382,322
distance_ema_20,20,-0.0004749966672074541,below,0.0012301039997017777,0.23515439429872886,1.1757591602311954,99,80382,322
sma_200,30,4078.711184,above,0.0012289506679311318,0.8218527315894968,1.1740758772626392,346,281195,75
atr_14,50,1.9355977811988252,above,0.0012276708052923982,0.5866983372907679,1.173395553063439,247,200947,174
atr_14,20,1.2485354300630107,above,0.0012270510391103066,0.9382422802828071,1.1728031867068633,395,321515,26
atr_14,30,1.4791710513363623,above,0.0012248332274177988,0.8194774346773884,1.170683424335467,345,281326,76
bollinger_upper_20,20,4006.1877458323497,above,0.0012239635917429016,0.9358669833706986,1.169834791572991,394,321511,27
sma_200,20,4000.738263,above,0.0012214034640618309,0.9334916864585903,1.1668656692087664,393,321368,28
sma_100,20,4000.9195000000004,above,0.001221099859868689,0.9334916864585903,1.1668656683907395,393,321448,28
sma_20,20,4000.83892,above,0.0012208570851648742,0.9334916864585903,1.1668656677365115,393,321512,28
bollinger_lower_20,20,3995.7055357621516,above,0.0012208570851648742,0.9334916864585903,1.1668656677365115,393,321512,28
sma_9,20,4000.9665555555557,above,0.0012208229527140753,0.9334916864585903,1.1668649426916629,393,321521,28
ema_100,20,4000.8624997559223,above,0.001220796406571795,0.9334916864585903,1.1668627678245898,393,321528,28
ema_200,20,4001.368763358282,above,0.001220796406571795,0.9334916864585903,1.1668627678245898,393,321528,28
ema_20,20,4000.6711725227988,above,0.001220796406571795,0.9334916864585903,1.1668627678245898,393,321528,28
ema_9,20,4000.8708282548,above,0.001220796406571795,0.9334916864585903,1.1668627678245898,393,321528,28
sma_50,20,4000.6840479999996,above,0.0012178413761607513,0.9311163895464819,1.1638965441447229,392,321489,29
ema_50,20,4000.582900398933,above,0.001217690054392223,0.9311163895464819,1.1638936513670206,392,321529,29
atr_ratio,40,0.0003939480776036207,above,0.001217729142246498,0.6983372921598614,1.1638934103409557,294,241139,127
return_5,80,0.0005506322910597827,above,0.001217693836978116,0.23277909738662048,1.163882804947413,98,80382,323
distance_ema_20,90,0.0008790922889919824,above,0.0012176635769488527,0.11638954869331024,1.1638683436722326,49,40192,372
distance_ema_100,10,-0.001944645428542928,below,0.0012176635769488527,0.11638954869331024,1.1638683436722326,49,40192,372
return_10,90,0.0013325208993788529,above,0.0012176938369781011,0.11638954869331024,1.16386834305299,49,40191,372
return_3,70,0.00024565257381363713,above,0.0012094102054340523,0.34679334916782234,1.1559709802514047,146,120574,275
distance_ema_20,30,-0.00026486018634123396,below,0.0012094001872085122,0.34679334916782234,1.1559700227301648,146,120575,275
return_10,30,-0.00042274132652342367,below,0.0012094302423830646,0.34679334916782234,1.1559700225910463,146,120572,275
distance_ema_50,20,-0.0007678083591747511,below,0.0012052534138492165,0.23040380047451212,1.1520064499234943,97,80384,324
distance_ema_50,80,0.0008563021123241849,above,0.0012052534138492165,0.23040380047451212,1.1520064499234943,97,80384,324
candle_body,40,-0.25,below,0.0012022120702091775,0.4631828978611326,1.1490994699892338,195,162006,226
return_5,70,0.0003203454877455103,above,0.0012011365236623795,0.344418052255714,1.1480571748266795,145,120574,276
return_15,30,-0.0005109171473496321,below,0.0012011663739686436,0.344418052255714,1.1480571748066801,145,120571,276
return_30,70,0.0008183336495077853,above,0.0012012061766849924,0.344418052255714,1.1480524194202304,145,120567,276
atr_ratio,30,0.0003466737867232204,above,0.0011999815387455535,0.8028503562926298,1.1469304273199645,338,281333,83
return_3,40,-0.00010454159364523536,below,0.0011990631154517536,0.45843230403691587,1.14608108871928,193,160766,228
atr_ratio,20,0.00029935173909202375,above,0.0011959864558416912,0.9144893111617233,1.1431119667902339,385,321525,36
ema_9_20_diff,80,1.079134678245282,above,0.0011928281209229359,0.22802850356240373,1.1401300947696438,96,80385,325
ema_9_20_diff,20,-0.9864527400745828,below,0.0011928281209229359,0.22802850356240373,1.1401300947696438,96,80385,325
return_15,20,-0.0008997203481158067,below,0.0011928725862968613,0.22802850356240373,1.1401300943877928,96,80382,325
rsi_7,10,29.087665673097263,below,0.0011928429423458948,0.11401425178120186,1.140124427940867,48,40192,373
ema_20_50_diff,10,-3.1101285865042883,below,0.001192813299868264,0.11401425178120186,1.1401159284952482,48,40193,373
macd_hist,90,0.6312524645420944,above,0.001192813299868264,0.11401425178120186,1.1401159284952482,48,40193,373
return_60,10,-0.003119632329046995,below,0.0011929911768360584,0.11401425178120186,1.1401159248551431,48,40187,373
bollinger_bandwidth_20,40,0.0015753590280553648,above,0.0011887552862332148,0.6817102137751029,1.136183544905668,287,241142,134
atr_14,60,2.208483368886324,above,0.001186667080861103,0.4536817102126991,1.1342046008152415,191,160764,230
return_1,40,-6.088840597497923e-05,below,0.0011866302186878655,0.4536817102126991,1.1342031914409332,191,160769,230
distance_ema_9,40,-7.425736907829531e-05,below,0.0011866228465280337,0.4536817102126991,1.1341989635699052,191,160770,230
return_5,40,-0.0001361060519899926,below,0.0011866375909393002,0.4536817102126991,1.1341989635308423,191,160768,230
candle_body_abs,20,0.2600000000002183,above,0.001184716536409871,0.9073634204253982,1.1323768724424768,382,322058,39
bollinger_bandwidth_20,50,0.0018560642225530864,above,0.001182955499997509,0.5653206650817926,1.130640249526634,238,200953,183
atr_ratio,50,0.0004438039709989584,above,0.0011829378609700032,0.5653206650817926,1.1306402495105201,238,200956,183
macd,20,-1.0939470881785383,below,0.0011804028279966553,0.22565320665029537,1.1282537396157934,95,80386,326
bollinger_bandwidth_20,70,0.002644551802109548,above,0.001176324400447325,0.33729216151938884,1.124302404992269,142,120573,279
distance_ema_9,70,0.00019070292193485347,above,0.0011762659355041693,0.33729216151938884,1.1242996111485164,142,120579,279
bollinger_bandwidth_20,30,0.0013262838357989877,above,0.0011751465382881163,0.7862232779078713,1.1231766328346533,331,281336,90
rsi_7,80,64.71841662292744,above,0.0011680065607176883,0.22327790973818698,1.1163857072839032,94,80385,327
return_15,40,-0.000223479501342716,below,0.0011680283308999337,0.44655581947637396,1.1163843200476955,188,160767,233
stochastic_k_14,90,92.37079760378784,above,0.001168021074082329,0.11163895486909349,1.1163829328711274,47,40192,374
distance_ema_20,70,0.0003067913885159624,above,0.0011679823725780835,0.3349168646072805,1.1163820082531042,141,120580,280
distance_ema_50,70,0.0005172897482506963,above,0.0011679823725780835,0.3349168646072805,1.1163820082531042,141,120580,280
macd,70,0.7097246268822346,above,0.0011679823725780835,0.3349168646072805,1.1163820082531042,141,120580,280
rsi_14,10,35.790598313109335,below,0.001168021074082329,0.11163895486909349,1.1163801584795803,47,40192,374
ema_20_50_diff,20,-1.7265853505750783,below,0.0011679775350703747,0.22327790973818698,1.116377384461943,94,80387,327
distance_ema_200,20,-0.0015756809791706082,below,0.0011679775350703747,0.22327790973818698,1.116377384461943,94,80387,327
distance_ema_100,20,-0.0010898477906049516,below,0.0011679775350703747,0.22327790973818698,1.116377384461943,94,80387,327
macd_signal,20,-1.036882078936301,below,0.0011679775350703747,0.22327790973818698,1.116377384461943,94,80387,327
return_60,20,-0.0017830272670649183,below,0.0011681517105966127,0.22327790973818698,1.1163773829661736,94,80375,327
bollinger_z_20,10,-1.689516091210952,below,0.001168021074082329,0.11163895486909349,1.1163662865218449,47,40192,374
macd_signal,90,1.9696418404744258,above,0.0011679630227876751,0.11163895486909349,1.116363513318264,47,40194,374
candle_body,60,0.26999999999952706,above,0.0011665353280260042,0.44655581947637396,1.1149988927703627,188,160973,233
sma_200,10,3642.4902775000005,above,0.0011630444691848436,0.9999999999976247,1.1111125052337545,421,361560,0
sma_100,10,3642.369861,above,0.0011627553711841016,0.9999999999976247,1.111112504359439,421,361650,0
sma_50,10,3642.193692,above,0.0011626108760728574,0.9999999999976247,1.1111125039223948,421,361695,0
bollinger_upper_20,10,3644.2244745129933,above,0.0011625241962429174,0.9999999999976247,1.1111125036602048,421,361722,0
sma_20,10,3641.8920399999997,above,0.0011625241962429174,0.9999999999976247,1.1111125036602048,421,361722,0
bollinger_lower_20,10,3639.7101265433625,above,0.0011625241962429174,0.9999999999976247,1.1111125036602048,421,361722,0
sma_9,10,3641.8552,above,0.001162492095882124,0.9999999999976247,1.1111121967565925,421,361732,0
ema_200,10,3642.32426484258,above,0.001162466416869842,0.9999999999976247,1.1111097422878145,421,361740,0
ema_100,10,3642.383240292212,above,0.001162466416869842,0.9999999999976247,1.1111097422878145,421,361740,0
ema_9,10,3641.8456387033543,above,0.001162466416869842,0.9999999999976247,1.1111097422878145,421,361740,0
ema_50,10,3642.1156856149823,above,0.001162466416869842,0.9999999999976247,1.1111097422878145,421,361740,0
ema_20,10,3641.9046292468947,above,0.001162466416869842,0.9999999999976247,1.1111097422878145,421,361740,0
return_60,40,-0.00044423597292253536,below,0.0011619453575001327,0.4441805225642656,1.11044610523507,187,160750,234
ema_20_50_diff,30,-0.9599973766107723,below,0.0011596988096519978,0.3325415676951721,1.1084644053576922,140,120581,281
ema_9_20_diff,70,0.6304234509993876,above,0.0011596988096519978,0.3325415676951721,1.1084644053576922,140,120581,281
distance_ema_100,30,-0.0006166293818535483,below,0.0011596988096519978,0.3325415676951721,1.1084644053576922,140,120581,281
return_60,30,-0.0010209447361515522,below,0.001159871751323487,0.3325415676951721,1.108464404557164,140,120563,281
return_1,60,6.415611892620631e-05,above,0.0011555666003976073,0.44180522565215724,1.1045120084189193,186,160774,235
rsi_7,40,46.187916885855095,below,0.0011555809590079328,0.44180522565215724,1.1045092635894005,186,160772,235
rsi_7,20,36.24733850533941,below,0.0011555809590079256,0.22090261282607862,1.1045092635893936,93,80386,328
distance_ema_20,40,-0.00011203262741631041,below,0.0011555594212262527,0.44180522565215724,1.1045078912251434,186,160775,235
atr_14,70,2.566332125134487,above,0.0011514533992726696,0.33016627078306376,1.1005477139651723,139,120578,282
bollinger_bandwidth_20,20,0.0010882306311405664,above,0.0011494074338702378,0.8788598574800978,1.098575819497479,370,321535,51
bollinger_bandwidth_20,60,0.0021977089133768547,above,0.0011494038632395723,0.4394299287400489,1.0985724067750675,185,160768,236
macd_hist,40,-0.09565221784646993,below,0.0011493467361658966,0.4394299287400489,1.0985696767561912,185,160776,236
atr_14,10,0.9525988679018884,above,0.0011486984638919308,0.9881235154370829,1.0979145741113936,416,361733,5
atr_ratio,60,0.0005033983246479221,above,0.0011431766642850416,0.4370546318279405,1.0926368929319603,184,160771,237
distance_ema_20,80,0.0005152446571363072,above,0.0011431269492178135,0.21852731591397026,1.092624674154242,92,80389,329
macd_signal,80,1.142612574117705,above,0.0011431269492178135,0.21852731591397026,1.092624674154242,92,80389,329
return_60,90,0.00332907009389527,above,0.001143283211134556,0.10926365795698513,1.0926110946528456,46,40189,375
atr_ratio,10,0.00024247503605064554,above,0.001140414580738864,0.9809976247007578,1.0899969209327056,413,361736,8
bollinger_z_20,30,-0.8041599701059615,below,0.0011349045271921373,0.325415676958847,1.0847142921404285,137,120578,284
rsi_7,30,41.60746560128618,below,0.001126592554548608,0.32304038004673863,1.0768020216065557,136,120582,285
stochastic_k_14,40,41.228070175442326,below,0.0011245309277069441,0.4299287410916154,1.0748154832429673,181,160775,240
rsi_14,30,44.471808569544876,below,0.001118327313694944,0.32066508313463027,1.068883474277798,135,120581,286
return_60,50,6.257759342243041e-05,below,0.0011184514666626845,0.5344418052243838,1.0688799322905234,225,200946,196
distance_ema_50,30,-0.00043105828847577306,below,0.0011182809950215694,0.32066508313463027,1.0688763908806318,135,120586,286
distance_ema_200,30,-0.000872707353957242,below,0.0011182809950215694,0.32066508313463027,1.0688763908806318,135,120586,286
ema_9_20_diff,30,-0.5464957246349513,below,0.0011182809950215694,0.32066508313463027,1.0688763908806318,135,120586,286
return_10,70,0.0004589418778968568,above,0.0011183087857651625,0.32066508313463027,1.068876390751995,135,120583,286
rsi_14,20,40.8371080834312,below,0.0011183180496533074,0.2137767220897535,1.0688746198208878,90,80388,331
macd_hist,80,0.35521303837759993,above,0.0011182763633652525,0.2137767220897535,1.0688719638465412,90,80391,331
return_5,90,0.0009491522744810021,above,0.0011182902584492764,0.10688836104487676,1.0688719637272028,45,40195,376
return_30,80,0.0013775258721338002,above,0.0011183597390493803,0.2137767220897535,1.0688719631305403,90,80385,331
distance_ema_200,10,-0.002809139280114868,below,0.0011182624686264975,0.10688836104487676,1.0688586829642954,45,40196,376
return_15,50,2.1319628359606213e-05,below,0.001113358814670485,0.5320665083122754,1.0641319995443683,224,200969,197
stochastic_k_14,50,52.45605905402987,below,0.0011133532809129443,0.5320665083122754,1.0641319995393133,224,200970,197
return_30,60,0.00039640554134856565,above,0.001112153539319902,0.42517814726739867,1.0629403897228045,179,160770,242
rsi_21,30,45.594073569288604,below,0.0011100617989628285,0.3182897862225219,1.0609649400370318,134,120580,287
distance_ema_20,50,1.908095540010613e-05,below,0.0011083443919264761,0.5296912114001671,1.0593787775784476,223,200978,198
distance_ema_9,50,8.464532827254319e-06,below,0.0011083443919264761,0.5296912114001671,1.0593787775784476,223,200978,198
bollinger_bandwidth_20,10,0.0008267511065320046,above,0.0011072973935710448,0.9524940617554573,1.0583280616810977,401,361742,20
return_3,60,0.00011536928554014556,above,0.0011058716816083531,0.42280285035529025,1.0570074289742584,178,160781,243
bollinger_z_20,40,-0.387661976780594,below,0.001105912906252129,0.42280285035529025,1.0570048021943894,178,160775,243
stochastic_d_14,40,41.44194756554203,below,0.0011058991643627034,0.42280285035529025,1.0570021753643075,178,160777,243
stochastic_k_14,20,19.845211125642887,below,0.0011058922935460484,0.21140142517764512,1.05700086197374,89,80389,332
rsi_14,80,60.048365945143445,above,0.0011058922935460484,0.21140142517764512,1.0569982351562113,89,80389,332
bollinger_z_20,80,1.244435627474973,above,0.0011059060352647202,0.21140142517764512,1.056998235070843,89,80388,332
return_10,80,0.000779864263280583,above,0.0011058785521688749,0.21140142517764512,1.0569956084566887,89,80390,332
rsi_7,50,50.540098867281245,below,0.0011033961738992077,0.5273159144880586,1.0546308209569675,222,200975,199
rsi_14,50,50.47142799874218,below,0.0011034126266190787,0.5273159144880586,1.0546282000444032,222,200972,199
stochastic_d_14,70,72.79085950786649,below,0.0011005786913764295,0.7363420427535954,1.0519169454430974,310,281360,111
ema_9_20_diff,40,-0.22625061489998188,below,0.001099645255683047,0.4204275534431819,1.051063961004572,177,160784,244
distance_ema_200,40,-0.00034334937640566505,below,0.001099645255683047,0.4204275534431819,1.051063961004572,177,160784,244
candle_body_abs,10,0.12100000000009459,above,0.001098943578359092,0.9453681710191322,1.0503932831258183,398,361768,23
stochastic_k_14,60,63.40110905730166,below,0.0010976130023650408,0.6294536817087186,1.0490875977563037,265,241168,156
rsi_21,20,42.665848542996244,below,0.00109349371241114,0.20902612826553676,1.0451296424245344,88,80388,333
stochastic_d_14,60,62.95826462006736,below,0.0010934755956128388,0.6270783847966103,1.0451279108584994,264,241168,157
return_60,60,0.0005868924476435389,below,0.0010935978956525295,0.6270783847966103,1.0451279107765454,264,241141,157
distance_ema_200,60,0.0006017579538666914,above,0.0010934325706226907,0.41805225653107353,1.0451257465356196,176,160785,245
atr_14,80,3.0846951160668774,above,0.0010934665374387894,0.20902612826553676,1.0451244477942598,88,80390,333
stochastic_k_14,10,9.686451860362196,below,0.001093466537438776,0.10451306413276838,1.045124447794247,44,40195,377
atr_14,90,4.074145115402751,above,0.001093466537438776,0.10451306413276838,1.045124447794247,44,40195,377
macd_signal,30,-0.5733294750483146,below,0.0010934303062433122,0.31353919239830513,1.0451235821943954,132,120589,289
distance_ema_100,70,0.0007737757915842097,above,0.0010934303062433122,0.31353919239830513,1.0451235821943954,132,120589,289
macd,30,-0.6073865350554115,below,0.0010934303062433122,0.31353919239830513,1.0451235821943954,132,120589,289
return_30,20,-0.001266072563066989,below,0.0010935073004038384,0.20902612826553676,1.0451192528387505,88,80387,333
rsi_7,90,71.77554475224933,above,0.0010934393638170703,0.10451306413276838,1.0451140589457948,44,40196,377
bollinger_bandwidth_20,90,0.004572003326551098,above,0.001093466537438776,0.10451306413276838,1.0451088639778972,44,40195,377
return_5,50,6.251309869864663e-06,below,0.001088480004771414,0.5201900237517335,1.0403790531012553,219,200979,202
macd_hist,50,-0.003330882130024415,below,0.0010884637750309338,0.5201900237517335,1.0403764676667264,219,200982,202
return_5,60,0.00015080333178096872,above,0.001087233394839673,0.41567695961896517,1.0391875320308765,175,160784,246
stochastic_d_14,30,31.198074744075015,below,0.0010851916895854644,0.3111638954861968,1.0372102751701733,131,120585,290
atr_ratio,70,0.0005808501746247122,above,0.0010851827000339547,0.3111638954861968,1.0372068383412774,131,120586,290
rsi_21,80,58.1433768349301,above,0.0010810676474973771,0.20665083135342838,1.033253169215165,87,80389,334
rsi_14,40,47.574569986647006,below,0.001081047497747811,0.41330166270685675,1.0332518852948267,174,160781,247
return_10,40,-0.0001870707093473145,below,0.0010810340649987198,0.41330166270685675,1.033249317526541,174,160783,247
distance_ema_100,80,0.0012613719146211423,above,0.0010810004845864106,0.20665083135342838,1.0332428983849897,87,80394,334
ema_20_50_diff,80,1.9459487456815623,above,0.0010810004845864106,0.20665083135342838,1.0332428983849897,87,80394,334
return_15,80,0.0009569820442212329,above,0.0010810407813315306,0.20665083135342838,1.0332428980389372,87,80391,334
rsi_21,50,50.41448725168708,below,0.0010785824345146326,0.5154394299275168,1.0308778745732987,217,200973,204
rsi_7,60,54.84590146378604,below,0.0010768899418479388,0.6175771971481768,1.0292960500650945,260,241176,161
bollinger_z_20,60,0.4735608808204614,below,0.0010769211652286964,0.6175771971481768,1.0292951974755182,260,241169,161
return_15,70,0.0005608610018824622,above,0.0010769077835580943,0.3087885985740884,1.0292926394818511,130,120586,291
macd_signal,70,0.6719332939049305,above,0.0010768631803911408,0.3087885985740884,1.0292883764035712,130,120591,291
macd_hist,70,0.2018215811117965,above,0.0010768631803911408,0.3087885985740884,1.0292883764035712,130,120591,291
rsi_21,40,48.0792516965707,below,0.0010748546150405023,0.4109263657947484,1.0273149326104865,173,160779,248
macd,40,-0.25108129967429704,below,0.0010747945154416221,0.4109263657947484,1.0273111031287625,173,160788,248
distance_ema_50,50,4.040995810369461e-05,below,0.0010735533123592772,0.5130641330154084,1.0261247352329357,216,200985,205
distance_ema_100,50,6.626351218902966e-05,below,0.0010735533123592772,0.5130641330154084,1.0261247352329357,216,200985,205
candle_body,50,0.0029999999997016857,below,0.0010733985986184909,0.5130641330154084,1.0259768565999199,216,201014,205
return_1,50,0.0,below,0.0010731586138367853,0.5130641330154084,1.0257449250550228,216,201059,205
rsi_14,60,53.325216584792834,below,0.0010727658305444139,0.6152019002360685,1.0253363697701883,259,241173,162
return_60,70,0.0012036053539956626,below,0.0010722946750982604,0.7173396674567284,1.0247688825823569,302,281337,119
rsi_7,70,59.461597263758605,above,0.0010686061730644885,0.30641330166198,1.0213783881415124,129,120589,292
return_3,50,4.6887057668643095e-06,below,0.001068593780287173,0.5106888361033001,1.0213766959621335,215,200984,206
return_15,60,0.000269969946945503,below,0.001068623877530729,0.61282660332396,1.0213750037935336,258,241174,163
ema_20_50_diff,40,-0.39447041529638227,below,0.001068581830381266,0.40855106888264003,1.0213728886598101,172,160789,249
distance_ema_50,60,0.0002621647721094264,above,0.001068581830381266,0.40855106888264003,1.0213728886598101,172,160789,249
macd_signal,40,-0.23738996904104967,below,0.001068581830381266,0.40855106888264003,1.0213728886598101,172,160789,249
return_5,10,-0.0009237245122299398,below,0.0010685884691848642,0.10213776722066001,1.021366543117105,43,40197,378
stochastic_d_14,20,21.833015034644273,below,0.0010686150252242716,0.20427553444132002,1.0213665428890644,86,80392,335
distance_ema_200,90,0.00308767520683623,above,0.0010685619144653199,0.10213776722066001,1.0213538526103267,43,40198,378
stochastic_d_14,80,81.35174463206943,below,0.0010655185161023734,0.8147268408531717,1.0184069449588427,343,321566,78
macd_hist,60,0.09005471603042518,below,0.0010644422446891744,0.6104513064118516,1.0174161859759567,257,241184,164
macd_signal,60,0.3298691597975659,below,0.0010644422446891744,0.6104513064118516,1.0174161859759567,257,241184,164
bollinger_z_20,50,0.050646206851768634,below,0.0010636658697456593,0.5083135391911917,1.0166261067172253,214,200977,207
macd,50,0.04688337237439555,below,0.0010636130039115062,0.5083135391911917,1.0166235802770753,214,200987,207
stochastic_d_14,90,88.94788057618385,below,0.001063104209064272,0.9144893111617233,1.0160993857585956,385,361762,36
ema_9_20_diff,90,1.8600940547353275,below,0.0010630631128144637,0.9144893111617233,1.016097982852277,385,361776,36
macd,90,2.076753377183195,below,0.0010630631128144637,0.9144893111617233,1.016097982852277,385,361776,36
distance_ema_200,80,0.0018792011830583869,below,0.001062372445413623,0.8123515439410633,1.0154378284885741,342,321579,79
distance_ema_100,40,-0.0002533049219493955,below,0.0010623691453209097,0.4061757719705317,1.0154346741908575,171,160790,250
return_30,40,-0.0003208139671968535,below,0.001062448353205046,0.4061757719705317,1.0154346739810034,171,160778,250
bollinger_z_20,70,0.8666820735465436,below,0.0010615372052814101,0.7102137767204033,1.0145915807177077,299,281368,122
rsi_21,60,52.732776605674125,below,0.001060357539307781,0.6080760094997433,1.013459047199557,256,241172,165
distance_ema_100,60,0.00039850364444221956,below,0.0010603004460717068,0.6080760094997433,1.0134573681316925,256,241185,165
distance_ema_200,70,0.0011496079604757417,above,0.0010602960545389695,0.30403800474987164,1.0134531706127472,128,120593,293
stochastic_d_14,50,52.2815716347053,below,0.0010586849443072024,0.5059382422790834,1.011875517423886,213,200980,208
macd_signal,50,0.04084544625986372,below,0.0010586428496876207,0.5059382422790834,1.011873002799145,213,200988,208
return_10,50,1.5015860502565204e-05,above,0.001058669158432568,0.5059382422790834,1.011873002760689,213,200983,208
return_30,50,3.5623403626061645e-05,below,0.001058721779845511,0.5059382422790834,1.0118730026837675,213,200973,208
stochastic_k_14,70,73.82325543783608,below,0.0010579718891898667,0.707838479808295,1.011199015802809,298,281373,123
return_15,90,0.0016348774046052172,below,0.0010575815897964057,0.9097387173375066,1.0108209473910186,383,361764,38
stochastic_k_14,80,83.45188503711918,below,0.001056195831132922,0.8076009501168466,1.0095014771654012,340,321570,81
distance_ema_20,60,0.00015166211708049612,below,0.001056158647454239,0.6057007125876349,1.0094985502874279,255,241186,166
ema_9_20_diff,60,0.3057661517436827,above,0.0010561564602605536,0.4038004750584233,1.0094964597219054,170,160791,251
distance_ema_50,40,-0.0001795070606292047,below,0.0010561564602605536,0.4038004750584233,1.0094964597219054,170,160791,251
ema_20_50_diff,60,0.577737957489262,above,0.0010561564602605536,0.4038004750584233,1.0094964597219054,170,160791,251
rsi_14,90,65.11743493415138,below,0.0010548173674851137,0.9073634204253982,1.0081814498126447,382,361766,39
atr_ratio,90,0.0008980103793287306,below,0.0010548144548238403,0.9073634204253982,1.008181171419597,382,361767,39
rsi_21,90,62.30178351621335,below,0.0010548348437905545,0.9073634204253982,1.0081806146620609,382,361760,39
return_30,10,-0.0022288414222951802,above,0.0010548581464319808,0.9073634204253982,1.0081803362837352,382,361752,39
distance_ema_200,50,0.00012841753785848946,below,0.001053672695463735,0.5035629453669749,1.0071224253212148,212,200989,209
ema_20_50_diff,50,0.08113435500581545,below,0.001053672695463735,0.5035629453669749,1.0071224253212148,212,200989,209
bollinger_bandwidth_20,80,0.003298423348710611,below,0.0010531057299513799,0.8052256532047382,1.006532980566609,339,321566,82
atr_ratio,80,0.0006903140733505681,below,0.0010530893728060607,0.8052256532047382,1.0065323551737384,339,321571,82
return_60,80,0.0020023266867601475,below,0.0010532104277152757,0.8052256532047382,1.0065304791660623,339,321534,82
stochastic_d_14,10,13.402404212472131,above,0.0010520589705285395,0.9049881235132898,1.0055425090234416,381,361766,40
rsi_14,70,56.38168742064346,above,0.0010520560654759844,0.3016627078377633,1.005542231357632,127,120589,294
distance_ema_50,90,0.00144180926844171,below,0.0010520183012527548,0.9049881235132898,1.0055411206927727,381,361780,40
distance_ema_100,90,0.0020942009987443746,below,0.0010520183012527548,0.9049881235132898,1.0055411206927727,381,361780,40
return_10,60,0.0002205995896849,below,0.0010520429929380536,0.6033254156755266,1.0055397324256483,254,241181,167
stochastic_k_14,30,30.389960252352505,below,0.0010520473504145973,0.3016627078377633,1.00553640052933,127,120590,294
return_30,30,-0.0007218444289425197,above,0.001050912447631893,0.7030878859840782,1.004409235916731,296,281364,125
rsi_21,10,38.627500245663285,above,0.0010493121482733263,0.9026128266011815,1.002902182124563,380,361762,41
return_30,90,0.0023214407262381886,below,0.0010493353289113946,0.9026128266011815,1.0029019052037156,380,361754,41
ema_20_50_diff,90,3.3344826293205188,below,0.0010492570983623277,0.9026128266011815,1.0029019051528967,380,361781,41
ema_9_20_diff,50,0.038287795098767674,below,0.0010487025412398495,0.5011876484548665,1.0023718478432844,211,200990,210
macd,60,0.3471174005458124,below,0.001047875050219304,0.6009501187634182,1.0015809145988992,253,241188,168
distance_ema_9,60,9.240172409075655e-05,below,0.001047875050219304,0.6009501187634182,1.0015809145988992,253,241188,168
rsi_21,70,55.20156636374543,below,0.0010473397570171727,0.7007125890719699,1.0010170276468846,295,281371,126
ema_20_50_diff,70,1.158134383038032,below,0.001047283984365289,0.7007125890719699,1.0010159614792227,295,281386,126
stochastic_k_14,30,30.389960252352505,above,0.001043770924234298,0.6983372921598614,0.9976258746510935,294,281377,127
return_5,10,-0.0009237245122299398,above,0.0010437491025966682,0.8978622327769648,0.9976248514209958,378,361778,43
rsi_21,70,55.20156636374543,above,0.0010437894527560924,0.2992874109256549,0.9976237495870597,126,120588,295
distance_ema_200,90,0.00308767520683623,below,0.0010437346925814734,0.8978622327769648,0.9976234740731447,378,361783,43
rsi_14,70,56.38168742064346,below,0.001043770924234298,0.6983372921598614,0.9976233953899794,294,281377,127
ema_9_20_diff,50,0.038287795098767674,above,0.0010437323870159639,0.49881235154275816,0.9976212703653541,210,200991,211
distance_ema_9,60,9.240172409075655e-05,above,0.0010437310901398411,0.39904988123420654,0.9976200307840005,168,160793,253
macd,60,0.3471174005458124,above,0.0010437310901398411,0.39904988123420654,0.9976200307840005,168,160793,253
ema_20_50_diff,70,1.158134383038032,above,0.001043728928686798,0.2992874109256549,0.997617964821923,126,120595,295
bollinger_bandwidth_20,90,0.004572003326551098,below,0.0010410252303647979,0.8954869358648564,0.9949867313061692,377,361766,44
rsi_7,90,71.77554475224933,below,0.001040993610453009,0.8954869358648564,0.9949861817295927,377,361777,44
atr_14,90,4.074145115402751,below,0.0010410079829020623,0.8954869358648564,0.9949850827884504,377,361772,44
stochastic_k_14,10,9.686451860362196,above,0.0010410079829020623,0.8954869358648564,0.9949850827884504,377,361772,44
stochastic_d_14,20,21.833015034644273,above,0.0010406667722865747,0.7957244655563047,0.9946540132979951,335,321574,86
distance_ema_200,70,0.0011496079604757417,below,0.0010401837539628124,0.695961995247753,0.994229412587838,293,281388,128
distance_ema_50,40,-0.0001795070606292047,above,0.0010395914529843686,0.5961995249392015,0.9936632789103701,251,241190,170
ema_9_20_diff,60,0.3057661517436827,below,0.0010395914529843686,0.5961995249392015,0.9936632789103701,251,241190,170
ema_20_50_diff,60,0.577737957489262,below,0.0010395914529843686,0.5961995249392015,0.9936632789103701,251,241190,170
ema_20_50_diff,50,0.08113435500581545,above,0.0010387622327920785,0.4964370546306498,0.992870692887424,209,200992,212
distance_ema_200,50,0.00012841753785848946,above,0.0010387622327920785,0.4964370546306498,0.992870692887424,209,200992,212
return_5,90,0.0009491522744810021,below,0.0010382266205723471,0.8931116389527479,0.9923464130536889,376,361780,45
distance_ema_200,10,-0.002809139280114868,above,0.001038212286800619,0.8931116389527479,0.9923450429933925,376,361785,45
rsi_21,80,58.1433768349301,below,0.0010375764202992166,0.7933491686441964,0.9916855129823803,334,321570,87
return_15,80,0.0009569820442212329,below,0.0010375603043095997,0.7933491686441964,0.991684896840389,334,321575,87
ema_20_50_diff,80,1.9459487456815623,below,0.0010375216279770471,0.7933491686441964,0.9916848968280227,334,321587,87
distance_ema_100,80,0.0012613719146211423,below,0.0010375216279770471,0.7933491686441964,0.9916848968280227,334,321587,87
return_10,60,0.0002205995896849,above,0.0010375441888206102,0.3966745843220982,0.9916818162467376,167,160790,254
rsi_7,70,59.461597263758605,below,0.001036652039932401,0.6935866983356447,0.9908364899047509,292,281384,129
return_60,90,0.00332907009389527,below,0.001035605497822464,0.8907363420406396,0.9897058275538139,375,361732,46
distance_ema_100,40,-0.0002533049219493955,above,0.001035449654366901,0.5938242280270931,0.9897044610661058,250,241191,171
return_30,40,-0.0003208139671968535,above,0.0010355268553534625,0.5938242280270931,0.9897044610143809,250,241173,171
return_30,30,-0.0007218444289425197,below,0.001035522566107752,0.29691211401354656,0.9897003615691641,125,120587,296
atr_14,80,3.0846951160668774,below,0.0010344506228448915,0.790973871732088,0.9887176232237608,333,321577,88
rsi_21,20,42.665848542996244,above,0.0010344699040707756,0.790973871732088,0.9887163946800376,333,321571,88
return_30,20,-0.001266072563066989,above,0.0010344923997427718,0.790973871732088,0.9887157803951107,333,321564,88
stochastic_d_14,50,52.2815716347053,above,0.0010338331850511648,0.49406175771854144,0.9881225710054851,208,200985,213
macd_signal,50,0.04084544625986372,above,0.001033792078568193,0.49406175771854144,0.9881201154094937,208,200993,213
return_10,50,1.5015860502565204e-05,below,0.0010338177697369678,0.49406175771854144,0.9881201153719404,208,200988,213
return_30,50,3.5623403626061645e-05,above,0.0010338691559054754,0.49406175771854144,0.9881201152968245,208,200978,213
return_15,70,0.0005608610018824622,below,0.0010331238683565838,0.6912114014235363,0.9874446165288431,291,281379,130
macd_signal,70,0.6719332939049305,below,0.0010330835235603359,0.6912114014235363,0.9874428636964535,291,281390,130
macd_hist,70,0.2018215811117965,below,0.0010330835235603359,0.6912114014235363,0.9874428636964535,291,281390,130
bollinger_z_20,10,-1.689516091210952,above,0.0010327412099640169,0.8883610451285312,0.987069065009303,374,361769,47
rsi_14,10,35.790598313109335,above,0.0010327269514121271,0.8883610451285312,0.9870677021725894,374,361774,47
stochastic_k_14,90,92.37079760378784,below,0.0010327240997489956,0.8883610451285312,0.9870674296097626,374,361775,47
macd_signal,90,1.9696418404744258,below,0.0010326898810197646,0.8883610451285312,0.9870666119136403,374,361787,47
bollinger_z_20,80,1.244435627474973,below,0.0010313601839051863,0.7885985748199796,0.9857491137112514,332,321573,89
rsi_14,80,60.048365945143445,below,0.0010313473683556502,0.7885985748199796,0.9857491136767136,332,321577,89
stochastic_k_14,20,19.845211125642887,above,0.0010313441645180299,0.7885985748199796,0.9857485012320977,332,321578,89
return_10,80,0.000779864263280583,below,0.0010313345531245987,0.7885985748199796,0.9857466639210798,332,321581,89
macd_signal,40,-0.23738996904104967,above,0.0010313078557494335,0.5914489311149846,0.9857456432218414,249,241192,172
distance_ema_50,60,0.0002621647721094264,below,0.0010313078557494335,0.5914489311149846,0.9857456432218414,249,241192,172
ema_20_50_diff,40,-0.39447041529638227,above,0.0010313078557494335,0.5914489311149846,0.9857456432218414,249,241192,172
distance_ema_20,60,0.00015166211708049612,above,0.0010313057200191287,0.3942992874099898,0.9857436018460957,166,160795,255
rsi_7,10,29.087665673097263,above,0.0010299485854084146,0.8859857482164228,0.9844292991648225,373,361781,48
return_60,10,-0.003119632329046995,above,0.0010300822685007443,0.8859857482164228,0.984427396473527,373,361734,48
macd_hist,90,0.6312524645420944,below,0.0010299286781293375,0.8859857482164228,0.9844273963737644,373,361788,48
ema_20_50_diff,10,-3.1101285865042883,above,0.0010299286781293375,0.8859857482164228,0.9844273963737644,373,361788,48
atr_ratio,70,0.0005808501746247122,below,0.0010295699592787293,0.688836104511428,0.9840527334993778,290,281381,131
stochastic_d_14,30,31.198074744075015,above,0.001029573614513434,0.688836104511428,0.9840513360596718,290,281380,131
bollinger_z_20,50,0.050646206851768634,above,0.0010288730609222033,0.4916864608064331,0.983371981731148,207,200984,214
macd,50,0.04688337237439555,above,0.0010288219243443073,0.4916864608064331,0.9833695379315635,207,200994,214
rsi_14,20,40.8371080834312,above,0.0010282409003786752,0.7862232779078713,0.9827799898403378,331,321578,90
return_30,80,0.0013775258721338002,below,0.001028279232176749,0.7862232779078713,0.9827775474798245,331,321566,90
macd_hist,80,0.35521303837759993,below,0.001028202571438331,0.7862232779078713,0.982777547455316,331,321590,90
rsi_21,40,48.0792516965707,above,0.0010272213662044128,0.5890736342028763,0.9817884519745709,248,241180,173
return_10,90,0.0013325208993788529,below,0.0010271930018334815,0.8836104513043145,0.9817881808504718,372,361780,49
distance_ema_100,10,-0.001944645428542928,above,0.0010271674752389103,0.8836104513043145,0.9817881808338884,372,361789,49
distance_ema_20,90,0.0008790922889919824,below,0.0010271674752389103,0.8836104513043145,0.9817881808338884,372,361789,49
macd,40,-0.25108129967429704,above,0.001027166057131966,0.5890736342028763,0.981786825377577,248,241193,173
macd,30,-0.6073865350554115,above,0.0010259832931578594,0.6864608075993196,0.980656314805069,289,281392,132
distance_ema_100,70,0.0007737757915842097,below,0.0010259832931578594,0.6864608075993196,0.980656314805069,289,281392,132
macd_signal,30,-0.5733294750483146,above,0.0010259832931578594,0.6864608075993196,0.980656314805069,289,281392,132
rsi_21,60,52.732776605674125,above,0.0010251503553854503,0.3919239904978814,0.9798090397730074,165,160787,256
distance_ema_100,60,0.00039850364444221956,above,0.0010250930349587726,0.3919239904978814,0.9798053873771434,165,160796,256
macd_signal,10,-1.8743572148905399,above,0.001024406272348483,0.8812351543922061,0.9791489652940122,371,361790,50
distance_ema_20,10,-0.0008510005416649535,above,0.001024406272348483,0.8812351543922061,0.9791489652940122,371,361790,50
ema_9_20_diff,10,-1.794226453617739,above,0.001024406272348483,0.8812351543922061,0.9791489652940122,371,361790,50
return_3,50,4.6887057668643095e-06,above,0.001023861947623989,0.48931116389432466,0.9786213924102304,206,200993,215
rsi_14,40,47.574569986647006,above,0.001023062394380194,0.5866983372907679,0.9778304375800638,247,241185,174
return_10,40,-0.0001870707093473145,above,0.001023049682109052,0.5866983372907679,0.9778280075162799,247,241188,174
distance_ema_20,80,0.0005152446571363072,below,0.0010219898670791872,0.7814726840836544,0.9768393145401781,329,321592,92
macd_signal,80,1.142612574117705,below,0.0010219898670791872,0.7814726840836544,0.9768393145401781,329,321592,92
distance_ema_9,90,0.0005548602815956864,below,0.001021645069458056,0.8788598574800978,0.9765097497541362,370,361791,51
rsi_7,20,36.24733850533941,above,0.0010189025053197241,0.7790973871715461,0.9738714081843557,328,321587,93
rsi_21,30,45.594073569288604,above,0.0010189373229285714,0.6817102137751029,0.973870803168325,287,281379,134
rsi_21,10,38.627500245663285,below,0.0010189373229285497,0.09738717339644326,0.9738708031683042,41,40197,380
macd,10,-1.989663607233524,above,0.0010188838665676288,0.8764845605679894,0.9738705342142603,369,361792,52
return_5,60,0.00015080333178096872,below,0.0010188951200722296,0.5843230403786596,0.9738691896805666,246,241192,175
distance_ema_50,50,4.040995810369461e-05,above,0.0010188816158965362,0.4869358669822163,0.9738683829757028,205,200996,216
distance_ema_100,50,6.626351218902966e-05,above,0.0010188816158965362,0.4869358669822163,0.9738683829757028,205,200996,216
macd_hist,60,0.09005471603042518,above,0.0010188803498984162,0.38954869358577304,0.9738671729081909,164,160797,257
macd_signal,60,0.3298691597975659,above,0.0010188803498984162,0.38954869358577304,0.9738671729081909,164,160797,257
stochastic_k_14,70,73.82325543783608,above,0.0010189120007952398,0.2921615201893298,0.9738659627173825,123,120594,298
atr_ratio,80,0.0006903140733505681,above,0.0010189120007952357,0.19477434679288652,0.9738659627173785,82,80396,339
bollinger_bandwidth_20,80,0.003298423348710611,above,0.0010189246617045738,0.19477434679288652,0.9738635424248216,82,80395,339
return_60,80,0.0020023266867601475,above,0.0010190259603076834,0.19477434679288652,0.9738611213109175,82,80387,339
ema_20_50_diff,90,3.3344826293205188,above,0.0010188613603041422,0.09738717339644326,0.973849022256358,41,40200,380
return_30,90,0.0023214407262381886,above,0.0010189373229285497,0.09738717339644326,0.9738490207018508,41,40197,380
candle_body,50,0.0029999999997016857,above,0.0010187955351906837,0.4869358669822163,0.9737861052345933,205,201013,216
distance_ema_9,10,-0.0005389970695619658,above,0.0010161226636772015,0.874109263655881,0.9712313186743841,368,361793,53
distance_ema_50,10,-0.0013652659075352512,above,0.0010161226636772015,0.874109263655881,0.9712313186743841,368,361793,53
rsi_7,80,64.71841662292744,below,0.0010157960952425298,0.7767220902594377,0.970902288037452,327,321588,94
return_60,20,-0.0017830272670649183,above,0.0010159286426634077,0.7767220902594377,0.9709010816734585,327,321546,94
ema_20_50_diff,20,-1.7265853505750783,above,0.001015777162720043,0.7767220902594377,0.9709010816250401,327,321594,94
distance_ema_200,20,-0.0015756809791706082,above,0.001015777162720043,0.7767220902594377,0.9709010816250401,327,321594,94
distance_ema_100,20,-0.0010898477906049516,above,0.001015777162720043,0.7767220902594377,0.9709010816250401,327,321594,94
macd_signal,20,-1.036882078936301,above,0.001015777162720043,0.7767220902594377,0.9709010816250401,327,321594,94
rsi_14,30,44.471808569544876,above,0.0010153689943231607,0.6793349168629945,0.9704771805494357,286,281385,135
distance_ema_50,30,-0.00043105828847577306,above,0.0010153329475541446,0.6793349168629945,0.9704764914679922,286,281395,135
ema_9_20_diff,30,-0.5464957246349513,above,0.0010153329475541446,0.6793349168629945,0.9704764914679922,286,281395,135
distance_ema_200,30,-0.000872707353957242,above,0.0010153329475541446,0.6793349168629945,0.9704764914679922,286,281395,135
return_10,70,0.0004589418778968568,below,0.0010153581800237117,0.6793349168629945,0.9704764914653576,286,281388,135
distance_ema_200,60,0.0006017579538666914,below,0.001014740661279563,0.5819477434665512,0.9699103718447837,245,241196,176
rsi_21,50,50.41448725168708,above,0.0010139668969630648,0.48456057007010794,0.9691202138845758,204,200986,217
bollinger_z_20,90,1.6822879549055945,below,0.0010134118290288615,0.8717339667437726,0.9685945103166156,367,361776,54
return_15,10,-0.001586850900241965,above,0.001013400635653475,0.8717339667437726,0.9685934404504017,367,361780,54
return_10,10,-0.001299797027244587,above,0.0010133866442819561,0.8717339667437726,0.9685921031508686,367,361785,54
macd,20,-1.0939470881785383,above,0.0010126708105404711,0.7743467933473294,0.9679319651674713,326,321595,95
return_15,60,0.000269969946945503,above,0.0010127054145568574,0.3871733966736647,0.9679289583392253,163,160792,258
rsi_7,30,41.60746560128618,above,0.001011800792399775,0.676959619950886,0.9670835603522397,285,281391,136
ema_9_20_diff,40,-0.22625061489998188,above,0.0010105988626620955,0.5795724465544428,0.9659515540005194,244,241197,177
distance_ema_200,40,-0.00034334937640566505,above,0.0010105988626620955,0.5795724465544428,0.9659515540005194,244,241197,177
bollinger_z_20,70,0.8666820735465436,above,0.0010106449074265748,0.2897862232772214,0.9659499535849071,122,120593,299
return_15,20,-0.0008997203481158067,above,0.001009602092516826,0.771971496435221,0.9649628487219354,325,321584,96
ema_9_20_diff,80,1.079134678245282,below,0.001009564458360899,0.771971496435221,0.9649628487099023,325,321596,96
ema_9_20_diff,20,-0.9864527400745828,above,0.001009564458360899,0.771971496435221,0.9649628487099023,325,321596,96
return_1,50,0.0,above,0.001009519025740268,0.4869358669822163,0.9649170253569426,205,202862,216
bollinger_z_20,30,-0.8041599701059615,above,0.0010082828304345166,0.6745843230387777,0.9636923375378896,284,281383,137
bollinger_z_20,40,-0.387661976780594,above,0.0010065070890406661,0.5771971496423345,0.9619951268713497,243,241186,178
distance_ema_50,20,-0.0007678083591747511,above,0.0010064581061813272,0.7695961995231126,0.9619937322523335,324,321597,97
distance_ema_50,80,0.0008563021123241849,below,0.0010064581061813272,0.7695961995231126,0.9619937322523335,324,321597,97
return_3,60,0.00011536928554014556,below,0.0010064654011986422,0.5771971496423345,0.961993533033866,243,241196,178
rsi_14,60,53.325216584792834,above,0.0010064924979031344,0.3847980997615563,0.9619931345848387,162,160793,259
stochastic_d_14,40,41.44194756554203,above,0.001006494582325454,0.5771971496423345,0.961992736131119,243,241189,178
stochastic_k_14,80,83.45188503711918,above,0.0010064862446879767,0.19239904988077816,0.9619895485378983,81,80397,340
macd_hist,10,-0.6307971258800493,above,0.0010050778521154928,0.8646080760074475,0.9606744565148799,364,361797,57
return_5,50,6.251309869864663e-06,above,0.0010039861231224913,0.4798099762458912,0.9596190352806098,202,200996,219
macd_hist,50,-0.003330882130024415,above,0.0010039711532248796,0.4798099762458912,0.9596166505419121,202,200999,219
return_5,80,0.0005506322910597827,below,0.001003364221212297,0.7672209026110043,0.9590246157987511,323,321594,98
return_3,10,-0.0007227738668492133,above,0.0010023249520927304,0.8622327790953391,0.9580360345853357,363,361795,58
return_30,60,0.00039640554134856565,below,0.0010023899959821516,0.5748218527302261,0.9580339182619206,242,241181,179
atr_14,70,2.566332125134487,below,0.001001168029367592,0.669833729214561,0.9569064511959469,282,281389,139
bollinger_z_20,20,-1.2155096644109802,above,0.0010002951181249096,0.7648456056988959,0.9560578753464547,322,321583,99
distance_ema_20,20,-0.0004749966672074541,above,0.001000245401822183,0.7648456056988959,0.9560554993371955,322,321599,99
macd,80,1.2046207612670514,below,0.001000245401822183,0.7648456056988959,0.9560554993371955,322,321599,99
bollinger_z_20,60,0.4735608808204614,above,0.0010002920107111952,0.38242280284944796,0.9560549053555992,161,160792,260
rsi_7,60,54.84590146378604,above,0.0010002609376358988,0.38242280284944796,0.9560537174080294,161,160797,260
ema_9_20_diff,70,0.6304234509993876,below,0.0009975823715479533,0.6674584323024526,0.9535101192395309,281,281400,140
ema_20_50_diff,30,-0.9599973766107723,above,0.0009975823715479533,0.6674584323024526,0.9535101192395309,281,281400,140
distance_ema_100,30,-0.0006166293818535483,above,0.0009975823715479533,0.6674584323024526,0.9535101192395309,281,281400,140
return_60,30,-0.0010209447361515522,above,0.0009977311380881164,0.6674584323024526,0.953510119223981,281,281358,140
return_1,10,-0.00041850644989970264,above,0.0009940357852882677,0.855106888359014,0.9501178567044498,360,361800,61
macd,70,0.7097246268822346,below,0.0009940322563467149,0.6650831353903442,0.9501168447938384,280,281401,141
distance_ema_20,70,0.0003067913885159624,below,0.0009940322563467149,0.6650831353903442,0.9501168447938384,280,281401,141
distance_ema_50,70,0.0005172897482506963,below,0.0009940322563467149,0.6650831353903442,0.9501168447938384,280,281401,141
stochastic_k_14,40,41.228070175442326,above,0.000994060488580726,0.5700712589060093,0.9501131343584259,240,241194,181
stochastic_d_14,10,13.402404212472131,below,0.0009940604885807056,0.09501187648433489,0.9501084119898157,40,40199,381
distance_ema_100,90,0.0020942009987443746,above,0.0009940110832235534,0.09501187648433489,0.9500966070793737,40,40201,381
distance_ema_50,90,0.00144180926844171,above,0.0009940110832235534,0.09501187648433489,0.9500966070793737,40,40201,381
sma_100,90,4990.7745620000005,below,0.0009915182381356115,0.8527315914469057,0.9474807341212318,359,361712,62
return_3,90,0.0007350430914534021,below,0.000991280049039367,0.8527315914469057,0.9474791636808141,359,361799,62
ema_100,90,4991.334670316328,below,0.000991271837663357,0.8527315914469057,0.9474783788154998,359,361802,62
candle_body,10,-1.8300000000008367,above,0.0009912554153194493,0.8527315914469057,0.9474626819953231,359,361808,62
bollinger_bandwidth_20,70,0.002644551802109548,below,0.0009905313721522188,0.6627078384782359,0.9467259231446169,279,281388,142
distance_ema_9,70,0.00019070292193485347,below,0.0009904821411454766,0.6627078384782359,0.9467235703481461,279,281402,142
rsi_7,50,50.540098867281245,above,0.0009890803540808213,0.4726840855095661,0.9453672674343988,199,200998,222
rsi_14,50,50.47142799874218,above,0.0009890951022396245,0.4726840855095661,0.9453649180578206,199,200995,222
sma_50,90,4990.519416,below,0.0009886334765655178,0.8503562945347973,0.9448415116489723,358,361758,63
sma_20,90,4990.048540000001,below,0.000988559767826519,0.8503562945347973,0.9448415114260174,358,361785,63
bollinger_upper_20,90,4996.257921691088,below,0.000988559767826519,0.8503562945347973,0.9448415114260174,358,361785,63
ema_50,90,4990.958730951765,below,0.0009885106347729297,0.8503562945347973,0.9448391632756237,358,361803,63
return_10,20,-0.0007383188589779044,above,0.0009878445418482604,0.7553444180504624,0.9441790335147694,318,321595,103
distance_ema_9,80,0.00032298061352519734,below,0.0009878199931038951,0.7553444180504624,0.9441790335069199,318,321603,103
sma_200,90,4991.5356955,below,0.000986239609261257,0.8479809976226889,0.9422022906614024,357,361624,64
bollinger_lower_20,90,4982.807002924889,below,0.0009857984276929253,0.8479809976226889,0.9422022893270621,357,361786,64
sma_9,90,4989.899266666666,below,0.0009857712071969554,0.8479809976226889,0.9422020290786306,357,361796,64
ema_9,90,4989.881955496959,below,0.0009857494318825026,0.8479809976226889,0.9421999477357477,357,361804,64
ema_20,90,4990.366407990549,below,0.0009857494318825026,0.8479809976226889,0.9421999477357477,357,361804,64
ema_200,90,4991.21489897952,below,0.0009857494318825026,0.8479809976226889,0.9421999477357477,357,361804,64
return_60,70,0.0012036053539956626,above,0.000985890988624964,0.2826603325408963,0.9421947438735895,119,120584,302
distance_ema_9,50,8.464532827254319e-06,above,0.0009840905363293375,0.4703087885974577,0.9406143406301911,198,201003,223
distance_ema_20,50,1.908095540010613e-05,above,0.0009840905363293375,0.4703087885974577,0.9406143406301911,198,201003,223
atr_ratio,60,0.0005033983246479221,below,0.000981638798341565,0.5629453681696842,0.9382406062952603,237,241196,184
distance_ema_200,80,0.0018792011830583869,above,0.000981598141176166,0.1876484560565614,0.9382320571541861,79,80402,342
return_15,30,-0.0005109171473496321,above,0.0009798700607093372,0.6555819477419107,0.9365454094912739,276,281394,145
return_5,70,0.0003203454877455103,below,0.0009798457098023588,0.6555819477419107,0.9365454094525023,276,281401,145
return_30,70,0.0008183336495077853,below,0.0009799048498189272,0.6555819477419107,0.9365437470034383,276,281384,145
return_15,50,2.1319628359606213e-05,above,0.000979159314687882,0.4679334916853493,0.9358660888850026,197,200996,224
stochastic_k_14,50,52.45605905402987,above,0.000979154447945759,0.4679334916853493,0.9358660888805566,197,200997,224
bollinger_bandwidth_20,60,0.0021977089133768547,below,0.0009775130576691244,0.5605700712575759,0.9342833330931628,236,241193,185
macd_hist,40,-0.09565221784646993,above,0.0009774644737223547,0.5605700712575759,0.934281011246404,236,241205,185
return_3,70,0.00024565257381363713,below,0.0009762920781885665,0.6532066508298023,0.9331534541088818,275,281403,146
distance_ema_20,30,-0.00026486018634123396,above,0.0009762816803405236,0.6532066508298023,0.933150472565377,275,281406,146
return_10,30,-0.00042274132652342367,above,0.0009763059423304921,0.6532066508298023,0.9331504725628439,275,281399,146
distance_ema_9,20,-0.00030261771741588915,above,0.0009753945843856072,0.7458432304020289,0.9323025676766441,314,321607,107
stochastic_d_14,60,62.95826462006736,above,0.0009754279146345192,0.37292161520101447,0.9322996715291926,157,160798,264
return_60,60,0.0005868924476435389,above,0.0009755370113771168,0.37292161520101447,0.932299671240139,157,160780,264
return_60,50,6.257759342243041e-05,above,0.0009742954998483829,0.46555819477324095,0.931113185461967,196,200975,225
rsi_7,40,46.187916885855095,above,0.0009733428320548677,0.5581947743454675,0.9303252760203738,235,241201,186
return_1,60,6.415611892620631e-05,below,0.0009733267064280941,0.5581947743454675,0.9303237346897726,235,241205,186
distance_ema_20,40,-0.00011203262741631041,above,0.000973322675104887,0.5581947743454675,0.9303221934021394,235,241206,186
stochastic_k_14,60,63.40110905730166,above,0.0009692149979807961,0.37054631828890605,0.9263660613988359,156,160799,265
return_3,20,-0.00040903534532861214,above,0.0009691909119713686,0.7410926365778121,0.9263660613482293,312,321606,109
rsi_21,90,62.30178351621335,above,0.0009692330632734985,0.09263657957222651,0.926364910330826,39,40199,382
return_60,40,-0.00044423597292253536,above,0.0009693254075101968,0.5558194774333591,0.9263633754610291,234,241171,187
atr_ratio,90,0.0008980103793287306,above,0.0009692089763661879,0.09263657957222651,0.9263603059994463,39,40200,382
rsi_14,90,65.11743493415138,above,0.0009692089763661879,0.09263657957222651,0.9263580038447582,39,40200,382
stochastic_d_14,80,81.35174463206943,above,0.0009692089763661997,0.18527315914445303,0.9263557016900815,78,80400,343
return_30,10,-0.0022288414222951802,below,0.0009692330632734985,0.09263657957222651,0.9263441904237117,39,40199,382
candle_body_abs,90,2.7899999999999636,below,0.0009688585135336535,0.8337292161500387,0.9260552542966635,351,361931,70
distance_ema_9,30,-0.00017072076188990454,above,0.0009656313347368088,0.6460807600934773,0.9229706492283002,272,281409,149
return_15,40,-0.000223479501342716,above,0.000965075052188604,0.5534441805212508,0.9224045576895091,233,241199,188
candle_body,60,0.26999999999952706,below,0.0009643640577790615,0.5534441805212508,0.9217593593763994,233,241377,188
return_1,90,0.0004256339477794805,below,0.0009636624696266817,0.828978622325822,0.9210864777495916,349,361811,72
return_1,20,-0.00023687060238437583,above,0.0009598658051689831,0.733966745841487,0.917457555380234,309,321611,112
return_5,20,-0.0005265984408511226,above,0.0009598747503238383,0.733966745841487,0.9174569853926133,309,321608,112
candle_body,90,1.8699999999998909,below,0.0009575689339249814,0.8242280285016051,0.91526443771264,347,362029,74
return_3,80,0.00042267916543310414,below,0.0009567653874589151,0.7315914489293787,0.9144895733822263,308,321610,113
ema_20,80,4700.637700585066,below,0.0009536501191286031,0.7292161520172703,0.9115187524736615,307,321614,114
return_1,40,-6.088840597497923e-05,above,0.0009526176275679219,0.5463182897849256,0.9105296126750966,230,241210,191
atr_14,60,2.208483368886324,below,0.0009526452473356959,0.5463182897849256,0.9105288584299994,230,241203,191
distance_ema_9,40,-7.425736907829531e-05,above,0.000952613682017549,0.5463182897849256,0.9105281041808173,230,241211,191
return_5,40,-0.0001361060519899926,above,0.0009526255187667188,0.5463182897849256,0.9105281041728875,230,241208,191
macd_hist,30,-0.20515813436363128,above,0.0009514308739318558,0.6365795724450438,0.9093975514455311,268,281413,153
sma_100,80,4700.529390000001,below,0.0009507800435618802,0.7268408551051619,0.9085518944721789,306,321535,115
macd_hist,20,-0.35944489723352024,above,0.0009505437669490312,0.7268408551051619,0.9085496360160927,306,321615,115
ema_100,80,4700.295970890827,below,0.0009505437669490312,0.7268408551051619,0.9085496360160927,306,321615,115
candle_body,20,-1.019999999999527,above,0.0009503430241405733,0.7268408551051619,0.9083577618363875,306,321683,115
sma_200,80,4699.87806,below,0.0009479085408113446,0.7244655581930536,0.90558277126889,305,321456,116
sma_50,80,4700.777324000001,below,0.0009475551523699723,0.7244655581930536,0.9055827703166849,305,321576,116
bollinger_lower_20,80,4694.729087059557,below,0.0009474845062984392,0.7244655581930536,0.9055827701263003,305,321600,116
sma_20,80,4700.56999,below,0.0009474845062984392,0.7244655581930536,0.9055827701263003,305,321600,116
sma_9,80,4700.696777777778,below,0.0009474580167373865,0.7244655581930536,0.9055822074324609,305,321609,116
ema_50,80,4700.526265475745,below,0.0009474374147694592,0.7244655581930536,0.9055805195585238,305,321616,116
ema_9,80,4700.624012374764,below,0.0009474374147694592,0.7244655581930536,0.9055805195585238,305,321616,116
bollinger_upper_20,80,4706.844046083637,below,0.0009443779997204115,0.7220902612809452,0.9026136462898205,304,321601,117
return_1,30,-0.00013522146043980497,above,0.0009443339960238536,0.631828978620827,0.9026119638692267,266,281414,155
ema_200,80,4700.459578941301,below,0.0009443310625898871,0.7220902612809452,0.9026114031009548,304,321617,117
return_3,40,-0.00010454159364523536,above,0.0009443379072974915,0.5415676959607089,0.9026112161799238,228,241211,193
return_15,90,0.0016348774046052172,above,0.0009443574641516703,0.09026128266011815,0.9026029913903248,38,40201,383
candle_body,40,-0.25,above,0.0009359146909617935,0.5368171021364921,0.8945668588672638,226,241249,195
return_5,30,-0.00030170112573446595,above,0.0009301433911891958,0.6223277909723935,0.889039482886071,262,281415,159
return_1,70,0.00013938942674842633,below,0.0009301334848054498,0.6223277909723935,0.8890388516305917,262,281418,159
candle_body,70,0.5900000000001455,below,0.0009278047502186683,0.6223277909723935,0.8868152076898241,262,282125,159
return_1,80,0.0002422024329566509,below,0.0009225894632206731,0.7054631828961866,0.8818281357538172,297,321623,124
stochastic_d_14,70,72.79085950786649,above,0.0009195135690380652,0.2636579572440293,0.8788575614037346,111,120605,310
return_3,30,-0.00023279859958259542,above,0.0009159394769914551,0.61282660332396,0.8754676042185146,258,281420,163
candle_body,30,-0.5700000000001637,above,0.0009118907718073146,0.6104513064118516,0.8716042938992773,257,281575,164
bollinger_bandwidth_20,50,0.0018560642225530864,below,0.0009095834306703536,0.4346793349158321,0.8693578389217395,183,201008,238
atr_ratio,50,0.0004438039709989584,below,0.0009095698678887,0.4346793349158321,0.8693578389093496,183,201011,238
candle_body,80,1.0399999999999636,below,0.0009027398620141929,0.6912114014235363,0.8628576627068573,291,322061,130
bollinger_lower_20,70,4551.8271413900175,below,0.0008946734974278105,0.5985748218513098,0.8551072854209444,252,281415,169
stochastic_d_14,90,88.94788057618385,above,0.000894654439722635,0.0855106888359014,0.855097570790834,36,40203,385
ema_9_20_diff,90,1.8600940547353275,above,0.000894609974901198,0.0855106888359014,0.8550869463714362,36,40205,385
macd,90,2.076753377183195,above,0.000894609974901198,0.0855106888359014,0.8550869463714362,36,40205,385
sma_9,70,4557.853933333333,below,0.0008910978965119343,0.5961995249392015,0.8517130953628012,251,281424,170
ema_9,70,4557.820101601158,below,0.0008910789155108052,0.5961995249392015,0.8517118858687623,251,281430,170
ema_50,70,4558.083204948832,below,0.0008910789155108052,0.5961995249392015,0.8517118858687623,251,281430,170
sma_100,70,4558.1373379999995,below,0.0008877494131976347,0.5938242280270931,0.8483207200644004,250,281361,171
sma_50,70,4557.96054,below,0.0008876390930458772,0.5938242280270931,0.848320719813911,250,281396,171
ema_100,70,4557.941122669734,below,0.0008875288003095669,0.5938242280270931,0.8483186114230701,250,281431,171
sma_200,70,4558.1567085,below,0.0008844182552452365,0.5914489311149846,0.8449274376832289,249,281292,172
sma_20,70,4557.818329999999,below,0.0008840226224584318,0.5914489311149846,0.8449274367849807,249,281418,172
ema_20,70,4557.9498371653835,below,0.0008839786851083287,0.5914489311149846,0.8449253369773778,249,281432,172
bollinger_upper_20,70,4564.297596387893,below,0.0008804723308019723,0.5890736342028763,0.8415341539063262,248,281419,173
ema_200,70,4558.1684212525415,below,0.0008804285699070904,0.5890736342028763,0.8415320625316856,248,281433,173
candle_body_abs,80,1.8500000000003638,below,0.0008782710164357687,0.6722090261266693,0.8394698277464884,283,321941,138
atr_14,50,1.9355977811988252,below,0.0008648369235663049,0.41330166270685675,0.8266025353564308,174,201020,247
sma_200,60,4436.489269999999,below,0.0008494909270225101,0.4869358669822163,0.8115596755804821,205,241116,216
sma_100,60,4436.79462,below,0.0008451369411842654,0.48456057007010794,0.8076008475365232,204,241177,217
sma_9,60,4437.021288888889,below,0.0008449444159114596,0.48456057007010794,0.8075995092148948,204,241232,217
ema_100,60,4436.086024763651,below,0.0008449269179633914,0.48456057007010794,0.8075988402299424,204,241237,217
ema_200,60,4437.44491697511,below,0.0008449269179633914,0.48456057007010794,0.8075988402299424,204,241237,217
ema_20,60,4436.767934561164,below,0.0008449269179633914,0.48456057007010794,0.8075988402299424,204,241237,217
ema_9,60,4436.977526202463,below,0.0008449269179633914,0.48456057007010794,0.8075988402299424,204,241237,217
sma_50,60,4436.969047999999,below,0.000840889603207804,0.4821852731579996,0.8036420196743289,203,241208,218
bollinger_lower_20,60,4431.206712547884,below,0.000840826909774713,0.4821852731579996,0.8036420195674239,203,241226,218
sma_20,60,4436.8839800000005,below,0.000840826909774713,0.4821852731579996,0.8036420195674239,203,241226,218
ema_50,60,4436.765127170827,below,0.0008407851193459237,0.4821852731579996,0.8036400223856779,203,241238,218
bollinger_upper_20,60,4442.946602219185,below,0.0008325429008114153,0.4774346793337828,0.7957243642022276,201,241228,220
bollinger_bandwidth_20,40,0.0015753590280553648,below,0.0008325411766167712,0.3182897862225219,0.7957227162586975,134,160819,287
bollinger_upper_20,50,4336.22898167302,below,0.0008101754054604789,0.3871733966736647,0.7743460532472325,163,201028,258
candle_body_abs,70,1.3599999999996726,below,0.0008092854861037135,0.5415676959607089,0.7735320133576359,228,281502,193
sma_50,50,4331.734399999999,below,0.0008002942696941942,0.38242280284944796,0.7648448747342836,161,201015,260
sma_20,50,4331.7189,below,0.0008002346029394913,0.38242280284944796,0.7648448746797817,161,201030,260
ema_50,50,4331.813586063649,below,0.0008001948300455724,0.38242280284944796,0.7648429739467716,161,201040,260
sma_100,50,4331.9729050000005,below,0.0007954223444079284,0.38004750593733955,0.7600942855404922,160,200991,261
ema_9,50,4331.6547559563905,below,0.0007952246758216869,0.38004750593733955,0.7600923964688413,160,201041,261
ema_20,50,4331.682173920689,below,0.0007952246758216869,0.38004750593733955,0.7600923964688413,160,201041,261
sma_9,50,4331.607222222222,below,0.0007952404856931228,0.38004750593733955,0.7600923964457319,160,201037,261
sma_200,50,4332.24208,below,0.0007906474855918132,0.3776722090252312,0.7553436964352804,159,200942,262
bollinger_lower_20,50,4326.759494214308,below,0.0007902938004185039,0.3776722090252312,0.755343696112331,159,201032,262
ema_200,50,4332.3732455635845,below,0.0007902545215978013,0.3776722090252312,0.755341818990911,159,201042,262
ema_100,50,4331.840144125647,below,0.0007902545215978013,0.3776722090252312,0.755341818990911,159,201042,262
atr_ratio,40,0.0003939480776036207,below,0.0007890404150228276,0.3016627078377633,0.7541569858823857,127,160828,294
bollinger_bandwidth_20,30,0.0013262838357989877,below,0.0007455577185933749,0.2137767220897535,0.7125860313331281,90,120625,331
bollinger_upper_20,40,4199.71399516969,below,0.0007393462687865357,0.2826603325408963,0.70664927787153,119,160834,302
candle_body_abs,60,1.0299999999997453,below,0.0007317224415552173,0.4204275534431819,0.6993956312749634,177,241718,244
atr_14,40,1.7012523120161749,below,0.0007269112484855971,0.27790973871667957,0.694774546049127,117,160838,304
sma_9,40,4195.406555555554,below,0.0007269022161198288,0.27790973871667957,0.6947745460301483,117,160840,304
sma_100,40,4195.496252,below,0.0007270648330547243,0.27790973871667957,0.694772819380254,117,160804,304
ema_9,40,4195.380809264288,below,0.0007268841520616751,0.27790973871667957,0.694771092867429,117,160844,304
ema_100,40,4195.562673537479,below,0.0007268841520616751,0.27790973871667957,0.694771092867429,117,160844,304
sma_20,40,4195.4428,below,0.0007207072872204885,0.2755344418045712,0.6888345901940963,116,160837,305
bollinger_lower_20,40,4190.7862034077425,below,0.0007207072872204885,0.2755344418045712,0.6888345901940963,116,160837,305
sma_50,40,4195.508032,below,0.0007207610242262649,0.2755344418045712,0.6888345901793613,116,160825,305
sma_200,40,4195.734834999999,below,0.000721029829501304,0.2755344418045712,0.6888345901055432,116,160765,305
ema_50,40,4195.411123748524,below,0.0007206714670013189,0.2755344418045712,0.6888328783984765,116,160845,305
ema_20,40,4195.3357862261155,below,0.0007206714670013189,0.2755344418045712,0.6888328783984765,116,160845,305
ema_200,40,4195.5144276410565,below,0.0007144587819409627,0.2731591448924628,0.6828946639295241,115,160846,306
candle_body_abs,50,0.7799999999997453,below,0.0007047531130731667,0.33729216151938884,0.6736177823973541,142,201347,279
atr_ratio,30,0.0003466737867232204,below,0.000687558504601666,0.1971496437049949,0.6571615845979086,83,120634,338
bollinger_bandwidth_20,20,0.0010882306311405664,below,0.0006337214359382105,0.12114014251752699,0.6056956178495843,51,80426,370
atr_14,30,1.4791710513363623,below,0.0006295716427677905,0.1805225653202363,0.6017383184270005,76,120641,345
sma_200,30,4078.711184,below,0.0006215761513662192,0.17814726840812792,0.5938216921508881,75,120586,346
sma_50,30,4079.469386,below,0.0006130598313256953,0.17577197149601956,0.5859040701042323,74,120632,347
ema_50,30,4079.1729010011863,below,0.0006129836565303417,0.17577197149601956,0.5859026142604944,74,120647,347
ema_100,30,4078.9239531511994,below,0.0006129836565303417,0.17577197149601956,0.5859026142604944,74,120647,347
candle_body_abs,40,0.5799999999999272,below,0.0006116812584569531,0.23515439429872886,0.5846577549108578,99,161750,322
sma_9,30,4079.369,below,0.0006047151211915323,0.17339667458391117,0.5779878840459517,73,120645,348
sma_100,30,4079.139769,below,0.0006048504030955034,0.17339667458391117,0.5779864473658515,73,120618,348
ema_200,30,4078.6975776780155,below,0.0006047000936042561,0.17339667458391117,0.5779850113650824,73,120648,348
ema_9,30,4079.3140936624627,below,0.0006047000936042561,0.17339667458391117,0.5779850113650824,73,120648,348
sma_20,30,4079.45665,below,0.0005964461748746999,0.1710213776718028,0.5700688250665026,72,120643,349
bollinger_upper_20,30,4084.625693922474,below,0.0005964461748746999,0.1710213776718028,0.5700688250665026,72,120643,349
ema_20,30,4079.267760637827,below,0.0005964165306781704,0.1710213776718028,0.5700674084696703,72,120649,349
bollinger_lower_20,30,4074.287234218157,below,0.0005881622002236624,0.16864608075969442,0.5621512024961345,71,120644,350
candle_body_abs,10,0.12100000000009459,below,0.0005714995651633602,0.054631828978492565,0.5462512510908589,23,40222,398
candle_body_abs,30,0.4099999999998545,below,0.0005588153115395315,0.16152019002336931,0.5341273758798785,68,121618,353
candle_body_abs,20,0.2600000000002183,below,0.0005025433596862107,0.09738717339644326,0.48034146601236244,41,81544,380
bollinger_bandwidth_20,10,0.0008267511065320046,below,0.0004970302442903528,0.04750593824216744,0.47504948362631694,20,40219,401
atr_ratio,20,0.00029935173909202375,below,0.00044732721986132296,0.0855106888359014,0.4275509104612881,36,80442,385
sma_50,20,4000.6840479999996,below,0.00036037827291818963,0.0688836104511428,0.34441515508088594,29,80442,392
ema_50,20,4000.582900398933,below,0.0003603334948621369,0.0688836104511428,0.34441429946166324,29,80452,392
sma_9,20,4000.9665555555557,below,0.0003479168478733539,0.06650831353903443,0.33253959704203434,28,80451,393
sma_20,20,4000.83892,below,0.00034792549424058613,0.06650831353903443,0.33253877058408543,28,80449,393
bollinger_lower_20,20,3995.7055357621516,below,0.00034792549424058613,0.06650831353903443,0.33253877058408543,28,80449,393
sma_100,20,4000.9195000000004,below,0.0003479946806527343,0.06650831353903443,0.3325387701542613,28,80433,393
sma_200,20,4000.738263,below,0.0003480812023719204,0.06650831353903443,0.3325387696167053,28,80413,393
ema_9,20,4000.8708282548,below,0.0003479082019358563,0.06650831353903443,0.3325379443078128,28,80453,393
ema_20,20,4000.6711725227988,below,0.0003479082019358563,0.06650831353903443,0.3325379443078128,28,80453,393
ema_100,20,4000.8624997559223,below,0.0003479082019358563,0.06650831353903443,0.3325379443078128,28,80453,393
ema_200,20,4001.368763358282,below,0.0003479082019358563,0.06650831353903443,0.3325379443078128,28,80453,393
bollinger_upper_20,20,4006.1877458323497,below,0.0003354995837319938,0.06413301662692605,0.3206623859203681,27,80450,394
atr_14,20,1.2485354300630107,below,0.00032306965878873325,0.06175771971481768,0.30878676866648586,26,80452,395
atr_ratio,10,0.00024247503605064554,below,0.0001988120977161411,0.019002375296866977,0.19002262687168125,8,40231,413
atr_14,10,0.9525988679018884,below,0.0001242575610725882,0.01187648456054186,0.1187641417948008,5,40234,416
sma_50,10,3642.193692,below,0.0,0.0,0.0,0,40236,421
ema_9,10,3641.8456387033543,below,0.0,0.0,0.0,0,40241,421
ema_50,10,3642.1156856149823,below,0.0,0.0,0.0,0,40241,421
ema_100,10,3642.383240292212,below,0.0,0.0,0.0,0,40241,421
ema_20,10,3641.9046292468947,below,0.0,0.0,0.0,0,40241,421
sma_100,10,3642.369861,below,0.0,0.0,0.0,0,40231,421
sma_200,10,3642.4902775000005,below,0.0,0.0,0.0,0,40221,421
bollinger_lower_20,10,3639.7101265433625,below,0.0,0.0,0.0,0,40239,421
bollinger_upper_20,10,3644.2244745129933,below,0.0,0.0,0.0,0,40239,421
ema_200,10,3642.32426484258,below,0.0,0.0,0.0,0,40241,421
sma_20,10,3641.8920399999997,below,0.0,0.0,0.0,0,40239,421
sma_9,10,3641.8552,below,0.0,0.0,0.0,0,40240,421
